#
# A fatal error has been detected by the Java Runtime Environment:
#
#  SIGBUS (0x7) at pc=0x00007f5a162394be, pid=4349, tid=4371
#
# JRE version: OpenJDK Runtime Environment GraalVM CE 22.3.1 (19.0.2+7) (build 19.0.2+7-jvmci-22.3-b12)
# Java VM: OpenJDK 64-Bit Server VM GraalVM CE 22.3.1 (19.0.2+7-jvmci-22.3-b12, mixed mode, sharing, tiered, jvmci, jvmci compiler, compressed oops, compressed class ptrs, g1 gc, linux-amd64)
# Problematic frame:
# V  [libjvm.so+0xcbe4be]  PerfLongVariant::sample()+0x1e
#
# No core dump will be written. Core dumps have been disabled. To enable core dumping, try "ulimit -c unlimited" before starting Java again
#
# If you would like to submit a bug report, please visit:
#   https://github.com/oracle/graal/issues
#

---------------  S U M M A R Y ------------

Command Line: -XX:ThreadPriorityPolicy=1 -XX:+UnlockExperimentalVMOptions -XX:+EnableJVMCIProduct -XX:JVMCIThreadsPerNativeLibraryRuntime=1 -XX:-UnlockExperimentalVMOptions --add-opens=java.base/java.lang=ALL-UNNAMED --add-opens=java.base/java.lang.invoke=ALL-UNNAMED --add-opens=java.base/java.util=ALL-UNNAMED --add-opens=java.prefs/java.util.prefs=ALL-UNNAMED --add-exports=jdk.compiler/com.sun.tools.javac.api=ALL-UNNAMED --add-exports=jdk.compiler/com.sun.tools.javac.util=ALL-UNNAMED --add-opens=java.base/java.util=ALL-UNNAMED --add-opens=java.prefs/java.util.prefs=ALL-UNNAMED --add-opens=java.base/java.nio.charset=ALL-UNNAMED --add-opens=java.base/java.net=ALL-UNNAMED --add-opens=java.base/java.util.concurrent.atomic=ALL-UNNAMED --add-opens=java.xml/javax.xml.namespace=ALL-UNNAMED -XX:MaxMetaspaceSize=512m -Xmx2048m -Dfile.encoding=UTF-8 -Duser.country=US -Duser.language=en -Duser.variant -javaagent:/home/runner/.gradle/wrapper/dists/gradle-8.14.3-bin/cv11ve7ro1n3o1j4so8xd9n66/gradle-8.14.3/lib/agents/gradle-instrumentation-agent-8.14.3.jar org.gradle.launcher.daemon.bootstrap.GradleDaemon 8.14.3

Host: Intel(R) Xeon(R) Platinum 8481C CPU @ 2.70GHz, 4 cores, 7G, Ubuntu 24.04.4 LTS
Time: Wed Sep  2 06:58:35 2026 UTC elapsed time: 56.414829 seconds (0d 0h 0m 56s)

---------------  T H R E A D  ---------------

Current thread (0x00007f5a1002b3c0):  WatcherThread "VM Periodic Task Thread" [stack: 0x00007f59d4b00000,0x00007f59d4c00000] [id=4371]

Stack: [0x00007f59d4b00000,0x00007f59d4c00000],  sp=0x00007f59d4bfc7c0,  free space=1009k
Native frames: (J=compiled Java code, j=interpreted, Vv=VM code, C=native code)
V  [libjvm.so+0xcbe4be]  PerfLongVariant::sample()+0x1e
V  [libjvm.so+0xd6c7c2]  StatSamplerTask::task()+0x32
V  [libjvm.so+0xdeca1d]  PeriodicTask::real_time_tick(int)+0x5d
V  [libjvm.so+0xc4b547]  WatcherThread::run()+0x37
V  [libjvm.so+0xe2b920]  Thread::call_run()+0xc0
V  [libjvm.so+0xc78988]  thread_native_entry(Thread*)+0xd8


siginfo: si_signo: 7 (SIGBUS), si_code: 2 (BUS_ADRERR), si_addr: 0x00007f5a15331728

Registers:
RAX=0x0000000d21794f70, RBX=0x00007f5a15331728, RCX=0x000000000012cf3a, RDX=0x0000000000001197
RSP=0x00007f59d4bfc7c0, RBP=0x00007f59d4bfc7d0, RSI=0x00007f59d4bfc7a0, RDI=0x0000000000000001
R8 =0x00007f5a16afe010, R9 =0x0000000000000000, R10=0x00007f5a16afe000, R11=0x000000000012cf3a
R12=0x00007f5a1002b2c0, R13=0x0000000000000001, R14=0x0000000000000002, R15=0x00007f5a1689c0a0
RIP=0x00007f5a162394be, EFLAGS=0x0000000000010202, CSGSFS=0x002b000000000033, ERR=0x0000000000000007
  TRAPNO=0x000000000000000e


Register to memory mapping:

RAX=0x0000000d21794f70 is an unknown value
RBX=0x00007f5a15331728 points into unknown readable memory: 0x0000000d1dffe228 | 28 e2 ff 1d 0d 00 00 00
RCX=0x000000000012cf3a is an unknown value
RDX=0x0000000000001197 is an unknown value
RSP=0x00007f59d4bfc7c0 points into unknown readable memory: 0x00007f5a100263d0 | d0 63 02 10 5a 7f 00 00
RBP=0x00007f59d4bfc7d0 points into unknown readable memory: 0x00007f59d4bfc7f0 | f0 c7 bf d4 59 7f 00 00
RSI=0x00007f59d4bfc7a0 points into unknown readable memory: 0x0000000000001197 | 97 11 00 00 00 00 00 00
RDI=0x0000000000000001 is an unknown value
R8 =0x00007f5a16afe010 points into unknown readable memory: 0x000001cd42e4dffb | fb df e4 42 cd 01 00 00
R9 =0x0 is NULL
R10=0x00007f5a16afe000 points into unknown readable memory: 0x000000020012cf44 | 44 cf 12 00 02 00 00 00
R11=0x000000000012cf3a is an unknown value
R12=0x00007f5a1002b2c0 points into unknown readable memory: 0x00007f5a1002b2e0 | e0 b2 02 10 5a 7f 00 00
R13=0x0000000000000001 is an unknown value
R14=0x0000000000000002 is an unknown value
R15=0x00007f5a1689c0a0: <offset 0x00000000013210a0> in /nix/store/c8hr2f0b0dm685yx1dkp6bw24bpx495n-graalvm19-ce-22.3.1/lib/server/libjvm.so at 0x00007f5a1557b000


Top of Stack: (sp=0x00007f59d4bfc7c0)
0x00007f59d4bfc7c0:   00007f5a100263d0 0000000000000001
0x00007f59d4bfc7d0:   00007f59d4bfc7f0 00007f5a162e77c2
0x00007f59d4bfc7e0:   0000000000000032 0000000000000032
0x00007f59d4bfc7f0:   00007f59d4bfc840 00007f5a16367a1d 

Instructions: (pc=0x00007f5a162394be)
0x00007f5a162393be:   44 24 08 49 8b 54 24 18 48 89 50 18 49 8b 44 24
0x00007f5a162393ce:   08 49 8b 54 24 20 48 89 50 20 e8 23 00 a5 ff c7
0x00007f5a162393de:   83 74 03 00 00 04 00 00 00 5b 41 5c 41 5d 41 5e
0x00007f5a162393ee:   5d c3 48 89 df e8 08 60 16 00 e9 ef fe ff ff 0f
0x00007f5a162393fe:   1f 00 48 89 df e8 18 72 16 00 e9 7a ff ff ff 0f
0x00007f5a1623940e:   1f 00 31 d2 be 01 00 00 00 48 89 df e8 21 9d 06
0x00007f5a1623941e:   00 e9 59 ff ff ff 0f 1f 40 00 48 8d 05 81 5b 5f
0x00007f5a1623942e:   00 48 8d 0d a3 6e 2a 00 48 8d 15 b2 6e 2a 00 be
0x00007f5a1623943e:   35 01 00 00 48 8d 3d a7 a8 2f 00 48 8b 00 c6 00
0x00007f5a1623944e:   58 31 c0 e8 fa 4c 97 ff e8 75 53 fb ff e9 ff fe
0x00007f5a1623945e:   ff ff 48 89 df e8 b8 71 16 00 e9 ab fe ff ff 0f
0x00007f5a1623946e:   1f 00 31 d2 be 01 00 00 00 48 89 df e8 c1 9c 06
0x00007f5a1623947e:   00 e9 86 fe ff ff 66 66 66 2e 0f 1f 84 00 00 00
0x00007f5a1623948e:   00 00 66 66 66 66 66 66 2e 0f 1f 84 00 00 00 00
0x00007f5a1623949e:   00 00 4c 8b 47 38 4d 85 c0 74 27 55 48 89 e5 53
0x00007f5a162394ae:   48 83 ec 08 49 8b 00 48 8b 5f 28 4c 89 c7 ff 10
0x00007f5a162394be:   48 89 03 48 8b 5d f8 c9 c3 66 0f 1f 84 00 00 00
0x00007f5a162394ce:   00 00 c3 90 66 66 2e 0f 1f 84 00 00 00 00 00 0f
0x00007f5a162394de:   1f 00 49 89 f8 48 89 f7 48 63 f2 49 8b 40 28 48
0x00007f5a162394ee:   8d 15 9b 99 28 00 48 8b 08 31 c0 e9 22 3d 5c ff
0x00007f5a162394fe:   66 90 49 89 f8 31 c0 48 89 f7 48 63 f2 49 8b 48
0x00007f5a1623950e:   28 48 8d 15 1d f5 27 00 e9 05 3d 5c ff 90 0f 1f
0x00007f5a1623951e:   40 00 55 48 8d 05 d0 c6 5e 00 66 41 0f 6e c0 66
0x00007f5a1623952e:   0f 6e c9 66 0f 62 c1 48 89 e5 41 57 49 89 d7 41
0x00007f5a1623953e:   56 41 55 4c 63 ee 41 54 53 48 89 fb 48 83 ec 18
0x00007f5a1623954e:   48 89 07 48 8d 05 68 a1 60 00 48 c7 47 08 00 00
0x00007f5a1623955e:   00 00 4e 8b 34 e8 c6 47 18 00 48 c7 47 28 00 00
0x00007f5a1623956e:   00 00 66 0f d6 47 10 48 89 d7 e8 c3 3c 5c ff 4c
0x00007f5a1623957e:   89 f7 48 89 45 c8 e8 b7 3c 5c ff 48 8b 55 c8 be
0x00007f5a1623958e:   09 00 00 00 48 8d 7c 02 02 31 d2 e8 42 f0 71 ff
0x00007f5a1623959e:   48 89 43 08 48 89 c7 41 83 fd 18 74 55 4c 89 f2
0x00007f5a162395ae:   4c 89 f9 48 8d 35 f1 cb 28 00 31 c0 e8 81 3e 5c 


Stack slot to memory mapping:
stack at sp + 0 slots: 0x00007f5a100263d0 points into unknown readable memory: 0x00007f5a1002b3c0 | c0 b3 02 10 5a 7f 00 00
stack at sp + 1 slots: 0x0000000000000001 is an unknown value
stack at sp + 2 slots: 0x00007f59d4bfc7f0 points into unknown readable memory: 0x00007f59d4bfc840 | 40 c8 bf d4 59 7f 00 00
stack at sp + 3 slots: 0x00007f5a162e77c2: <offset 0x0000000000d6c7c2> in /nix/store/c8hr2f0b0dm685yx1dkp6bw24bpx495n-graalvm19-ce-22.3.1/lib/server/libjvm.so at 0x00007f5a1557b000
stack at sp + 4 slots: 0x0000000000000032 is an unknown value
stack at sp + 5 slots: 0x0000000000000032 is an unknown value
stack at sp + 6 slots: 0x00007f59d4bfc840 points into unknown readable memory: 0x00007f59d4bfc8c0 | c0 c8 bf d4 59 7f 00 00
stack at sp + 7 slots: 0x00007f5a16367a1d: <offset 0x0000000000deca1d> in /nix/store/c8hr2f0b0dm685yx1dkp6bw24bpx495n-graalvm19-ce-22.3.1/lib/server/libjvm.so at 0x00007f5a1557b000


---------------  P R O C E S S  ---------------

Threads class SMR info:
_java_thread_list=0x00007f59c0599c90, length=102, elements={
0x00007f5a100290f0, 0x00007f5a1014e9e0, 0x00007f5a1014fda0, 0x00007f5a101513d0,
0x00007f5a10152850, 0x00007f5a10153cc0, 0x00007f5a10155730, 0x00007f5a10156cc0,
0x00007f5a10160180, 0x00007f5a10170850, 0x00007f5a10242040, 0x00007f5a11366de0,
0x00007f5a113e8f20, 0x00007f5a11455c60, 0x00007f5988016c90, 0x00007f5980003d70,
0x00007f5980006a90, 0x00007f5980009120, 0x00007f596c00b680, 0x00007f596c00d7a0,
0x00007f596c00f730, 0x00007f596c1c4d90, 0x00007f596c1caed0, 0x00007f596c1e35a0,
0x00007f596c507f90, 0x00007f596c50f580, 0x00007f596c93d4b0, 0x00007f596c979370,
0x00007f596c98d710, 0x00007f596ca9df10, 0x00007f59840176b0, 0x00007f59840191f0,
0x00007f598401a8e0, 0x00007f596cbf2c50, 0x00007f596cc1ba10, 0x00007f596ccdaf10,
0x00007f596cf50380, 0x00007f596cf511d0, 0x00007f596cf67930, 0x00007f596cf68a30,
0x00007f596cf8fce0, 0x00007f596cf90a70, 0x00007f596d15d990, 0x00007f596d3e3340,
0x00007f596d3e3d00, 0x00007f596d3e5090, 0x00007f596d3e6320, 0x00007f596d3e7310,
0x00007f596d3e8550, 0x00007f596d3e96b0, 0x00007f596d3ea330, 0x00007f596d3ec040,
0x00007f596d620280, 0x00007f596d682700, 0x00007f596d86c030, 0x00007f596d86cf10,
0x00007f596d8951d0, 0x00007f596d9a9420, 0x00007f596da5fd50, 0x00007f596da60db0,
0x00007f596da61d40, 0x00007f596da5ad00, 0x00007f596da5bb50, 0x00007f596da5c9c0,
0x00007f596da5de60, 0x00007f596da672b0, 0x00007f596da682b0, 0x00007f596db6fdb0,
0x00007f59a4006310, 0x00007f59a40075a0, 0x00007f59a400c2c0, 0x00007f59b82bbc50,
0x00007f59b82bce70, 0x00007f596db8d8e0, 0x00007f596db8e9f0, 0x00007f59bc0109d0,
0x00007f59bc012070, 0x00007f59bc013f90, 0x00007f59cc00fad0, 0x00007f59d007be10,
0x00007f59d008c190, 0x00007f59d008d440, 0x00007f59d008e750, 0x00007f59cc020ee0,
0x00007f59cc01d240, 0x00007f59cc01e480, 0x00007f59d008ff40, 0x00007f59d0090a20,
0x00007f59d0091ec0, 0x00007f59cc024800, 0x00007f59cc021e00, 0x00007f59cc027100,
0x00007f59d0089000, 0x00007f596d8163f0, 0x00007f596dccb760, 0x00007f596dcd0380,
0x00007f596dcf1eb0, 0x00007f596dcdcaf0, 0x00007f59cc028190, 0x00007f596cbbfad0,
0x00007f596e1c7e50, 0x00007f596e7393e0
}

Java Threads: ( => current thread )
  0x00007f5a100290f0 JavaThread "main" [_thread_blocked, id=4352, stack(0x00007f5a15396000,0x00007f5a15496000)]
  0x00007f5a1014e9e0 JavaThread "Reference Handler" daemon [_thread_blocked, id=4360, stack(0x00007f59f0128000,0x00007f59f0228000)]
  0x00007f5a1014fda0 JavaThread "Finalizer" daemon [_thread_blocked, id=4361, stack(0x00007f59f0028000,0x00007f59f0128000)]
  0x00007f5a101513d0 JavaThread "Signal Dispatcher" daemon [_thread_blocked, id=4362, stack(0x00007f59d7c15000,0x00007f59d7d15000)]
  0x00007f5a10152850 JavaThread "Service Thread" daemon [_thread_blocked, id=4363, stack(0x00007f59d7b15000,0x00007f59d7c15000)]
  0x00007f5a10153cc0 JavaThread "Monitor Deflation Thread" daemon [_thread_blocked, id=4364, stack(0x00007f59d7a15000,0x00007f59d7b15000)]
  0x00007f5a10155730 JavaThread "JVMCI-native CompilerThread0" daemon [_thread_blocked, id=4365, stack(0x00007f59d7800000,0x00007f59d7a00000)]
  0x00007f5a10156cc0 JavaThread "C1 CompilerThread0" daemon [_thread_blocked, id=4366, stack(0x00007f59d7600000,0x00007f59d7800000)]
  0x00007f5a10160180 JavaThread "Sweeper thread" daemon [_thread_blocked, id=4367, stack(0x00007f59d7500000,0x00007f59d7600000)]
  0x00007f5a10170850 JavaThread "Common-Cleaner" daemon [_thread_blocked, id=4369, stack(0x00007f59d7400000,0x00007f59d7500000)]
  0x00007f5a10242040 JavaThread "Notification Thread" daemon [_thread_blocked, id=4370, stack(0x00007f59d4d00000,0x00007f59d4e00000)]
  0x00007f5a11366de0 JavaThread "Daemon health stats" [_thread_blocked, id=4374, stack(0x00007f59d4700000,0x00007f59d4800000)]
  0x00007f5a113e8f20 JavaThread "Incoming local TCP Connector on port 44685" [_thread_in_native, id=4376, stack(0x00007f59d4500000,0x00007f59d4600000)]
  0x00007f5a11455c60 JavaThread "Daemon periodic checks" [_thread_blocked, id=4377, stack(0x00007f59d4300000,0x00007f59d4400000)]
  0x00007f5988016c90 JavaThread "Daemon" [_thread_blocked, id=4378, stack(0x00007f59aad00000,0x00007f59aae00000)]
  0x00007f5980003d70 JavaThread "Handler for socket connection from /127.0.0.1:44685 to /127.0.0.1:58046" [_thread_in_native, id=4379, stack(0x00007f59aab00000,0x00007f59aac00000)]
  0x00007f5980006a90 JavaThread "Cancel handler" [_thread_blocked, id=4380, stack(0x00007f59aa900000,0x00007f59aaa00000)]
  0x00007f5980009120 JavaThread "Daemon worker" [_thread_in_native, id=4381, stack(0x00007f59aa700000,0x00007f59aa800000)]
  0x00007f596c00b680 JavaThread "Asynchronous log dispatcher for DefaultDaemonConnection: socket connection from /127.0.0.1:44685 to /127.0.0.1:58046" [_thread_blocked, id=4382, stack(0x00007f59aa500000,0x00007f59aa600000)]
  0x00007f596c00d7a0 JavaThread "Stdin handler" [_thread_blocked, id=4383, stack(0x00007f59aa300000,0x00007f59aa400000)]
  0x00007f596c00f730 JavaThread "Daemon client event forwarder" [_thread_blocked, id=4384, stack(0x00007f59aa100000,0x00007f59aa200000)]
  0x00007f596c1c4d90 JavaThread "Cache worker for journal cache (/home/runner/.gradle/caches/journal-1)" [_thread_blocked, id=4385, stack(0x00007f59a9f00000,0x00007f59aa000000)]
  0x00007f596c1caed0 JavaThread "File lock request listener" [_thread_in_native, id=4386, stack(0x00007f59a9d00000,0x00007f59a9e00000)]
  0x00007f596c1e35a0 JavaThread "Cache worker for file hash cache (/home/runner/.gradle/caches/8.14.3/fileHashes)" [_thread_blocked, id=4387, stack(0x00007f59a9b00000,0x00007f59a9c00000)]
  0x00007f596c507f90 JavaThread "Cache worker for file hash cache (/home/runner/workspace/artifacts/elan-mobile/android/.gradle/8.14.3/fileHashes)" [_thread_blocked, id=4388, stack(0x00007f59a9c00000,0x00007f59a9d00000)]
  0x00007f596c50f580 JavaThread "Cache worker for Build Output Cleanup Cache (/home/runner/workspace/artifacts/elan-mobile/android/.gradle/buildOutputCleanup)" [_thread_blocked, id=4389, stack(0x00007f59a9a00000,0x00007f59a9b00000)]
  0x00007f596c93d4b0 JavaThread "jar transforms" [_thread_blocked, id=4390, stack(0x00007f59a9900000,0x00007f59a9a00000)]
  0x00007f596c979370 JavaThread "Cache worker for checksums cache (/home/runner/workspace/artifacts/elan-mobile/android/.gradle/8.14.3/checksums)" [_thread_blocked, id=4391, stack(0x00007f59a9800000,0x00007f59a9900000)]
  0x00007f596c98d710 JavaThread "Cache worker for file content cache (/home/runner/.gradle/caches/8.14.3/fileContent)" [_thread_blocked, id=4392, stack(0x00007f59a9700000,0x00007f59a9800000)]
  0x00007f596ca9df10 JavaThread "Exec process" [_thread_blocked, id=4393, stack(0x00007f59a9500000,0x00007f59a9600000)]
  0x00007f59840176b0 JavaThread "process reaper" daemon [_thread_blocked, id=4395, stack(0x00007f5a05c1a000,0x00007f5a05c3c000)]
  0x00007f59840191f0 JavaThread "Exec process Thread 2" [_thread_blocked, id=4396, stack(0x00007f59a9300000,0x00007f59a9400000)]
  0x00007f598401a8e0 JavaThread "Exec process Thread 3" [_thread_blocked, id=4397, stack(0x00007f59a9100000,0x00007f59a9200000)]
  0x00007f596cbf2c50 JavaThread "Cache worker for cache directory md-supplier (/home/runner/.gradle/caches/8.14.3/md-supplier)" [_thread_blocked, id=4411, stack(0x00007f59a8f00000,0x00007f59a9000000)]
  0x00007f596cc1ba10 JavaThread "Cache worker for cache directory md-rule (/home/runner/.gradle/caches/8.14.3/md-rule)" [_thread_blocked, id=4412, stack(0x00007f59a8d00000,0x00007f59a8e00000)]
  0x00007f596ccdaf10 JavaThread "Cache worker for Build Output Cleanup Cache (/home/runner/workspace/node_modules/.pnpm/@react-native+gradle-plugin@0.81.5/node_modules/@react-native/gradle-plugin/.gradle/buildOutputCleanup)" [_thread_blocked, id=4413, stack(0x00007f59a8c00000,0x00007f59a8d00000)]
  0x00007f596cf50380 JavaThread "Unconstrained build operations" [_thread_blocked, id=4414, stack(0x00007f59a8b00000,0x00007f59a8c00000)]
  0x00007f596cf511d0 JavaThread "Unconstrained build operations Thread 2" [_thread_blocked, id=4415, stack(0x00007f59a8900000,0x00007f59a8a00000)]
  0x00007f596cf67930 JavaThread "Unconstrained build operations Thread 3" [_thread_in_vm, id=4416, stack(0x00007f59a9000000,0x00007f59a9100000)]
  0x00007f596cf68a30 JavaThread "Unconstrained build operations Thread 4" [_thread_blocked, id=4417, stack(0x00007f59a8800000,0x00007f59a8900000)]
  0x00007f596cf8fce0 JavaThread "Unconstrained build operations Thread 5" [_thread_blocked, id=4418, stack(0x00007f59a8700000,0x00007f59a8800000)]
  0x00007f596cf90a70 JavaThread "Unconstrained build operations Thread 6" [_thread_blocked, id=4419, stack(0x00007f59a8500000,0x00007f59a8600000)]
  0x00007f596d15d990 JavaThread "Cache worker for Build Output Cleanup Cache (/home/runner/workspace/node_modules/.pnpm/expo-modules-autolinking@3.0.27/node_modules/expo-modules-autolinking/android/expo-gradle-plugin/.gradle/buildOutputCleanup)" [_thread_blocked, id=4420, stack(0x00007f59a8e00000,0x00007f59a8f00000)]
  0x00007f596d3e3340 JavaThread "Unconstrained build operations Thread 7" [_thread_blocked, id=4421, stack(0x00007f59aac00000,0x00007f59aad00000)]
  0x00007f596d3e3d00 JavaThread "Unconstrained build operations Thread 8" [_thread_blocked, id=4422, stack(0x00007f59aa600000,0x00007f59aa700000)]
  0x00007f596d3e5090 JavaThread "Unconstrained build operations Thread 9" [_thread_blocked, id=4423, stack(0x00007f59aa000000,0x00007f59aa100000)]
  0x00007f596d3e6320 JavaThread "Unconstrained build operations Thread 10" [_thread_blocked, id=4424, stack(0x00007f59a8400000,0x00007f59a8500000)]
  0x00007f596d3e7310 JavaThread "Unconstrained build operations Thread 11" [_thread_blocked, id=4425, stack(0x00007f59a8300000,0x00007f59a8400000)]
  0x00007f596d3e8550 JavaThread "Unconstrained build operations Thread 12" [_thread_blocked, id=4426, stack(0x00007f59a8200000,0x00007f59a8300000)]
  0x00007f596d3e96b0 JavaThread "Unconstrained build operations Thread 13" [_thread_blocked, id=4427, stack(0x00007f59aa200000,0x00007f59aa300000)]
  0x00007f596d3ea330 JavaThread "Unconstrained build operations Thread 14" [_thread_blocked, id=4428, stack(0x00007f5997f00000,0x00007f5998000000)]
  0x00007f596d3ec040 JavaThread "Unconstrained build operations Thread 15" [_thread_blocked, id=4429, stack(0x00007f5997b00000,0x00007f5997c00000)]
  0x00007f596d620280 JavaThread "build event listener" [_thread_blocked, id=4430, stack(0x00007f5997a00000,0x00007f5997b00000)]
  0x00007f596d682700 JavaThread "Memory manager" [_thread_blocked, id=4431, stack(0x00007f59a9e00000,0x00007f59a9f00000)]
  0x00007f596d86c030 JavaThread "Unconstrained build operations Thread 16" [_thread_blocked, id=4432, stack(0x00007f59d4c00000,0x00007f59d4d00000)]
  0x00007f596d86cf10 JavaThread "Unconstrained build operations Thread 17" [_thread_blocked, id=4433, stack(0x00007f59a9600000,0x00007f59a9700000)]
  0x00007f596d8951d0 JavaThread "Unconstrained build operations Thread 18" [_thread_blocked, id=4434, stack(0x00007f5997900000,0x00007f5997a00000)]
  0x00007f596d9a9420 JavaThread "build event listener" [_thread_blocked, id=4435, stack(0x00007f5997700000,0x00007f5997800000)]
  0x00007f596da5fd50 JavaThread "Unconstrained build operations Thread 19" [_thread_blocked, id=4436, stack(0x00007f59d4600000,0x00007f59d4700000)]
  0x00007f596da60db0 JavaThread "Unconstrained build operations Thread 20" [_thread_blocked, id=4437, stack(0x00007f59aaa00000,0x00007f59aab00000)]
  0x00007f596da61d40 JavaThread "Unconstrained build operations Thread 21" [_thread_blocked, id=4438, stack(0x00007f59a9400000,0x00007f59a9500000)]
  0x00007f596da5ad00 JavaThread "Unconstrained build operations Thread 22" [_thread_blocked, id=4439, stack(0x00007f5997500000,0x00007f5997600000)]
  0x00007f596da5bb50 JavaThread "Unconstrained build operations Thread 23" [_thread_blocked, id=4440, stack(0x00007f5997400000,0x00007f5997500000)]
  0x00007f596da5c9c0 JavaThread "Unconstrained build operations Thread 24" [_thread_blocked, id=4441, stack(0x00007f5997300000,0x00007f5997400000)]
  0x00007f596da5de60 JavaThread "Unconstrained build operations Thread 25" [_thread_blocked, id=4442, stack(0x00007f5997100000,0x00007f5997200000)]
  0x00007f596da672b0 JavaThread "Unconstrained build operations Thread 26" [_thread_blocked, id=4443, stack(0x00007f5996f00000,0x00007f5997000000)]
  0x00007f596da682b0 JavaThread "Unconstrained build operations Thread 27" [_thread_blocked, id=4444, stack(0x00007f5996e00000,0x00007f5996f00000)]
  0x00007f596db6fdb0 JavaThread "ForkJoinPool.commonPool-worker-1" daemon [_thread_blocked, id=4445, stack(0x00007f59aa800000,0x00007f59aa900000)]
  0x00007f59a4006310 JavaThread "ForkJoinPool.commonPool-worker-2" daemon [_thread_blocked, id=4446, stack(0x00007f59aa400000,0x00007f59aa500000)]
  0x00007f59a40075a0 JavaThread "ForkJoinPool.commonPool-worker-3" daemon [_thread_blocked, id=4447, stack(0x00007f5997600000,0x00007f5997700000)]
  0x00007f59a400c2c0 JavaThread "Exec process" daemon [_thread_blocked, id=4448, stack(0x00007f5997000000,0x00007f5997100000)]
  0x00007f59b82bbc50 JavaThread "Exec process Thread 2" daemon [_thread_blocked, id=4450, stack(0x00007f59a8a00000,0x00007f59a8b00000)]
  0x00007f59b82bce70 JavaThread "Exec process Thread 3" daemon [_thread_blocked, id=4451, stack(0x00007f5997200000,0x00007f5997300000)]
  0x00007f596db8d8e0 JavaThread "included builds" [_thread_blocked, id=4470, stack(0x00007f5996d00000,0x00007f5996e00000)]
  0x00007f596db8e9f0 JavaThread "included builds Thread 2" [_thread_blocked, id=4471, stack(0x00007f5996b00000,0x00007f5996c00000)]
  0x00007f59bc0109d0 JavaThread "Execution worker" [_thread_blocked, id=4472, stack(0x00007f5996900000,0x00007f5996a00000)]
  0x00007f59bc012070 JavaThread "Execution worker Thread 2" [_thread_blocked, id=4473, stack(0x00007f5996800000,0x00007f5996900000)]
  0x00007f59bc013f90 JavaThread "Execution worker Thread 3" [_thread_blocked, id=4474, stack(0x00007f5996700000,0x00007f5996800000)]
  0x00007f59cc00fad0 JavaThread "Cache worker for execution history cache (/home/runner/workspace/node_modules/.pnpm/expo-modules-autolinking@3.0.27/node_modules/expo-modules-autolinking/android/expo-gradle-plugin/.gradle/8.14.3/executionHistory)" [_thread_blocked, id=4475, stack(0x00007f5996500000,0x00007f5996600000)]
  0x00007f59d007be10 JavaThread "Cache worker for execution history cache (/home/runner/workspace/node_modules/.pnpm/@react-native+gradle-plugin@0.81.5/node_modules/@react-native/gradle-plugin/.gradle/8.14.3/executionHistory)" [_thread_blocked, id=4476, stack(0x00007f5996300000,0x00007f5996400000)]
  0x00007f59d008c190 JavaThread "Unconstrained build operations Thread 28" [_thread_blocked, id=4477, stack(0x00007f5996100000,0x00007f5996200000)]
  0x00007f59d008d440 JavaThread "Unconstrained build operations Thread 29" [_thread_blocked, id=4478, stack(0x00007f5995f00000,0x00007f5996000000)]
  0x00007f59d008e750 JavaThread "Unconstrained build operations Thread 30" [_thread_blocked, id=4479, stack(0x00007f5995e00000,0x00007f5995f00000)]
  0x00007f59cc020ee0 JavaThread "Unconstrained build operations Thread 31" [_thread_blocked, id=4480, stack(0x00007f5995d00000,0x00007f5995e00000)]
  0x00007f59cc01d240 JavaThread "Unconstrained build operations Thread 32" [_thread_blocked, id=4481, stack(0x00007f5995b00000,0x00007f5995c00000)]
  0x00007f59cc01e480 JavaThread "Unconstrained build operations Thread 33" [_thread_blocked, id=4482, stack(0x00007f5995900000,0x00007f5995a00000)]
  0x00007f59d008ff40 JavaThread "Unconstrained build operations Thread 34" [_thread_blocked, id=4483, stack(0x00007f5995800000,0x00007f5995900000)]
  0x00007f59d0090a20 JavaThread "Unconstrained build operations Thread 35" [_thread_blocked, id=4484, stack(0x00007f5995700000,0x00007f5995800000)]
  0x00007f59d0091ec0 JavaThread "Unconstrained build operations Thread 36" [_thread_blocked, id=4485, stack(0x00007f5995500000,0x00007f5995600000)]
  0x00007f59cc024800 JavaThread "Unconstrained build operations Thread 37" [_thread_blocked, id=4486, stack(0x00007f5995400000,0x00007f5995500000)]
  0x00007f59cc021e00 JavaThread "Unconstrained build operations Thread 38" [_thread_blocked, id=4487, stack(0x00007f5995300000,0x00007f5995400000)]
  0x00007f59cc027100 JavaThread "Unconstrained build operations Thread 39" [_thread_blocked, id=4488, stack(0x00007f5995100000,0x00007f5995200000)]
  0x00007f59d0089000 JavaThread "Unconstrained build operations Thread 40" [_thread_blocked, id=4489, stack(0x00007f5994f00000,0x00007f5995000000)]
  0x00007f596d8163f0 JavaThread "jar transforms Thread 2" [_thread_blocked, id=4497, stack(0x00007f5996000000,0x00007f5996100000)]
  0x00007f596dccb760 JavaThread "Cache worker for Build Output Cleanup Cache (/home/runner/workspace/node_modules/.pnpm/expo-modules-core@3.0.30_react-native@0.81.5_@babel+core@7.29.7_@types+react@19.1.17_react@19.1.0__react@19.1.0/node_modules/expo-modules-core/expo-module-gradle-plugin/.gradle/buildOutputCleanup)" [_thread_blocked, id=4523, stack(0x00007f5994e00000,0x00007f5994f00000)]
  0x00007f596dcd0380 JavaThread "build event listener" [_thread_blocked, id=4524, stack(0x00007f5994d00000,0x00007f5994e00000)]
  0x00007f596dcf1eb0 JavaThread "jar transforms Thread 3" [_thread_blocked, id=4525, stack(0x00007f5994b00000,0x00007f5994c00000)]
  0x00007f596dcdcaf0 JavaThread "included builds Thread 3" [_thread_blocked, id=4526, stack(0x00007f59d4400000,0x00007f59d4500000)]
  0x00007f59cc028190 JavaThread "Cache worker for execution history cache (/home/runner/workspace/node_modules/.pnpm/expo-modules-core@3.0.30_react-native@0.81.5_@babel+core@7.29.7_@types+react@19.1.17_react@19.1.0__react@19.1.0/node_modules/expo-modules-core/expo-module-gradle-plugin/.gradle/8.14.3/executionHistory)" [_thread_blocked, id=4527, stack(0x00007f5996c00000,0x00007f5996d00000)]
  0x00007f596cbbfad0 JavaThread "jar transforms Thread 4" [_thread_blocked, id=4529, stack(0x00007f59a8600000,0x00007f59a8700000)]
  0x00007f596e1c7e50 JavaThread "Problems report writer" [_thread_blocked, id=4530, stack(0x00007f5996600000,0x00007f5996700000)]
  0x00007f596e7393e0 JavaThread "build event listener" [_thread_blocked, id=4531, stack(0x00007f5995a00000,0x00007f5995b00000)]

Other Threads:
  0x00007f5a10146c90 VMThread "VM Thread" [stack: 0x00007f59f022a000,0x00007f59f032a000] [id=4359]
=>0x00007f5a1002b3c0 WatcherThread "VM Periodic Task Thread" [stack: 0x00007f59d4b00000,0x00007f59d4c00000] [id=4371]
  0x00007f5a100888b0 WorkerThread "GC Thread#0" [stack: 0x00007f5a14c04000,0x00007f5a14d04000] [id=4354]
  0x00007f59d00066a0 WorkerThread "GC Thread#1" [stack: 0x00007f59d49fe000,0x00007f59d4afe000] [id=4372]
  0x00007f59d00070e0 WorkerThread "GC Thread#2" [stack: 0x00007f59d4100000,0x00007f59d4200000] [id=4373]
  0x00007f59d00097d0 WorkerThread "GC Thread#3" [stack: 0x00007f59a8100000,0x00007f59a8200000] [id=4375]
  0x00007f5a10099ec0 ConcurrentGCThread "G1 Main Marker" [stack: 0x00007f5a14300000,0x00007f5a14400000] [id=4355]
  0x00007f5a1009ade0 WorkerThread "G1 Conc#0" [stack: 0x00007f5a141fe000,0x00007f5a142fe000] [id=4356]
  0x00007f5a101173d0 ConcurrentGCThread "G1 Refine#0" [stack: 0x00007f59f04fe000,0x00007f59f05fe000] [id=4357]
  0x00007f5a101183b0 ConcurrentGCThread "G1 Service" [stack: 0x00007f59f03fc000,0x00007f59f04fc000] [id=4358]

Threads with active compile tasks:

VM state: not at safepoint (normal execution)

VM Mutex/Monitor currently owned by a thread:  ([mutex/lock_event])
[0x00007f5a100263d0] PeriodicTask_lock - owner thread: 0x00007f5a1002b3c0
[0x00007f5a100275f0] CodeCache_lock - owner thread: 0x00007f596cf67930
[0x00007f5a10027960] Compile_lock - owner thread: 0x00007f596cf67930

Heap address: 0x0000000080000000, size: 2048 MB, Compressed Oops mode: 32-bit

CDS archive(s) mapped at: [0x0000000800000000-0x0000000800c36000-0x0000000800c36000), size 12804096, SharedBaseAddress: 0x0000000800000000, ArchiveRelocationMode: 0.
Compressed class space mapped at: 0x0000000801000000-0x000000081ac00000, reserved size: 432013312
Narrow klass base: 0x0000000800000000, Narrow klass shift: 0, Narrow klass range: 0x100000000

GC Precious Log:
 CardTable entry size: 512
 Card Set container configuration: InlinePtr #cards 5 size 8 Array Of Cards #cards 12 size 40 Howl #buckets 4 coarsen threshold 1843 Howl Bitmap #cards 512 size 80 coarsen threshold 460 Card regions per heap region 1 cards per card region 2048
 CPUs: 4 total, 4 available
 Memory: 7965M
 Large Page Support: Disabled
 NUMA Support: Disabled
 Compressed Oops: Enabled (32-bit)
 Heap Region Size: 1M
 Heap Min Capacity: 8M
 Heap Initial Capacity: 126M
 Heap Max Capacity: 2G
 Pre-touch: Disabled
 Parallel Workers: 4
 Concurrent Workers: 1
 Concurrent Refinement Workers: 4
 Periodic GC: Disabled

Heap:
 garbage-first heap   total 564224K, used 449422K [0x0000000080000000, 0x0000000100000000)
  region size 1024K, 241 young (246784K), 21 survivors (21504K)
 Metaspace       used 144236K, committed 147200K, reserved 552960K
  class space    used 18271K, committed 19776K, reserved 421888K

Heap Regions: E=young(eden), S=young(survivor), O=old, HS=humongous(starts), HC=humongous(continues), CS=collection set, F=free, OA=open archive, CA=closed archive, TAMS=top-at-mark-start (previous, next)
|   0|0x0000000080000000, 0x0000000080100000, 0x0000000080100000|100%|HS|  |TAMS 0x0000000080100000, 0x0000000080000000| Complete 
|   1|0x0000000080100000, 0x0000000080200000, 0x0000000080200000|100%|HC|  |TAMS 0x0000000080200000, 0x0000000080100000| Complete 
|   2|0x0000000080200000, 0x0000000080300000, 0x0000000080300000|100%|HC|  |TAMS 0x0000000080300000, 0x0000000080200000| Complete 
|   3|0x0000000080300000, 0x0000000080400000, 0x0000000080400000|100%| O|  |TAMS 0x0000000080400000, 0x0000000080300000| Untracked 
|   4|0x0000000080400000, 0x0000000080500000, 0x0000000080500000|100%| O|  |TAMS 0x0000000080500000, 0x0000000080400000| Untracked 
|   5|0x0000000080500000, 0x0000000080600000, 0x0000000080600000|100%| O|  |TAMS 0x0000000080600000, 0x0000000080500000| Untracked 
|   6|0x0000000080600000, 0x0000000080700000, 0x0000000080700000|100%|HS|  |TAMS 0x0000000080700000, 0x0000000080600000| Complete 
|   7|0x0000000080700000, 0x0000000080800000, 0x0000000080800000|100%| O|  |TAMS 0x0000000080800000, 0x0000000080700000| Untracked 
|   8|0x0000000080800000, 0x0000000080900000, 0x0000000080900000|100%| O|  |TAMS 0x0000000080900000, 0x0000000080800000| Untracked 
|   9|0x0000000080900000, 0x0000000080a00000, 0x0000000080a00000|100%| O|  |TAMS 0x0000000080a00000, 0x0000000080900000| Untracked 
|  10|0x0000000080a00000, 0x0000000080b00000, 0x0000000080b00000|100%| O|  |TAMS 0x0000000080b00000, 0x0000000080a00000| Untracked 
|  11|0x0000000080b00000, 0x0000000080c00000, 0x0000000080c00000|100%| O|  |TAMS 0x0000000080c00000, 0x0000000080b00000| Untracked 
|  12|0x0000000080c00000, 0x0000000080d00000, 0x0000000080d00000|100%| O|  |TAMS 0x0000000080d00000, 0x0000000080c00000| Untracked 
|  13|0x0000000080d00000, 0x0000000080e00000, 0x0000000080e00000|100%| O|  |TAMS 0x0000000080e00000, 0x0000000080d00000| Untracked 
|  14|0x0000000080e00000, 0x0000000080f00000, 0x0000000080f00000|100%| O|  |TAMS 0x0000000080f00000, 0x0000000080e00000| Untracked 
|  15|0x0000000080f00000, 0x0000000081000000, 0x0000000081000000|100%| O|  |TAMS 0x0000000081000000, 0x0000000080f00000| Untracked 
|  16|0x0000000081000000, 0x00000000810f0a00, 0x0000000081100000| 93%| O|  |TAMS 0x00000000810f0a00, 0x0000000081000000| Untracked 
|  17|0x0000000081100000, 0x0000000081200000, 0x0000000081200000|100%| O|  |TAMS 0x0000000081200000, 0x0000000081100000| Untracked 
|  18|0x0000000081200000, 0x0000000081300000, 0x0000000081300000|100%| O|  |TAMS 0x0000000081300000, 0x0000000081200000| Untracked 
|  19|0x0000000081300000, 0x0000000081400000, 0x0000000081400000|100%| O|  |TAMS 0x0000000081400000, 0x0000000081300000| Untracked 
|  20|0x0000000081400000, 0x0000000081500000, 0x0000000081500000|100%| O|  |TAMS 0x0000000081500000, 0x0000000081400000| Untracked 
|  21|0x0000000081500000, 0x0000000081600000, 0x0000000081600000|100%| O|  |TAMS 0x0000000081600000, 0x0000000081500000| Untracked 
|  22|0x0000000081600000, 0x0000000081700000, 0x0000000081700000|100%| O|  |TAMS 0x0000000081700000, 0x0000000081600000| Untracked 
|  23|0x0000000081700000, 0x0000000081800000, 0x0000000081800000|100%| O|  |TAMS 0x0000000081800000, 0x0000000081700000| Untracked 
|  24|0x0000000081800000, 0x0000000081900000, 0x0000000081900000|100%| O|  |TAMS 0x0000000081900000, 0x0000000081800000| Untracked 
|  25|0x0000000081900000, 0x0000000081a00000, 0x0000000081a00000|100%| O|  |TAMS 0x0000000081a00000, 0x0000000081900000| Untracked 
|  26|0x0000000081a00000, 0x0000000081b00000, 0x0000000081b00000|100%| O|  |TAMS 0x0000000081b00000, 0x0000000081a00000| Untracked 
|  27|0x0000000081b00000, 0x0000000081bfb200, 0x0000000081c00000| 98%| O|  |TAMS 0x0000000081bfb200, 0x0000000081b00000| Untracked 
|  28|0x0000000081c00000, 0x0000000081d00000, 0x0000000081d00000|100%| O|  |TAMS 0x0000000081d00000, 0x0000000081c00000| Untracked 
|  29|0x0000000081d00000, 0x0000000081e00000, 0x0000000081e00000|100%| O|  |TAMS 0x0000000081e00000, 0x0000000081d00000| Untracked 
|  30|0x0000000081e00000, 0x0000000081f00000, 0x0000000081f00000|100%| O|  |TAMS 0x0000000081f00000, 0x0000000081e00000| Untracked 
|  31|0x0000000081f00000, 0x0000000082000000, 0x0000000082000000|100%| O|  |TAMS 0x0000000082000000, 0x0000000081f00000| Untracked 
|  32|0x0000000082000000, 0x0000000082100000, 0x0000000082100000|100%| O|  |TAMS 0x0000000082100000, 0x0000000082000000| Untracked 
|  33|0x0000000082100000, 0x0000000082200000, 0x0000000082200000|100%| O|  |TAMS 0x0000000082200000, 0x0000000082100000| Untracked 
|  34|0x0000000082200000, 0x0000000082300000, 0x0000000082300000|100%|HS|  |TAMS 0x0000000082300000, 0x0000000082200000| Complete 
|  35|0x0000000082300000, 0x0000000082400000, 0x0000000082400000|100%|HC|  |TAMS 0x0000000082400000, 0x0000000082300000| Complete 
|  36|0x0000000082400000, 0x0000000082500000, 0x0000000082500000|100%|HC|  |TAMS 0x0000000082500000, 0x0000000082400000| Complete 
|  37|0x0000000082500000, 0x0000000082600000, 0x0000000082600000|100%|HS|  |TAMS 0x0000000082600000, 0x0000000082500000| Complete 
|  38|0x0000000082600000, 0x0000000082700000, 0x0000000082700000|100%|HC|  |TAMS 0x0000000082700000, 0x0000000082600000| Complete 
|  39|0x0000000082700000, 0x0000000082800000, 0x0000000082800000|100%|HC|  |TAMS 0x0000000082800000, 0x0000000082700000| Complete 
|  40|0x0000000082800000, 0x0000000082900000, 0x0000000082900000|100%| O|  |TAMS 0x0000000082900000, 0x0000000082800000| Untracked 
|  41|0x0000000082900000, 0x0000000082a00000, 0x0000000082a00000|100%| O|  |TAMS 0x0000000082a00000, 0x0000000082900000| Untracked 
|  42|0x0000000082a00000, 0x0000000082b00000, 0x0000000082b00000|100%| O|  |TAMS 0x0000000082b00000, 0x0000000082a00000| Untracked 
|  43|0x0000000082b00000, 0x0000000082c00000, 0x0000000082c00000|100%| O|  |TAMS 0x0000000082c00000, 0x0000000082b00000| Untracked 
|  44|0x0000000082c00000, 0x0000000082d00000, 0x0000000082d00000|100%| O|  |TAMS 0x0000000082d00000, 0x0000000082c00000| Untracked 
|  45|0x0000000082d00000, 0x0000000082e00000, 0x0000000082e00000|100%| O|  |TAMS 0x0000000082e00000, 0x0000000082d00000| Untracked 
|  46|0x0000000082e00000, 0x0000000082f00000, 0x0000000082f00000|100%| O|  |TAMS 0x0000000082f00000, 0x0000000082e00000| Untracked 
|  47|0x0000000082f00000, 0x0000000083000000, 0x0000000083000000|100%| O|  |TAMS 0x0000000083000000, 0x0000000082f00000| Untracked 
|  48|0x0000000083000000, 0x0000000083100000, 0x0000000083100000|100%| O|  |TAMS 0x0000000083100000, 0x0000000083000000| Untracked 
|  49|0x0000000083100000, 0x0000000083200000, 0x0000000083200000|100%| O|  |TAMS 0x0000000083200000, 0x0000000083100000| Untracked 
|  50|0x0000000083200000, 0x0000000083300000, 0x0000000083300000|100%| O|  |TAMS 0x0000000083300000, 0x0000000083200000| Untracked 
|  51|0x0000000083300000, 0x0000000083400000, 0x0000000083400000|100%| O|  |TAMS 0x0000000083400000, 0x0000000083300000| Untracked 
|  52|0x0000000083400000, 0x0000000083500000, 0x0000000083500000|100%| O|  |TAMS 0x0000000083500000, 0x0000000083400000| Untracked 
|  53|0x0000000083500000, 0x0000000083600000, 0x0000000083600000|100%| O|  |TAMS 0x0000000083600000, 0x0000000083500000| Untracked 
|  54|0x0000000083600000, 0x0000000083700000, 0x0000000083700000|100%| O|  |TAMS 0x0000000083700000, 0x0000000083600000| Untracked 
|  55|0x0000000083700000, 0x0000000083800000, 0x0000000083800000|100%| O|  |TAMS 0x0000000083700000, 0x0000000083700000| Untracked 
|  56|0x0000000083800000, 0x0000000083900000, 0x0000000083900000|100%| O|  |TAMS 0x0000000083900000, 0x0000000083800000| Untracked 
|  57|0x0000000083900000, 0x0000000083a00000, 0x0000000083a00000|100%| O|  |TAMS 0x0000000083a00000, 0x0000000083900000| Untracked 
|  58|0x0000000083a00000, 0x0000000083b00000, 0x0000000083b00000|100%| O|  |TAMS 0x0000000083b00000, 0x0000000083a00000| Untracked 
|  59|0x0000000083b00000, 0x0000000083c00000, 0x0000000083c00000|100%| O|  |TAMS 0x0000000083c00000, 0x0000000083b00000| Untracked 
|  60|0x0000000083c00000, 0x0000000083d00000, 0x0000000083d00000|100%| O|  |TAMS 0x0000000083d00000, 0x0000000083c00000| Untracked 
|  61|0x0000000083d00000, 0x0000000083e00000, 0x0000000083e00000|100%| O|  |TAMS 0x0000000083e00000, 0x0000000083d00000| Untracked 
|  62|0x0000000083e00000, 0x0000000083f00000, 0x0000000083f00000|100%| O|  |TAMS 0x0000000083f00000, 0x0000000083e00000| Untracked 
|  63|0x0000000083f00000, 0x0000000084000000, 0x0000000084000000|100%| O|  |TAMS 0x0000000084000000, 0x0000000083f00000| Untracked 
|  64|0x0000000084000000, 0x0000000084100000, 0x0000000084100000|100%| O|  |TAMS 0x0000000084100000, 0x0000000084000000| Untracked 
|  65|0x0000000084100000, 0x0000000084200000, 0x0000000084200000|100%| O|  |TAMS 0x0000000084100000, 0x0000000084100000| Untracked 
|  66|0x0000000084200000, 0x0000000084300000, 0x0000000084300000|100%| O|  |TAMS 0x0000000084300000, 0x0000000084200000| Untracked 
|  67|0x0000000084300000, 0x0000000084400000, 0x0000000084400000|100%| O|  |TAMS 0x0000000084400000, 0x0000000084300000| Untracked 
|  68|0x0000000084400000, 0x0000000084500000, 0x0000000084500000|100%| O|  |TAMS 0x0000000084500000, 0x0000000084400000| Untracked 
|  69|0x0000000084500000, 0x0000000084600000, 0x0000000084600000|100%| O|  |TAMS 0x0000000084600000, 0x0000000084500000| Untracked 
|  70|0x0000000084600000, 0x0000000084700000, 0x0000000084700000|100%| O|  |TAMS 0x0000000084600000, 0x0000000084600000| Untracked 
|  71|0x0000000084700000, 0x0000000084800000, 0x0000000084800000|100%| O|  |TAMS 0x0000000084800000, 0x0000000084700000| Untracked 
|  72|0x0000000084800000, 0x0000000084900000, 0x0000000084900000|100%| O|  |TAMS 0x0000000084900000, 0x0000000084800000| Untracked 
|  73|0x0000000084900000, 0x0000000084a00000, 0x0000000084a00000|100%| O|  |TAMS 0x0000000084a00000, 0x0000000084900000| Untracked 
|  74|0x0000000084a00000, 0x0000000084b00000, 0x0000000084b00000|100%| O|  |TAMS 0x0000000084b00000, 0x0000000084a00000| Untracked 
|  75|0x0000000084b00000, 0x0000000084c00000, 0x0000000084c00000|100%| O|  |TAMS 0x0000000084c00000, 0x0000000084b00000| Untracked 
|  76|0x0000000084c00000, 0x0000000084d00000, 0x0000000084d00000|100%| O|  |TAMS 0x0000000084d00000, 0x0000000084c00000| Untracked 
|  77|0x0000000084d00000, 0x0000000084e00000, 0x0000000084e00000|100%| O|  |TAMS 0x0000000084e00000, 0x0000000084d00000| Untracked 
|  78|0x0000000084e00000, 0x0000000084f00000, 0x0000000084f00000|100%| O|  |TAMS 0x0000000084e00000, 0x0000000084e00000| Untracked 
|  79|0x0000000084f00000, 0x0000000085000000, 0x0000000085000000|100%|HS|  |TAMS 0x0000000085000000, 0x0000000084f00000| Complete 
|  80|0x0000000085000000, 0x0000000085100000, 0x0000000085100000|100%|HS|  |TAMS 0x0000000085100000, 0x0000000085000000| Complete 
|  81|0x0000000085100000, 0x0000000085200000, 0x0000000085200000|100%|HS|  |TAMS 0x0000000085200000, 0x0000000085100000| Complete 
|  82|0x0000000085200000, 0x0000000085300000, 0x0000000085300000|100%|HS|  |TAMS 0x0000000085300000, 0x0000000085200000| Complete 
|  83|0x0000000085300000, 0x0000000085400000, 0x0000000085400000|100%| O|  |TAMS 0x0000000085400000, 0x0000000085300000| Untracked 
|  84|0x0000000085400000, 0x0000000085500000, 0x0000000085500000|100%|HS|  |TAMS 0x0000000085500000, 0x0000000085400000| Complete 
|  85|0x0000000085500000, 0x0000000085600000, 0x0000000085600000|100%|HS|  |TAMS 0x0000000085600000, 0x0000000085500000| Complete 
|  86|0x0000000085600000, 0x0000000085700000, 0x0000000085700000|100%| O|  |TAMS 0x0000000085700000, 0x0000000085600000| Untracked 
|  87|0x0000000085700000, 0x0000000085800000, 0x0000000085800000|100%| O|  |TAMS 0x0000000085800000, 0x0000000085700000| Untracked 
|  88|0x0000000085800000, 0x0000000085900000, 0x0000000085900000|100%| O|  |TAMS 0x0000000085900000, 0x0000000085800000| Untracked 
|  89|0x0000000085900000, 0x0000000085a00000, 0x0000000085a00000|100%| O|  |TAMS 0x0000000085a00000, 0x0000000085900000| Untracked 
|  90|0x0000000085a00000, 0x0000000085b00000, 0x0000000085b00000|100%| O|  |TAMS 0x0000000085b00000, 0x0000000085a00000| Untracked 
|  91|0x0000000085b00000, 0x0000000085c00000, 0x0000000085c00000|100%| O|  |TAMS 0x0000000085c00000, 0x0000000085b00000| Untracked 
|  92|0x0000000085c00000, 0x0000000085d00000, 0x0000000085d00000|100%| O|  |TAMS 0x0000000085d00000, 0x0000000085c00000| Untracked 
|  93|0x0000000085d00000, 0x0000000085e00000, 0x0000000085e00000|100%| O|  |TAMS 0x0000000085e00000, 0x0000000085d00000| Untracked 
|  94|0x0000000085e00000, 0x0000000085f00000, 0x0000000085f00000|100%| O|  |TAMS 0x0000000085f00000, 0x0000000085e00000| Untracked 
|  95|0x0000000085f00000, 0x0000000086000000, 0x0000000086000000|100%| O|  |TAMS 0x0000000086000000, 0x0000000085f00000| Untracked 
|  96|0x0000000086000000, 0x0000000086100000, 0x0000000086100000|100%| O|  |TAMS 0x0000000086100000, 0x0000000086000000| Untracked 
|  97|0x0000000086100000, 0x0000000086200000, 0x0000000086200000|100%| O|  |TAMS 0x0000000086200000, 0x0000000086100000| Untracked 
|  98|0x0000000086200000, 0x0000000086300000, 0x0000000086300000|100%| O|  |TAMS 0x000000008629da00, 0x0000000086200000| Untracked 
|  99|0x0000000086300000, 0x0000000086400000, 0x0000000086400000|100%| O|  |TAMS 0x0000000086300000, 0x0000000086300000| Untracked 
| 100|0x0000000086400000, 0x0000000086500000, 0x0000000086500000|100%| O|  |TAMS 0x0000000086400000, 0x0000000086400000| Untracked 
| 101|0x0000000086500000, 0x0000000086600000, 0x0000000086600000|100%|HS|  |TAMS 0x0000000086500000, 0x0000000086500000| Complete 
| 102|0x0000000086600000, 0x0000000086700000, 0x0000000086700000|100%| O|  |TAMS 0x0000000086600000, 0x0000000086600000| Untracked 
| 103|0x0000000086700000, 0x0000000086800000, 0x0000000086800000|100%| O|  |TAMS 0x0000000086700000, 0x0000000086700000| Untracked 
| 104|0x0000000086800000, 0x0000000086900000, 0x0000000086900000|100%|HS|  |TAMS 0x0000000086800000, 0x0000000086800000| Complete 
| 105|0x0000000086900000, 0x0000000086a00000, 0x0000000086a00000|100%|HC|  |TAMS 0x0000000086900000, 0x0000000086900000| Complete 
| 106|0x0000000086a00000, 0x0000000086b00000, 0x0000000086b00000|100%|HC|  |TAMS 0x0000000086a00000, 0x0000000086a00000| Complete 
| 107|0x0000000086b00000, 0x0000000086c00000, 0x0000000086c00000|100%| O|  |TAMS 0x0000000086b00000, 0x0000000086b00000| Untracked 
| 108|0x0000000086c00000, 0x0000000086d00000, 0x0000000086d00000|100%| O|  |TAMS 0x0000000086c00000, 0x0000000086c00000| Untracked 
| 109|0x0000000086d00000, 0x0000000086e00000, 0x0000000086e00000|100%| O|  |TAMS 0x0000000086d00000, 0x0000000086d00000| Untracked 
| 110|0x0000000086e00000, 0x0000000086f00000, 0x0000000086f00000|100%| O|  |TAMS 0x0000000086e00000, 0x0000000086e00000| Untracked 
| 111|0x0000000086f00000, 0x0000000087000000, 0x0000000087000000|100%| O|  |TAMS 0x0000000086f00000, 0x0000000086f00000| Untracked 
| 112|0x0000000087000000, 0x0000000087100000, 0x0000000087100000|100%| O|  |TAMS 0x0000000087000000, 0x0000000087000000| Untracked 
| 113|0x0000000087100000, 0x0000000087200000, 0x0000000087200000|100%| O|  |TAMS 0x0000000087100000, 0x0000000087100000| Untracked 
| 114|0x0000000087200000, 0x0000000087300000, 0x0000000087300000|100%| O|  |TAMS 0x0000000087200000, 0x0000000087200000| Untracked 
| 115|0x0000000087300000, 0x0000000087400000, 0x0000000087400000|100%| O|  |TAMS 0x0000000087300000, 0x0000000087300000| Untracked 
| 116|0x0000000087400000, 0x0000000087500000, 0x0000000087500000|100%| O|  |TAMS 0x0000000087400000, 0x0000000087400000| Untracked 
| 117|0x0000000087500000, 0x0000000087600000, 0x0000000087600000|100%|HS|  |TAMS 0x0000000087500000, 0x0000000087500000| Complete 
| 118|0x0000000087600000, 0x0000000087700000, 0x0000000087700000|100%|HS|  |TAMS 0x0000000087600000, 0x0000000087600000| Complete 
| 119|0x0000000087700000, 0x0000000087800000, 0x0000000087800000|100%|HS|  |TAMS 0x0000000087700000, 0x0000000087700000| Complete 
| 120|0x0000000087800000, 0x0000000087900000, 0x0000000087900000|100%|HS|  |TAMS 0x0000000087800000, 0x0000000087800000| Complete 
| 121|0x0000000087900000, 0x0000000087a00000, 0x0000000087a00000|100%| O|  |TAMS 0x0000000087900000, 0x0000000087900000| Untracked 
| 122|0x0000000087a00000, 0x0000000087b00000, 0x0000000087b00000|100%| O|  |TAMS 0x0000000087a00000, 0x0000000087a00000| Untracked 
| 123|0x0000000087b00000, 0x0000000087c00000, 0x0000000087c00000|100%| O|  |TAMS 0x0000000087b00000, 0x0000000087b00000| Untracked 
| 124|0x0000000087c00000, 0x0000000087d00000, 0x0000000087d00000|100%| O|  |TAMS 0x0000000087c00000, 0x0000000087c00000| Untracked 
| 125|0x0000000087d00000, 0x0000000087e00000, 0x0000000087e00000|100%| O|  |TAMS 0x0000000087d00000, 0x0000000087d00000| Untracked 
| 126|0x0000000087e00000, 0x0000000087f00000, 0x0000000087f00000|100%| O|  |TAMS 0x0000000087e00000, 0x0000000087e00000| Untracked 
| 127|0x0000000087f00000, 0x0000000088000000, 0x0000000088000000|100%| O|  |TAMS 0x0000000087f00000, 0x0000000087f00000| Untracked 
| 128|0x0000000088000000, 0x0000000088100000, 0x0000000088100000|100%| O|  |TAMS 0x0000000088000000, 0x0000000088000000| Untracked 
| 129|0x0000000088100000, 0x0000000088200000, 0x0000000088200000|100%| O|  |TAMS 0x0000000088100000, 0x0000000088100000| Untracked 
| 130|0x0000000088200000, 0x0000000088300000, 0x0000000088300000|100%| O|  |TAMS 0x0000000088200000, 0x0000000088200000| Untracked 
| 131|0x0000000088300000, 0x0000000088400000, 0x0000000088400000|100%| O|  |TAMS 0x0000000088300000, 0x0000000088300000| Untracked 
| 132|0x0000000088400000, 0x0000000088500000, 0x0000000088500000|100%| O|  |TAMS 0x0000000088400000, 0x0000000088400000| Untracked 
| 133|0x0000000088500000, 0x0000000088600000, 0x0000000088600000|100%| O|  |TAMS 0x0000000088500000, 0x0000000088500000| Untracked 
| 134|0x0000000088600000, 0x0000000088700000, 0x0000000088700000|100%| O|  |TAMS 0x0000000088600000, 0x0000000088600000| Untracked 
| 135|0x0000000088700000, 0x0000000088800000, 0x0000000088800000|100%| O|  |TAMS 0x0000000088700000, 0x0000000088700000| Untracked 
| 136|0x0000000088800000, 0x0000000088900000, 0x0000000088900000|100%| O|  |TAMS 0x0000000088800000, 0x0000000088800000| Untracked 
| 137|0x0000000088900000, 0x0000000088a00000, 0x0000000088a00000|100%| O|  |TAMS 0x0000000088900000, 0x0000000088900000| Untracked 
| 138|0x0000000088a00000, 0x0000000088b00000, 0x0000000088b00000|100%| O|  |TAMS 0x0000000088a00000, 0x0000000088a00000| Untracked 
| 139|0x0000000088b00000, 0x0000000088c00000, 0x0000000088c00000|100%| O|  |TAMS 0x0000000088b00000, 0x0000000088b00000| Untracked 
| 140|0x0000000088c00000, 0x0000000088d00000, 0x0000000088d00000|100%| O|  |TAMS 0x0000000088c00000, 0x0000000088c00000| Untracked 
| 141|0x0000000088d00000, 0x0000000088e00000, 0x0000000088e00000|100%| O|  |TAMS 0x0000000088d00000, 0x0000000088d00000| Untracked 
| 142|0x0000000088e00000, 0x0000000088f00000, 0x0000000088f00000|100%| O|  |TAMS 0x0000000088e00000, 0x0000000088e00000| Untracked 
| 143|0x0000000088f00000, 0x0000000089000000, 0x0000000089000000|100%| O|  |TAMS 0x0000000088f00000, 0x0000000088f00000| Untracked 
| 144|0x0000000089000000, 0x0000000089100000, 0x0000000089100000|100%| O|  |TAMS 0x0000000089000000, 0x0000000089000000| Untracked 
| 145|0x0000000089100000, 0x0000000089200000, 0x0000000089200000|100%| O|  |TAMS 0x0000000089100000, 0x0000000089100000| Untracked 
| 146|0x0000000089200000, 0x0000000089300000, 0x0000000089300000|100%| O|  |TAMS 0x0000000089200000, 0x0000000089200000| Untracked 
| 147|0x0000000089300000, 0x0000000089400000, 0x0000000089400000|100%|HS|  |TAMS 0x0000000089300000, 0x0000000089300000| Complete 
| 148|0x0000000089400000, 0x0000000089500000, 0x0000000089500000|100%|HC|  |TAMS 0x0000000089400000, 0x0000000089400000| Complete 
| 149|0x0000000089500000, 0x0000000089600000, 0x0000000089600000|100%|HS|  |TAMS 0x0000000089500000, 0x0000000089500000| Complete 
| 150|0x0000000089600000, 0x0000000089700000, 0x0000000089700000|100%| O|  |TAMS 0x0000000089600000, 0x0000000089600000| Untracked 
| 151|0x0000000089700000, 0x0000000089800000, 0x0000000089800000|100%| O|  |TAMS 0x0000000089700000, 0x0000000089700000| Untracked 
| 152|0x0000000089800000, 0x0000000089900000, 0x0000000089900000|100%| O|  |TAMS 0x0000000089800000, 0x0000000089800000| Untracked 
| 153|0x0000000089900000, 0x0000000089a00000, 0x0000000089a00000|100%| O|  |TAMS 0x0000000089900000, 0x0000000089900000| Untracked 
| 154|0x0000000089a00000, 0x0000000089b00000, 0x0000000089b00000|100%| O|  |TAMS 0x0000000089a00000, 0x0000000089a00000| Untracked 
| 155|0x0000000089b00000, 0x0000000089c00000, 0x0000000089c00000|100%| O|  |TAMS 0x0000000089b00000, 0x0000000089b00000| Untracked 
| 156|0x0000000089c00000, 0x0000000089d00000, 0x0000000089d00000|100%| O|  |TAMS 0x0000000089c00000, 0x0000000089c00000| Untracked 
| 157|0x0000000089d00000, 0x0000000089e00000, 0x0000000089e00000|100%| O|  |TAMS 0x0000000089d00000, 0x0000000089d00000| Untracked 
| 158|0x0000000089e00000, 0x0000000089f00000, 0x0000000089f00000|100%| O|  |TAMS 0x0000000089e00000, 0x0000000089e00000| Untracked 
| 159|0x0000000089f00000, 0x000000008a000000, 0x000000008a000000|100%| O|  |TAMS 0x0000000089f00000, 0x0000000089f00000| Untracked 
| 160|0x000000008a000000, 0x000000008a100000, 0x000000008a100000|100%| O|  |TAMS 0x000000008a000000, 0x000000008a000000| Untracked 
| 161|0x000000008a100000, 0x000000008a200000, 0x000000008a200000|100%| O|  |TAMS 0x000000008a100000, 0x000000008a100000| Untracked 
| 162|0x000000008a200000, 0x000000008a300000, 0x000000008a300000|100%| O|  |TAMS 0x000000008a200000, 0x000000008a200000| Untracked 
| 163|0x000000008a300000, 0x000000008a400000, 0x000000008a400000|100%| O|  |TAMS 0x000000008a300000, 0x000000008a300000| Untracked 
| 164|0x000000008a400000, 0x000000008a500000, 0x000000008a500000|100%| O|  |TAMS 0x000000008a400000, 0x000000008a400000| Untracked 
| 165|0x000000008a500000, 0x000000008a600000, 0x000000008a600000|100%| O|  |TAMS 0x000000008a500000, 0x000000008a500000| Untracked 
| 166|0x000000008a600000, 0x000000008a700000, 0x000000008a700000|100%| O|  |TAMS 0x000000008a600000, 0x000000008a600000| Untracked 
| 167|0x000000008a700000, 0x000000008a800000, 0x000000008a800000|100%| O|  |TAMS 0x000000008a700000, 0x000000008a700000| Untracked 
| 168|0x000000008a800000, 0x000000008a900000, 0x000000008a900000|100%| O|  |TAMS 0x000000008a800000, 0x000000008a800000| Untracked 
| 169|0x000000008a900000, 0x000000008aa00000, 0x000000008aa00000|100%| O|  |TAMS 0x000000008a900000, 0x000000008a900000| Untracked 
| 170|0x000000008aa00000, 0x000000008ab00000, 0x000000008ab00000|100%| O|  |TAMS 0x000000008aa00000, 0x000000008aa00000| Untracked 
| 171|0x000000008ab00000, 0x000000008ac00000, 0x000000008ac00000|100%| O|  |TAMS 0x000000008ab00000, 0x000000008ab00000| Untracked 
| 172|0x000000008ac00000, 0x000000008ad00000, 0x000000008ad00000|100%| O|  |TAMS 0x000000008ac00000, 0x000000008ac00000| Untracked 
| 173|0x000000008ad00000, 0x000000008ae00000, 0x000000008ae00000|100%| O|  |TAMS 0x000000008ad00000, 0x000000008ad00000| Untracked 
| 174|0x000000008ae00000, 0x000000008af00000, 0x000000008af00000|100%| O|  |TAMS 0x000000008ae00000, 0x000000008ae00000| Untracked 
| 175|0x000000008af00000, 0x000000008b000000, 0x000000008b000000|100%| O|  |TAMS 0x000000008af00000, 0x000000008af00000| Untracked 
| 176|0x000000008b000000, 0x000000008b100000, 0x000000008b100000|100%| O|  |TAMS 0x000000008b000000, 0x000000008b000000| Untracked 
| 177|0x000000008b100000, 0x000000008b200000, 0x000000008b200000|100%| O|  |TAMS 0x000000008b100000, 0x000000008b100000| Untracked 
| 178|0x000000008b200000, 0x000000008b300000, 0x000000008b300000|100%| O|  |TAMS 0x000000008b200000, 0x000000008b200000| Untracked 
| 179|0x000000008b300000, 0x000000008b400000, 0x000000008b400000|100%| O|  |TAMS 0x000000008b300000, 0x000000008b300000| Untracked 
| 180|0x000000008b400000, 0x000000008b500000, 0x000000008b500000|100%| O|  |TAMS 0x000000008b400000, 0x000000008b400000| Untracked 
| 181|0x000000008b500000, 0x000000008b600000, 0x000000008b600000|100%| O|  |TAMS 0x000000008b500000, 0x000000008b500000| Untracked 
| 182|0x000000008b600000, 0x000000008b700000, 0x000000008b700000|100%| O|  |TAMS 0x000000008b600000, 0x000000008b600000| Untracked 
| 183|0x000000008b700000, 0x000000008b800000, 0x000000008b800000|100%| O|  |TAMS 0x000000008b700000, 0x000000008b700000| Untracked 
| 184|0x000000008b800000, 0x000000008b900000, 0x000000008b900000|100%| O|  |TAMS 0x000000008b800000, 0x000000008b800000| Untracked 
| 185|0x000000008b900000, 0x000000008ba00000, 0x000000008ba00000|100%|HS|  |TAMS 0x000000008b900000, 0x000000008b900000| Complete 
| 186|0x000000008ba00000, 0x000000008bb00000, 0x000000008bb00000|100%|HS|  |TAMS 0x000000008ba00000, 0x000000008ba00000| Complete 
| 187|0x000000008bb00000, 0x000000008bc00000, 0x000000008bc00000|100%| O|  |TAMS 0x000000008bb00000, 0x000000008bb00000| Untracked 
| 188|0x000000008bc00000, 0x000000008bd00000, 0x000000008bd00000|100%| O|  |TAMS 0x000000008bc00000, 0x000000008bc00000| Untracked 
| 189|0x000000008bd00000, 0x000000008be00000, 0x000000008be00000|100%| O|  |TAMS 0x000000008bd00000, 0x000000008bd00000| Untracked 
| 190|0x000000008be00000, 0x000000008bf00000, 0x000000008bf00000|100%| O|  |TAMS 0x000000008be00000, 0x000000008be00000| Untracked 
| 191|0x000000008bf00000, 0x000000008c000000, 0x000000008c000000|100%| O|  |TAMS 0x000000008bf00000, 0x000000008bf00000| Untracked 
| 192|0x000000008c000000, 0x000000008c100000, 0x000000008c100000|100%| O|  |TAMS 0x000000008c000000, 0x000000008c000000| Untracked 
| 193|0x000000008c100000, 0x000000008c200000, 0x000000008c200000|100%| O|  |TAMS 0x000000008c100000, 0x000000008c100000| Untracked 
| 194|0x000000008c200000, 0x000000008c300000, 0x000000008c300000|100%| O|  |TAMS 0x000000008c200000, 0x000000008c200000| Untracked 
| 195|0x000000008c300000, 0x000000008c400000, 0x000000008c400000|100%| O|  |TAMS 0x000000008c300000, 0x000000008c300000| Untracked 
| 196|0x000000008c400000, 0x000000008c500000, 0x000000008c500000|100%| O|  |TAMS 0x000000008c400000, 0x000000008c400000| Untracked 
| 197|0x000000008c500000, 0x000000008c600000, 0x000000008c600000|100%| O|  |TAMS 0x000000008c500000, 0x000000008c500000| Untracked 
| 198|0x000000008c600000, 0x000000008c700000, 0x000000008c700000|100%| O|  |TAMS 0x000000008c600000, 0x000000008c600000| Untracked 
| 199|0x000000008c700000, 0x000000008c725c00, 0x000000008c800000| 14%| O|  |TAMS 0x000000008c700000, 0x000000008c700000| Untracked 
| 200|0x000000008c800000, 0x000000008c800000, 0x000000008c900000|  0%| F|  |TAMS 0x000000008c800000, 0x000000008c800000| Untracked 
| 201|0x000000008c900000, 0x000000008c900000, 0x000000008ca00000|  0%| F|  |TAMS 0x000000008c900000, 0x000000008c900000| Untracked 
| 202|0x000000008ca00000, 0x000000008ca00000, 0x000000008cb00000|  0%| F|  |TAMS 0x000000008ca00000, 0x000000008ca00000| Untracked 
| 203|0x000000008cb00000, 0x000000008cb00000, 0x000000008cc00000|  0%| F|  |TAMS 0x000000008cb00000, 0x000000008cb00000| Untracked 
| 204|0x000000008cc00000, 0x000000008cc00000, 0x000000008cd00000|  0%| F|  |TAMS 0x000000008cc00000, 0x000000008cc00000| Untracked 
| 205|0x000000008cd00000, 0x000000008cd00000, 0x000000008ce00000|  0%| F|  |TAMS 0x000000008cd00000, 0x000000008cd00000| Untracked 
| 206|0x000000008ce00000, 0x000000008ce00000, 0x000000008cf00000|  0%| F|  |TAMS 0x000000008ce00000, 0x000000008ce00000| Untracked 
| 207|0x000000008cf00000, 0x000000008cf00000, 0x000000008d000000|  0%| F|  |TAMS 0x000000008cf00000, 0x000000008cf00000| Untracked 
| 208|0x000000008d000000, 0x000000008d000000, 0x000000008d100000|  0%| F|  |TAMS 0x000000008d000000, 0x000000008d000000| Untracked 
| 209|0x000000008d100000, 0x000000008d100000, 0x000000008d200000|  0%| F|  |TAMS 0x000000008d100000, 0x000000008d100000| Untracked 
| 210|0x000000008d200000, 0x000000008d200000, 0x000000008d300000|  0%| F|  |TAMS 0x000000008d200000, 0x000000008d200000| Untracked 
| 211|0x000000008d300000, 0x000000008d300000, 0x000000008d400000|  0%| F|  |TAMS 0x000000008d300000, 0x000000008d300000| Untracked 
| 212|0x000000008d400000, 0x000000008d400000, 0x000000008d500000|  0%| F|  |TAMS 0x000000008d400000, 0x000000008d400000| Untracked 
| 213|0x000000008d500000, 0x000000008d500000, 0x000000008d600000|  0%| F|  |TAMS 0x000000008d500000, 0x000000008d500000| Untracked 
| 214|0x000000008d600000, 0x000000008d600000, 0x000000008d700000|  0%| F|  |TAMS 0x000000008d600000, 0x000000008d600000| Untracked 
| 215|0x000000008d700000, 0x000000008d700000, 0x000000008d800000|  0%| F|  |TAMS 0x000000008d700000, 0x000000008d700000| Untracked 
| 216|0x000000008d800000, 0x000000008d800000, 0x000000008d900000|  0%| F|  |TAMS 0x000000008d800000, 0x000000008d800000| Untracked 
| 217|0x000000008d900000, 0x000000008d900000, 0x000000008da00000|  0%| F|  |TAMS 0x000000008d900000, 0x000000008d900000| Untracked 
| 218|0x000000008da00000, 0x000000008da00000, 0x000000008db00000|  0%| F|  |TAMS 0x000000008da00000, 0x000000008da00000| Untracked 
| 219|0x000000008db00000, 0x000000008db00000, 0x000000008dc00000|  0%| F|  |TAMS 0x000000008db00000, 0x000000008db00000| Untracked 
| 220|0x000000008dc00000, 0x000000008dc00000, 0x000000008dd00000|  0%| F|  |TAMS 0x000000008dc00000, 0x000000008dc00000| Untracked 
| 221|0x000000008dd00000, 0x000000008dd00000, 0x000000008de00000|  0%| F|  |TAMS 0x000000008dd00000, 0x000000008dd00000| Untracked 
| 222|0x000000008de00000, 0x000000008de00000, 0x000000008df00000|  0%| F|  |TAMS 0x000000008de00000, 0x000000008de00000| Untracked 
| 223|0x000000008df00000, 0x000000008df00000, 0x000000008e000000|  0%| F|  |TAMS 0x000000008df00000, 0x000000008df00000| Untracked 
| 224|0x000000008e000000, 0x000000008e000000, 0x000000008e100000|  0%| F|  |TAMS 0x000000008e000000, 0x000000008e000000| Untracked 
| 225|0x000000008e100000, 0x000000008e100000, 0x000000008e200000|  0%| F|  |TAMS 0x000000008e100000, 0x000000008e100000| Untracked 
| 226|0x000000008e200000, 0x000000008e200000, 0x000000008e300000|  0%| F|  |TAMS 0x000000008e200000, 0x000000008e200000| Untracked 
| 227|0x000000008e300000, 0x000000008e300000, 0x000000008e400000|  0%| F|  |TAMS 0x000000008e300000, 0x000000008e300000| Untracked 
| 228|0x000000008e400000, 0x000000008e400000, 0x000000008e500000|  0%| F|  |TAMS 0x000000008e400000, 0x000000008e400000| Untracked 
| 229|0x000000008e500000, 0x000000008e500000, 0x000000008e600000|  0%| F|  |TAMS 0x000000008e500000, 0x000000008e500000| Untracked 
| 230|0x000000008e600000, 0x000000008e600000, 0x000000008e700000|  0%| F|  |TAMS 0x000000008e600000, 0x000000008e600000| Untracked 
| 231|0x000000008e700000, 0x000000008e700000, 0x000000008e800000|  0%| F|  |TAMS 0x000000008e700000, 0x000000008e700000| Untracked 
| 232|0x000000008e800000, 0x000000008e800000, 0x000000008e900000|  0%| F|  |TAMS 0x000000008e800000, 0x000000008e800000| Untracked 
| 233|0x000000008e900000, 0x000000008e900000, 0x000000008ea00000|  0%| F|  |TAMS 0x000000008e900000, 0x000000008e900000| Untracked 
| 234|0x000000008ea00000, 0x000000008ea00000, 0x000000008eb00000|  0%| F|  |TAMS 0x000000008ea00000, 0x000000008ea00000| Untracked 
| 235|0x000000008eb00000, 0x000000008eb00000, 0x000000008ec00000|  0%| F|  |TAMS 0x000000008eb00000, 0x000000008eb00000| Untracked 
| 236|0x000000008ec00000, 0x000000008ec00000, 0x000000008ed00000|  0%| F|  |TAMS 0x000000008ec00000, 0x000000008ec00000| Untracked 
| 237|0x000000008ed00000, 0x000000008ed00000, 0x000000008ee00000|  0%| F|  |TAMS 0x000000008ed00000, 0x000000008ed00000| Untracked 
| 238|0x000000008ee00000, 0x000000008ee00000, 0x000000008ef00000|  0%| F|  |TAMS 0x000000008ee00000, 0x000000008ee00000| Untracked 
| 239|0x000000008ef00000, 0x000000008ef00000, 0x000000008f000000|  0%| F|  |TAMS 0x000000008ef00000, 0x000000008ef00000| Untracked 
| 240|0x000000008f000000, 0x000000008f000000, 0x000000008f100000|  0%| F|  |TAMS 0x000000008f000000, 0x000000008f000000| Untracked 
| 241|0x000000008f100000, 0x000000008f100000, 0x000000008f200000|  0%| F|  |TAMS 0x000000008f100000, 0x000000008f100000| Untracked 
| 242|0x000000008f200000, 0x000000008f200000, 0x000000008f300000|  0%| F|  |TAMS 0x000000008f200000, 0x000000008f200000| Untracked 
| 243|0x000000008f300000, 0x000000008f300000, 0x000000008f400000|  0%| F|  |TAMS 0x000000008f300000, 0x000000008f300000| Untracked 
| 244|0x000000008f400000, 0x000000008f400000, 0x000000008f500000|  0%| F|  |TAMS 0x000000008f400000, 0x000000008f400000| Untracked 
| 245|0x000000008f500000, 0x000000008f500000, 0x000000008f600000|  0%| F|  |TAMS 0x000000008f500000, 0x000000008f500000| Untracked 
| 246|0x000000008f600000, 0x000000008f600000, 0x000000008f700000|  0%| F|  |TAMS 0x000000008f600000, 0x000000008f600000| Untracked 
| 247|0x000000008f700000, 0x000000008f700000, 0x000000008f800000|  0%| F|  |TAMS 0x000000008f700000, 0x000000008f700000| Untracked 
| 248|0x000000008f800000, 0x000000008f800000, 0x000000008f900000|  0%| F|  |TAMS 0x000000008f800000, 0x000000008f800000| Untracked 
| 249|0x000000008f900000, 0x000000008f900000, 0x000000008fa00000|  0%| F|  |TAMS 0x000000008f900000, 0x000000008f900000| Untracked 
| 250|0x000000008fa00000, 0x000000008fa00000, 0x000000008fb00000|  0%| F|  |TAMS 0x000000008fa00000, 0x000000008fa00000| Untracked 
| 251|0x000000008fb00000, 0x000000008fc00000, 0x000000008fc00000|100%| S|CS|TAMS 0x000000008fb00000, 0x000000008fb00000| Complete 
| 252|0x000000008fc00000, 0x000000008fd00000, 0x000000008fd00000|100%| S|CS|TAMS 0x000000008fc00000, 0x000000008fc00000| Complete 
| 253|0x000000008fd00000, 0x000000008fe00000, 0x000000008fe00000|100%| S|CS|TAMS 0x000000008fd00000, 0x000000008fd00000| Complete 
| 254|0x000000008fe00000, 0x000000008ff00000, 0x000000008ff00000|100%| S|CS|TAMS 0x000000008fe00000, 0x000000008fe00000| Complete 
| 255|0x000000008ff00000, 0x0000000090000000, 0x0000000090000000|100%| S|CS|TAMS 0x000000008ff00000, 0x000000008ff00000| Complete 
| 256|0x0000000090000000, 0x0000000090100000, 0x0000000090100000|100%| S|CS|TAMS 0x0000000090000000, 0x0000000090000000| Complete 
| 257|0x0000000090100000, 0x0000000090200000, 0x0000000090200000|100%| S|CS|TAMS 0x0000000090100000, 0x0000000090100000| Complete 
| 258|0x0000000090200000, 0x0000000090300000, 0x0000000090300000|100%| S|CS|TAMS 0x0000000090200000, 0x0000000090200000| Complete 
| 259|0x0000000090300000, 0x0000000090400000, 0x0000000090400000|100%| S|CS|TAMS 0x0000000090300000, 0x0000000090300000| Complete 
| 260|0x0000000090400000, 0x0000000090500000, 0x0000000090500000|100%| S|CS|TAMS 0x0000000090400000, 0x0000000090400000| Complete 
| 261|0x0000000090500000, 0x0000000090600000, 0x0000000090600000|100%| S|CS|TAMS 0x0000000090500000, 0x0000000090500000| Complete 
| 262|0x0000000090600000, 0x0000000090700000, 0x0000000090700000|100%| S|CS|TAMS 0x0000000090600000, 0x0000000090600000| Complete 
| 263|0x0000000090700000, 0x0000000090800000, 0x0000000090800000|100%| S|CS|TAMS 0x0000000090700000, 0x0000000090700000| Complete 
| 264|0x0000000090800000, 0x0000000090900000, 0x0000000090900000|100%| S|CS|TAMS 0x0000000090800000, 0x0000000090800000| Complete 
| 265|0x0000000090900000, 0x0000000090900000, 0x0000000090a00000|  0%| F|  |TAMS 0x0000000090900000, 0x0000000090900000| Untracked 
| 266|0x0000000090a00000, 0x0000000090b00000, 0x0000000090b00000|100%| S|CS|TAMS 0x0000000090a00000, 0x0000000090a00000| Complete 
| 267|0x0000000090b00000, 0x0000000090b00000, 0x0000000090c00000|  0%| F|  |TAMS 0x0000000090b00000, 0x0000000090b00000| Untracked 
| 268|0x0000000090c00000, 0x0000000090c00000, 0x0000000090d00000|  0%| F|  |TAMS 0x0000000090c00000, 0x0000000090c00000| Untracked 
| 269|0x0000000090d00000, 0x0000000090d00000, 0x0000000090e00000|  0%| F|  |TAMS 0x0000000090d00000, 0x0000000090d00000| Untracked 
| 270|0x0000000090e00000, 0x0000000090e00000, 0x0000000090f00000|  0%| F|  |TAMS 0x0000000090e00000, 0x0000000090e00000| Untracked 
| 271|0x0000000090f00000, 0x0000000090f00000, 0x0000000091000000|  0%| F|  |TAMS 0x0000000090f00000, 0x0000000090f00000| Untracked 
| 272|0x0000000091000000, 0x0000000091000000, 0x0000000091100000|  0%| F|  |TAMS 0x0000000091000000, 0x0000000091000000| Untracked 
| 273|0x0000000091100000, 0x0000000091100000, 0x0000000091200000|  0%| F|  |TAMS 0x0000000091100000, 0x0000000091100000| Untracked 
| 274|0x0000000091200000, 0x0000000091200000, 0x0000000091300000|  0%| F|  |TAMS 0x0000000091200000, 0x0000000091200000| Untracked 
| 275|0x0000000091300000, 0x0000000091300000, 0x0000000091400000|  0%| F|  |TAMS 0x0000000091300000, 0x0000000091300000| Untracked 
| 276|0x0000000091400000, 0x0000000091400000, 0x0000000091500000|  0%| F|  |TAMS 0x0000000091400000, 0x0000000091400000| Untracked 
| 277|0x0000000091500000, 0x0000000091500000, 0x0000000091600000|  0%| F|  |TAMS 0x0000000091500000, 0x0000000091500000| Untracked 
| 278|0x0000000091600000, 0x0000000091600000, 0x0000000091700000|  0%| F|  |TAMS 0x0000000091600000, 0x0000000091600000| Untracked 
| 279|0x0000000091700000, 0x0000000091700000, 0x0000000091800000|  0%| F|  |TAMS 0x0000000091700000, 0x0000000091700000| Untracked 
| 280|0x0000000091800000, 0x0000000091800000, 0x0000000091900000|  0%| F|  |TAMS 0x0000000091800000, 0x0000000091800000| Untracked 
| 281|0x0000000091900000, 0x0000000091900000, 0x0000000091a00000|  0%| F|  |TAMS 0x0000000091900000, 0x0000000091900000| Untracked 
| 282|0x0000000091a00000, 0x0000000091a00000, 0x0000000091b00000|  0%| F|  |TAMS 0x0000000091a00000, 0x0000000091a00000| Untracked 
| 283|0x0000000091b00000, 0x0000000091b00000, 0x0000000091c00000|  0%| F|  |TAMS 0x0000000091b00000, 0x0000000091b00000| Untracked 
| 284|0x0000000091c00000, 0x0000000091c00000, 0x0000000091d00000|  0%| F|  |TAMS 0x0000000091c00000, 0x0000000091c00000| Untracked 
| 285|0x0000000091d00000, 0x0000000091d00000, 0x0000000091e00000|  0%| F|  |TAMS 0x0000000091d00000, 0x0000000091d00000| Untracked 
| 286|0x0000000091e00000, 0x0000000091e00000, 0x0000000091f00000|  0%| F|  |TAMS 0x0000000091e00000, 0x0000000091e00000| Untracked 
| 287|0x0000000091f00000, 0x0000000091f00000, 0x0000000092000000|  0%| F|  |TAMS 0x0000000091f00000, 0x0000000091f00000| Untracked 
| 288|0x0000000092000000, 0x0000000092000000, 0x0000000092100000|  0%| F|  |TAMS 0x0000000092000000, 0x0000000092000000| Untracked 
| 289|0x0000000092100000, 0x0000000092100000, 0x0000000092200000|  0%| F|  |TAMS 0x0000000092100000, 0x0000000092100000| Untracked 
| 290|0x0000000092200000, 0x0000000092200000, 0x0000000092300000|  0%| F|  |TAMS 0x0000000092200000, 0x0000000092200000| Untracked 
| 291|0x0000000092300000, 0x0000000092400000, 0x0000000092400000|100%| S|CS|TAMS 0x0000000092300000, 0x0000000092300000| Complete 
| 292|0x0000000092400000, 0x0000000092500000, 0x0000000092500000|100%| S|CS|TAMS 0x0000000092400000, 0x0000000092400000| Complete 
| 293|0x0000000092500000, 0x0000000092600000, 0x0000000092600000|100%| S|CS|TAMS 0x0000000092500000, 0x0000000092500000| Complete 
| 294|0x0000000092600000, 0x0000000092700000, 0x0000000092700000|100%| S|CS|TAMS 0x0000000092600000, 0x0000000092600000| Complete 
| 295|0x0000000092700000, 0x0000000092800000, 0x0000000092800000|100%| S|CS|TAMS 0x0000000092700000, 0x0000000092700000| Complete 
| 296|0x0000000092800000, 0x0000000092900000, 0x0000000092900000|100%| S|CS|TAMS 0x0000000092800000, 0x0000000092800000| Complete 
| 297|0x0000000092900000, 0x0000000092900000, 0x0000000092a00000|  0%| F|  |TAMS 0x0000000092900000, 0x0000000092900000| Untracked 
| 298|0x0000000092a00000, 0x0000000092a00000, 0x0000000092b00000|  0%| F|  |TAMS 0x0000000092a00000, 0x0000000092a00000| Untracked 
| 299|0x0000000092b00000, 0x0000000092b00000, 0x0000000092c00000|  0%| F|  |TAMS 0x0000000092b00000, 0x0000000092b00000| Untracked 
| 300|0x0000000092c00000, 0x0000000092c00000, 0x0000000092d00000|  0%| F|  |TAMS 0x0000000092c00000, 0x0000000092c00000| Untracked 
| 301|0x0000000092d00000, 0x0000000092d00000, 0x0000000092e00000|  0%| F|  |TAMS 0x0000000092d00000, 0x0000000092d00000| Untracked 
| 302|0x0000000092e00000, 0x0000000092e00000, 0x0000000092f00000|  0%| F|  |TAMS 0x0000000092e00000, 0x0000000092e00000| Untracked 
| 303|0x0000000092f00000, 0x0000000092f00000, 0x0000000093000000|  0%| F|  |TAMS 0x0000000092f00000, 0x0000000092f00000| Untracked 
| 304|0x0000000093000000, 0x0000000093000000, 0x0000000093100000|  0%| F|  |TAMS 0x0000000093000000, 0x0000000093000000| Untracked 
| 305|0x0000000093100000, 0x0000000093100000, 0x0000000093200000|  0%| F|  |TAMS 0x0000000093100000, 0x0000000093100000| Untracked 
| 306|0x0000000093200000, 0x0000000093200000, 0x0000000093300000|  0%| F|  |TAMS 0x0000000093200000, 0x0000000093200000| Untracked 
| 307|0x0000000093300000, 0x0000000093300000, 0x0000000093400000|  0%| F|  |TAMS 0x0000000093300000, 0x0000000093300000| Untracked 
| 308|0x0000000093400000, 0x0000000093400000, 0x0000000093500000|  0%| F|  |TAMS 0x0000000093400000, 0x0000000093400000| Untracked 
| 309|0x0000000093500000, 0x0000000093500000, 0x0000000093600000|  0%| F|  |TAMS 0x0000000093500000, 0x0000000093500000| Untracked 
| 310|0x0000000093600000, 0x0000000093600000, 0x0000000093700000|  0%| F|  |TAMS 0x0000000093600000, 0x0000000093600000| Untracked 
| 311|0x0000000093700000, 0x0000000093700000, 0x0000000093800000|  0%| F|  |TAMS 0x0000000093700000, 0x0000000093700000| Untracked 
| 312|0x0000000093800000, 0x0000000093800000, 0x0000000093900000|  0%| F|  |TAMS 0x0000000093800000, 0x0000000093800000| Untracked 
| 313|0x0000000093900000, 0x0000000093900000, 0x0000000093a00000|  0%| F|  |TAMS 0x0000000093900000, 0x0000000093900000| Untracked 
| 314|0x0000000093a00000, 0x0000000093a00000, 0x0000000093b00000|  0%| F|  |TAMS 0x0000000093a00000, 0x0000000093a00000| Untracked 
| 315|0x0000000093b00000, 0x0000000093b00000, 0x0000000093c00000|  0%| F|  |TAMS 0x0000000093b00000, 0x0000000093b00000| Untracked 
| 316|0x0000000093c00000, 0x0000000093c00000, 0x0000000093d00000|  0%| F|  |TAMS 0x0000000093c00000, 0x0000000093c00000| Untracked 
| 317|0x0000000093d00000, 0x0000000093d00000, 0x0000000093e00000|  0%| F|  |TAMS 0x0000000093d00000, 0x0000000093d00000| Untracked 
| 318|0x0000000093e00000, 0x0000000093e00000, 0x0000000093f00000|  0%| F|  |TAMS 0x0000000093e00000, 0x0000000093e00000| Untracked 
| 319|0x0000000093f00000, 0x0000000093f00000, 0x0000000094000000|  0%| F|  |TAMS 0x0000000093f00000, 0x0000000093f00000| Untracked 
| 320|0x0000000094000000, 0x0000000094000000, 0x0000000094100000|  0%| F|  |TAMS 0x0000000094000000, 0x0000000094000000| Untracked 
| 321|0x0000000094100000, 0x0000000094100000, 0x0000000094200000|  0%| F|  |TAMS 0x0000000094100000, 0x0000000094100000| Untracked 
| 322|0x0000000094200000, 0x0000000094200000, 0x0000000094300000|  0%| F|  |TAMS 0x0000000094200000, 0x0000000094200000| Untracked 
| 323|0x0000000094300000, 0x0000000094300000, 0x0000000094400000|  0%| F|  |TAMS 0x0000000094300000, 0x0000000094300000| Untracked 
| 324|0x0000000094400000, 0x0000000094400000, 0x0000000094500000|  0%| F|  |TAMS 0x0000000094400000, 0x0000000094400000| Untracked 
| 325|0x0000000094500000, 0x0000000094500000, 0x0000000094600000|  0%| F|  |TAMS 0x0000000094500000, 0x0000000094500000| Untracked 
| 326|0x0000000094600000, 0x0000000094600000, 0x0000000094700000|  0%| F|  |TAMS 0x0000000094600000, 0x0000000094600000| Untracked 
| 327|0x0000000094700000, 0x0000000094700000, 0x0000000094800000|  0%| F|  |TAMS 0x0000000094700000, 0x0000000094700000| Untracked 
| 328|0x0000000094800000, 0x0000000094800000, 0x0000000094900000|  0%| F|  |TAMS 0x0000000094800000, 0x0000000094800000| Untracked 
| 329|0x0000000094900000, 0x00000000949d2260, 0x0000000094a00000| 82%| E|  |TAMS 0x0000000094900000, 0x0000000094900000| Complete 
| 330|0x0000000094a00000, 0x0000000094b00000, 0x0000000094b00000|100%| E|CS|TAMS 0x0000000094a00000, 0x0000000094a00000| Complete 
| 331|0x0000000094b00000, 0x0000000094c00000, 0x0000000094c00000|100%| E|CS|TAMS 0x0000000094b00000, 0x0000000094b00000| Complete 
| 332|0x0000000094c00000, 0x0000000094d00000, 0x0000000094d00000|100%| E|CS|TAMS 0x0000000094c00000, 0x0000000094c00000| Complete 
| 333|0x0000000094d00000, 0x0000000094e00000, 0x0000000094e00000|100%| E|CS|TAMS 0x0000000094d00000, 0x0000000094d00000| Complete 
| 334|0x0000000094e00000, 0x0000000094f00000, 0x0000000094f00000|100%| E|CS|TAMS 0x0000000094e00000, 0x0000000094e00000| Complete 
| 335|0x0000000094f00000, 0x0000000095000000, 0x0000000095000000|100%| E|CS|TAMS 0x0000000094f00000, 0x0000000094f00000| Complete 
| 336|0x0000000095000000, 0x0000000095100000, 0x0000000095100000|100%| E|CS|TAMS 0x0000000095000000, 0x0000000095000000| Complete 
| 337|0x0000000095100000, 0x0000000095200000, 0x0000000095200000|100%| E|CS|TAMS 0x0000000095100000, 0x0000000095100000| Complete 
| 338|0x0000000095200000, 0x0000000095300000, 0x0000000095300000|100%| E|CS|TAMS 0x0000000095200000, 0x0000000095200000| Complete 
| 339|0x0000000095300000, 0x0000000095400000, 0x0000000095400000|100%| E|CS|TAMS 0x0000000095300000, 0x0000000095300000| Complete 
| 340|0x0000000095400000, 0x0000000095500000, 0x0000000095500000|100%| E|CS|TAMS 0x0000000095400000, 0x0000000095400000| Complete 
| 341|0x0000000095500000, 0x0000000095600000, 0x0000000095600000|100%| E|CS|TAMS 0x0000000095500000, 0x0000000095500000| Complete 
| 342|0x0000000095600000, 0x0000000095700000, 0x0000000095700000|100%| E|CS|TAMS 0x0000000095600000, 0x0000000095600000| Complete 
| 343|0x0000000095700000, 0x0000000095800000, 0x0000000095800000|100%| E|CS|TAMS 0x0000000095700000, 0x0000000095700000| Complete 
| 344|0x0000000095800000, 0x0000000095900000, 0x0000000095900000|100%| E|CS|TAMS 0x0000000095800000, 0x0000000095800000| Complete 
| 345|0x0000000095900000, 0x0000000095a00000, 0x0000000095a00000|100%| E|CS|TAMS 0x0000000095900000, 0x0000000095900000| Complete 
| 346|0x0000000095a00000, 0x0000000095b00000, 0x0000000095b00000|100%| E|CS|TAMS 0x0000000095a00000, 0x0000000095a00000| Complete 
| 347|0x0000000095b00000, 0x0000000095c00000, 0x0000000095c00000|100%| E|CS|TAMS 0x0000000095b00000, 0x0000000095b00000| Complete 
| 348|0x0000000095c00000, 0x0000000095d00000, 0x0000000095d00000|100%| E|CS|TAMS 0x0000000095c00000, 0x0000000095c00000| Complete 
| 349|0x0000000095d00000, 0x0000000095e00000, 0x0000000095e00000|100%| E|CS|TAMS 0x0000000095d00000, 0x0000000095d00000| Complete 
| 350|0x0000000095e00000, 0x0000000095f00000, 0x0000000095f00000|100%| E|CS|TAMS 0x0000000095e00000, 0x0000000095e00000| Complete 
| 351|0x0000000095f00000, 0x0000000096000000, 0x0000000096000000|100%| E|CS|TAMS 0x0000000095f00000, 0x0000000095f00000| Complete 
| 352|0x0000000096000000, 0x0000000096100000, 0x0000000096100000|100%| E|CS|TAMS 0x0000000096000000, 0x0000000096000000| Complete 
| 353|0x0000000096100000, 0x0000000096200000, 0x0000000096200000|100%| E|CS|TAMS 0x0000000096100000, 0x0000000096100000| Complete 
| 354|0x0000000096200000, 0x0000000096300000, 0x0000000096300000|100%| E|CS|TAMS 0x0000000096200000, 0x0000000096200000| Complete 
| 355|0x0000000096300000, 0x0000000096400000, 0x0000000096400000|100%| E|CS|TAMS 0x0000000096300000, 0x0000000096300000| Complete 
| 356|0x0000000096400000, 0x0000000096500000, 0x0000000096500000|100%| E|CS|TAMS 0x0000000096400000, 0x0000000096400000| Complete 
| 357|0x0000000096500000, 0x0000000096600000, 0x0000000096600000|100%| E|CS|TAMS 0x0000000096500000, 0x0000000096500000| Complete 
| 358|0x0000000096600000, 0x0000000096700000, 0x0000000096700000|100%| E|CS|TAMS 0x0000000096600000, 0x0000000096600000| Complete 
| 359|0x0000000096700000, 0x0000000096800000, 0x0000000096800000|100%| E|CS|TAMS 0x0000000096700000, 0x0000000096700000| Complete 
| 360|0x0000000096800000, 0x0000000096900000, 0x0000000096900000|100%| E|CS|TAMS 0x0000000096800000, 0x0000000096800000| Complete 
| 361|0x0000000096900000, 0x0000000096a00000, 0x0000000096a00000|100%| E|CS|TAMS 0x0000000096900000, 0x0000000096900000| Complete 
| 362|0x0000000096a00000, 0x0000000096b00000, 0x0000000096b00000|100%| E|CS|TAMS 0x0000000096a00000, 0x0000000096a00000| Complete 
| 363|0x0000000096b00000, 0x0000000096c00000, 0x0000000096c00000|100%| E|CS|TAMS 0x0000000096b00000, 0x0000000096b00000| Complete 
| 364|0x0000000096c00000, 0x0000000096d00000, 0x0000000096d00000|100%| E|CS|TAMS 0x0000000096c00000, 0x0000000096c00000| Complete 
| 365|0x0000000096d00000, 0x0000000096e00000, 0x0000000096e00000|100%| E|CS|TAMS 0x0000000096d00000, 0x0000000096d00000| Complete 
| 366|0x0000000096e00000, 0x0000000096f00000, 0x0000000096f00000|100%| E|CS|TAMS 0x0000000096e00000, 0x0000000096e00000| Complete 
| 367|0x0000000096f00000, 0x0000000097000000, 0x0000000097000000|100%| E|CS|TAMS 0x0000000096f00000, 0x0000000096f00000| Complete 
| 368|0x0000000097000000, 0x0000000097100000, 0x0000000097100000|100%| E|CS|TAMS 0x0000000097000000, 0x0000000097000000| Complete 
| 369|0x0000000097100000, 0x0000000097200000, 0x0000000097200000|100%| E|CS|TAMS 0x0000000097100000, 0x0000000097100000| Complete 
| 370|0x0000000097200000, 0x0000000097300000, 0x0000000097300000|100%| E|CS|TAMS 0x0000000097200000, 0x0000000097200000| Complete 
| 371|0x0000000097300000, 0x0000000097400000, 0x0000000097400000|100%| E|CS|TAMS 0x0000000097300000, 0x0000000097300000| Complete 
| 372|0x0000000097400000, 0x0000000097500000, 0x0000000097500000|100%| E|CS|TAMS 0x0000000097400000, 0x0000000097400000| Complete 
| 373|0x0000000097500000, 0x0000000097600000, 0x0000000097600000|100%| E|CS|TAMS 0x0000000097500000, 0x0000000097500000| Complete 
| 374|0x0000000097600000, 0x0000000097700000, 0x0000000097700000|100%| E|CS|TAMS 0x0000000097600000, 0x0000000097600000| Complete 
| 375|0x0000000097700000, 0x0000000097800000, 0x0000000097800000|100%| E|CS|TAMS 0x0000000097700000, 0x0000000097700000| Complete 
| 376|0x0000000097800000, 0x0000000097900000, 0x0000000097900000|100%| E|CS|TAMS 0x0000000097800000, 0x0000000097800000| Complete 
| 377|0x0000000097900000, 0x0000000097a00000, 0x0000000097a00000|100%| E|CS|TAMS 0x0000000097900000, 0x0000000097900000| Complete 
| 378|0x0000000097a00000, 0x0000000097b00000, 0x0000000097b00000|100%| E|CS|TAMS 0x0000000097a00000, 0x0000000097a00000| Complete 
| 379|0x0000000097b00000, 0x0000000097c00000, 0x0000000097c00000|100%| E|CS|TAMS 0x0000000097b00000, 0x0000000097b00000| Complete 
| 380|0x0000000097c00000, 0x0000000097d00000, 0x0000000097d00000|100%| E|CS|TAMS 0x0000000097c00000, 0x0000000097c00000| Complete 
| 381|0x0000000097d00000, 0x0000000097e00000, 0x0000000097e00000|100%| E|CS|TAMS 0x0000000097d00000, 0x0000000097d00000| Complete 
| 382|0x0000000097e00000, 0x0000000097f00000, 0x0000000097f00000|100%| E|CS|TAMS 0x0000000097e00000, 0x0000000097e00000| Complete 
| 383|0x0000000097f00000, 0x0000000098000000, 0x0000000098000000|100%| E|CS|TAMS 0x0000000097f00000, 0x0000000097f00000| Complete 
| 384|0x0000000098000000, 0x0000000098100000, 0x0000000098100000|100%| E|CS|TAMS 0x0000000098000000, 0x0000000098000000| Complete 
| 385|0x0000000098100000, 0x0000000098200000, 0x0000000098200000|100%| E|CS|TAMS 0x0000000098100000, 0x0000000098100000| Complete 
| 386|0x0000000098200000, 0x0000000098300000, 0x0000000098300000|100%| E|CS|TAMS 0x0000000098200000, 0x0000000098200000| Complete 
| 387|0x0000000098300000, 0x0000000098400000, 0x0000000098400000|100%| E|CS|TAMS 0x0000000098300000, 0x0000000098300000| Complete 
| 388|0x0000000098400000, 0x0000000098500000, 0x0000000098500000|100%| E|CS|TAMS 0x0000000098400000, 0x0000000098400000| Complete 
| 389|0x0000000098500000, 0x0000000098600000, 0x0000000098600000|100%| E|CS|TAMS 0x0000000098500000, 0x0000000098500000| Complete 
| 390|0x0000000098600000, 0x0000000098700000, 0x0000000098700000|100%| E|CS|TAMS 0x0000000098600000, 0x0000000098600000| Complete 
| 391|0x0000000098700000, 0x0000000098800000, 0x0000000098800000|100%| E|CS|TAMS 0x0000000098700000, 0x0000000098700000| Complete 
| 392|0x0000000098800000, 0x0000000098900000, 0x0000000098900000|100%| E|CS|TAMS 0x0000000098800000, 0x0000000098800000| Complete 
| 393|0x0000000098900000, 0x0000000098a00000, 0x0000000098a00000|100%| E|CS|TAMS 0x0000000098900000, 0x0000000098900000| Complete 
| 394|0x0000000098a00000, 0x0000000098b00000, 0x0000000098b00000|100%| E|CS|TAMS 0x0000000098a00000, 0x0000000098a00000| Complete 
| 395|0x0000000098b00000, 0x0000000098c00000, 0x0000000098c00000|100%| E|CS|TAMS 0x0000000098b00000, 0x0000000098b00000| Complete 
| 396|0x0000000098c00000, 0x0000000098d00000, 0x0000000098d00000|100%| E|CS|TAMS 0x0000000098c00000, 0x0000000098c00000| Complete 
| 397|0x0000000098d00000, 0x0000000098e00000, 0x0000000098e00000|100%| E|CS|TAMS 0x0000000098d00000, 0x0000000098d00000| Complete 
| 398|0x0000000098e00000, 0x0000000098f00000, 0x0000000098f00000|100%| E|CS|TAMS 0x0000000098e00000, 0x0000000098e00000| Complete 
| 399|0x0000000098f00000, 0x0000000099000000, 0x0000000099000000|100%| E|CS|TAMS 0x0000000098f00000, 0x0000000098f00000| Complete 
| 400|0x0000000099000000, 0x0000000099100000, 0x0000000099100000|100%| E|CS|TAMS 0x0000000099000000, 0x0000000099000000| Complete 
| 401|0x0000000099100000, 0x0000000099200000, 0x0000000099200000|100%| E|CS|TAMS 0x0000000099100000, 0x0000000099100000| Complete 
| 402|0x0000000099200000, 0x0000000099300000, 0x0000000099300000|100%| E|CS|TAMS 0x0000000099200000, 0x0000000099200000| Complete 
| 403|0x0000000099300000, 0x0000000099400000, 0x0000000099400000|100%| E|CS|TAMS 0x0000000099300000, 0x0000000099300000| Complete 
| 404|0x0000000099400000, 0x0000000099500000, 0x0000000099500000|100%| E|CS|TAMS 0x0000000099400000, 0x0000000099400000| Complete 
| 405|0x0000000099500000, 0x0000000099600000, 0x0000000099600000|100%| E|CS|TAMS 0x0000000099500000, 0x0000000099500000| Complete 
| 406|0x0000000099600000, 0x0000000099700000, 0x0000000099700000|100%| E|CS|TAMS 0x0000000099600000, 0x0000000099600000| Complete 
| 407|0x0000000099700000, 0x0000000099800000, 0x0000000099800000|100%| E|CS|TAMS 0x0000000099700000, 0x0000000099700000| Complete 
| 408|0x0000000099800000, 0x0000000099900000, 0x0000000099900000|100%| E|CS|TAMS 0x0000000099800000, 0x0000000099800000| Complete 
| 409|0x0000000099900000, 0x0000000099a00000, 0x0000000099a00000|100%| E|CS|TAMS 0x0000000099900000, 0x0000000099900000| Complete 
| 410|0x0000000099a00000, 0x0000000099b00000, 0x0000000099b00000|100%| E|CS|TAMS 0x0000000099a00000, 0x0000000099a00000| Complete 
| 411|0x0000000099b00000, 0x0000000099c00000, 0x0000000099c00000|100%| E|CS|TAMS 0x0000000099b00000, 0x0000000099b00000| Complete 
| 412|0x0000000099c00000, 0x0000000099d00000, 0x0000000099d00000|100%| E|CS|TAMS 0x0000000099c00000, 0x0000000099c00000| Complete 
| 413|0x0000000099d00000, 0x0000000099e00000, 0x0000000099e00000|100%| E|CS|TAMS 0x0000000099d00000, 0x0000000099d00000| Complete 
| 414|0x0000000099e00000, 0x0000000099f00000, 0x0000000099f00000|100%| E|CS|TAMS 0x0000000099e00000, 0x0000000099e00000| Complete 
| 415|0x0000000099f00000, 0x000000009a000000, 0x000000009a000000|100%| E|CS|TAMS 0x0000000099f00000, 0x0000000099f00000| Complete 
| 416|0x000000009a000000, 0x000000009a100000, 0x000000009a100000|100%| E|CS|TAMS 0x000000009a000000, 0x000000009a000000| Complete 
| 417|0x000000009a100000, 0x000000009a200000, 0x000000009a200000|100%| E|CS|TAMS 0x000000009a100000, 0x000000009a100000| Complete 
| 418|0x000000009a200000, 0x000000009a300000, 0x000000009a300000|100%| E|CS|TAMS 0x000000009a200000, 0x000000009a200000| Complete 
| 419|0x000000009a300000, 0x000000009a400000, 0x000000009a400000|100%| E|CS|TAMS 0x000000009a300000, 0x000000009a300000| Complete 
| 420|0x000000009a400000, 0x000000009a500000, 0x000000009a500000|100%| E|CS|TAMS 0x000000009a400000, 0x000000009a400000| Complete 
| 421|0x000000009a500000, 0x000000009a600000, 0x000000009a600000|100%| E|CS|TAMS 0x000000009a500000, 0x000000009a500000| Complete 
| 422|0x000000009a600000, 0x000000009a700000, 0x000000009a700000|100%| E|CS|TAMS 0x000000009a600000, 0x000000009a600000| Complete 
| 423|0x000000009a700000, 0x000000009a800000, 0x000000009a800000|100%| E|CS|TAMS 0x000000009a700000, 0x000000009a700000| Complete 
| 424|0x000000009a800000, 0x000000009a900000, 0x000000009a900000|100%| E|CS|TAMS 0x000000009a800000, 0x000000009a800000| Complete 
| 425|0x000000009a900000, 0x000000009aa00000, 0x000000009aa00000|100%| E|CS|TAMS 0x000000009a900000, 0x000000009a900000| Complete 
| 426|0x000000009aa00000, 0x000000009ab00000, 0x000000009ab00000|100%| E|CS|TAMS 0x000000009aa00000, 0x000000009aa00000| Complete 
| 427|0x000000009ab00000, 0x000000009ac00000, 0x000000009ac00000|100%| E|CS|TAMS 0x000000009ab00000, 0x000000009ab00000| Complete 
| 428|0x000000009ac00000, 0x000000009ad00000, 0x000000009ad00000|100%| E|CS|TAMS 0x000000009ac00000, 0x000000009ac00000| Complete 
| 429|0x000000009ad00000, 0x000000009ae00000, 0x000000009ae00000|100%| E|CS|TAMS 0x000000009ad00000, 0x000000009ad00000| Complete 
| 430|0x000000009ae00000, 0x000000009af00000, 0x000000009af00000|100%| E|CS|TAMS 0x000000009ae00000, 0x000000009ae00000| Complete 
| 431|0x000000009af00000, 0x000000009b000000, 0x000000009b000000|100%| E|CS|TAMS 0x000000009af00000, 0x000000009af00000| Complete 
| 432|0x000000009b000000, 0x000000009b100000, 0x000000009b100000|100%| E|CS|TAMS 0x000000009b000000, 0x000000009b000000| Complete 
| 433|0x000000009b100000, 0x000000009b200000, 0x000000009b200000|100%| E|CS|TAMS 0x000000009b100000, 0x000000009b100000| Complete 
| 434|0x000000009b200000, 0x000000009b300000, 0x000000009b300000|100%| E|CS|TAMS 0x000000009b200000, 0x000000009b200000| Complete 
| 435|0x000000009b300000, 0x000000009b400000, 0x000000009b400000|100%| E|CS|TAMS 0x000000009b300000, 0x000000009b300000| Complete 
| 436|0x000000009b400000, 0x000000009b500000, 0x000000009b500000|100%| E|CS|TAMS 0x000000009b400000, 0x000000009b400000| Complete 
| 437|0x000000009b500000, 0x000000009b600000, 0x000000009b600000|100%| E|CS|TAMS 0x000000009b500000, 0x000000009b500000| Complete 
| 438|0x000000009b600000, 0x000000009b700000, 0x000000009b700000|100%| E|CS|TAMS 0x000000009b600000, 0x000000009b600000| Complete 
| 439|0x000000009b700000, 0x000000009b800000, 0x000000009b800000|100%| E|CS|TAMS 0x000000009b700000, 0x000000009b700000| Complete 
| 440|0x000000009b800000, 0x000000009b900000, 0x000000009b900000|100%| E|CS|TAMS 0x000000009b800000, 0x000000009b800000| Complete 
| 441|0x000000009b900000, 0x000000009ba00000, 0x000000009ba00000|100%| E|CS|TAMS 0x000000009b900000, 0x000000009b900000| Complete 
| 442|0x000000009ba00000, 0x000000009bb00000, 0x000000009bb00000|100%| E|CS|TAMS 0x000000009ba00000, 0x000000009ba00000| Complete 
| 443|0x000000009bb00000, 0x000000009bc00000, 0x000000009bc00000|100%| E|CS|TAMS 0x000000009bb00000, 0x000000009bb00000| Complete 
| 444|0x000000009bc00000, 0x000000009bd00000, 0x000000009bd00000|100%| E|CS|TAMS 0x000000009bc00000, 0x000000009bc00000| Complete 
| 445|0x000000009bd00000, 0x000000009be00000, 0x000000009be00000|100%| E|CS|TAMS 0x000000009bd00000, 0x000000009bd00000| Complete 
| 446|0x000000009be00000, 0x000000009bf00000, 0x000000009bf00000|100%| E|CS|TAMS 0x000000009be00000, 0x000000009be00000| Complete 
| 447|0x000000009bf00000, 0x000000009c000000, 0x000000009c000000|100%| E|CS|TAMS 0x000000009bf00000, 0x000000009bf00000| Complete 
| 448|0x000000009c000000, 0x000000009c100000, 0x000000009c100000|100%| E|CS|TAMS 0x000000009c000000, 0x000000009c000000| Complete 
| 449|0x000000009c100000, 0x000000009c200000, 0x000000009c200000|100%| E|CS|TAMS 0x000000009c100000, 0x000000009c100000| Complete 
| 450|0x000000009c200000, 0x000000009c300000, 0x000000009c300000|100%| E|  |TAMS 0x000000009c200000, 0x000000009c200000| Complete 
| 451|0x000000009c300000, 0x000000009c400000, 0x000000009c400000|100%| E|CS|TAMS 0x000000009c300000, 0x000000009c300000| Complete 
| 452|0x000000009c400000, 0x000000009c500000, 0x000000009c500000|100%| E|CS|TAMS 0x000000009c400000, 0x000000009c400000| Complete 
| 453|0x000000009c500000, 0x000000009c600000, 0x000000009c600000|100%| E|CS|TAMS 0x000000009c500000, 0x000000009c500000| Complete 
| 454|0x000000009c600000, 0x000000009c700000, 0x000000009c700000|100%| E|CS|TAMS 0x000000009c600000, 0x000000009c600000| Complete 
| 455|0x000000009c700000, 0x000000009c800000, 0x000000009c800000|100%| E|CS|TAMS 0x000000009c700000, 0x000000009c700000| Complete 
| 456|0x000000009c800000, 0x000000009c900000, 0x000000009c900000|100%| E|CS|TAMS 0x000000009c800000, 0x000000009c800000| Complete 
| 457|0x000000009c900000, 0x000000009ca00000, 0x000000009ca00000|100%| E|CS|TAMS 0x000000009c900000, 0x000000009c900000| Complete 
| 458|0x000000009ca00000, 0x000000009cb00000, 0x000000009cb00000|100%| E|CS|TAMS 0x000000009ca00000, 0x000000009ca00000| Complete 
| 459|0x000000009cb00000, 0x000000009cc00000, 0x000000009cc00000|100%| E|CS|TAMS 0x000000009cb00000, 0x000000009cb00000| Complete 
| 460|0x000000009cc00000, 0x000000009cd00000, 0x000000009cd00000|100%| E|CS|TAMS 0x000000009cc00000, 0x000000009cc00000| Complete 
| 461|0x000000009cd00000, 0x000000009ce00000, 0x000000009ce00000|100%| E|CS|TAMS 0x000000009cd00000, 0x000000009cd00000| Complete 
| 462|0x000000009ce00000, 0x000000009cf00000, 0x000000009cf00000|100%| E|CS|TAMS 0x000000009ce00000, 0x000000009ce00000| Complete 
| 463|0x000000009cf00000, 0x000000009d000000, 0x000000009d000000|100%| E|CS|TAMS 0x000000009cf00000, 0x000000009cf00000| Complete 
| 464|0x000000009d000000, 0x000000009d100000, 0x000000009d100000|100%| E|CS|TAMS 0x000000009d000000, 0x000000009d000000| Complete 
| 465|0x000000009d100000, 0x000000009d200000, 0x000000009d200000|100%| E|CS|TAMS 0x000000009d100000, 0x000000009d100000| Complete 
| 466|0x000000009d200000, 0x000000009d300000, 0x000000009d300000|100%| E|CS|TAMS 0x000000009d200000, 0x000000009d200000| Complete 
| 467|0x000000009d300000, 0x000000009d400000, 0x000000009d400000|100%| E|CS|TAMS 0x000000009d300000, 0x000000009d300000| Complete 
| 468|0x000000009d400000, 0x000000009d500000, 0x000000009d500000|100%| E|CS|TAMS 0x000000009d400000, 0x000000009d400000| Complete 
| 469|0x000000009d500000, 0x000000009d600000, 0x000000009d600000|100%| E|CS|TAMS 0x000000009d500000, 0x000000009d500000| Complete 
| 470|0x000000009d600000, 0x000000009d700000, 0x000000009d700000|100%| E|CS|TAMS 0x000000009d600000, 0x000000009d600000| Complete 
| 471|0x000000009d700000, 0x000000009d800000, 0x000000009d800000|100%| E|CS|TAMS 0x000000009d700000, 0x000000009d700000| Complete 
| 472|0x000000009d800000, 0x000000009d900000, 0x000000009d900000|100%| E|CS|TAMS 0x000000009d800000, 0x000000009d800000| Complete 
| 473|0x000000009d900000, 0x000000009da00000, 0x000000009da00000|100%| E|CS|TAMS 0x000000009d900000, 0x000000009d900000| Complete 
| 474|0x000000009da00000, 0x000000009db00000, 0x000000009db00000|100%| E|CS|TAMS 0x000000009da00000, 0x000000009da00000| Complete 
| 475|0x000000009db00000, 0x000000009dc00000, 0x000000009dc00000|100%| E|CS|TAMS 0x000000009db00000, 0x000000009db00000| Complete 
| 476|0x000000009dc00000, 0x000000009dd00000, 0x000000009dd00000|100%| E|CS|TAMS 0x000000009dc00000, 0x000000009dc00000| Complete 
| 477|0x000000009dd00000, 0x000000009de00000, 0x000000009de00000|100%| E|CS|TAMS 0x000000009dd00000, 0x000000009dd00000| Complete 
| 478|0x000000009de00000, 0x000000009df00000, 0x000000009df00000|100%| E|CS|TAMS 0x000000009de00000, 0x000000009de00000| Complete 
| 479|0x000000009df00000, 0x000000009e000000, 0x000000009e000000|100%| E|CS|TAMS 0x000000009df00000, 0x000000009df00000| Complete 
| 480|0x000000009e000000, 0x000000009e100000, 0x000000009e100000|100%| E|CS|TAMS 0x000000009e000000, 0x000000009e000000| Complete 
| 481|0x000000009e100000, 0x000000009e200000, 0x000000009e200000|100%| E|CS|TAMS 0x000000009e100000, 0x000000009e100000| Complete 
| 482|0x000000009e200000, 0x000000009e300000, 0x000000009e300000|100%| E|CS|TAMS 0x000000009e200000, 0x000000009e200000| Complete 
| 483|0x000000009e300000, 0x000000009e400000, 0x000000009e400000|100%| E|CS|TAMS 0x000000009e300000, 0x000000009e300000| Complete 
| 484|0x000000009e400000, 0x000000009e500000, 0x000000009e500000|100%| E|CS|TAMS 0x000000009e400000, 0x000000009e400000| Complete 
| 485|0x000000009e500000, 0x000000009e600000, 0x000000009e600000|100%| E|CS|TAMS 0x000000009e500000, 0x000000009e500000| Complete 
| 486|0x000000009e600000, 0x000000009e700000, 0x000000009e700000|100%| E|CS|TAMS 0x000000009e600000, 0x000000009e600000| Complete 
| 487|0x000000009e700000, 0x000000009e800000, 0x000000009e800000|100%| E|CS|TAMS 0x000000009e700000, 0x000000009e700000| Complete 
| 488|0x000000009e800000, 0x000000009e900000, 0x000000009e900000|100%| E|CS|TAMS 0x000000009e800000, 0x000000009e800000| Complete 
| 489|0x000000009e900000, 0x000000009ea00000, 0x000000009ea00000|100%| E|CS|TAMS 0x000000009e900000, 0x000000009e900000| Complete 
| 490|0x000000009ea00000, 0x000000009eb00000, 0x000000009eb00000|100%| E|CS|TAMS 0x000000009ea00000, 0x000000009ea00000| Complete 
| 491|0x000000009eb00000, 0x000000009ec00000, 0x000000009ec00000|100%| E|CS|TAMS 0x000000009eb00000, 0x000000009eb00000| Complete 
| 492|0x000000009ec00000, 0x000000009ed00000, 0x000000009ed00000|100%| E|CS|TAMS 0x000000009ec00000, 0x000000009ec00000| Complete 
| 493|0x000000009ed00000, 0x000000009ee00000, 0x000000009ee00000|100%| E|CS|TAMS 0x000000009ed00000, 0x000000009ed00000| Complete 
| 494|0x000000009ee00000, 0x000000009ef00000, 0x000000009ef00000|100%| E|CS|TAMS 0x000000009ee00000, 0x000000009ee00000| Complete 
| 495|0x000000009ef00000, 0x000000009f000000, 0x000000009f000000|100%| E|CS|TAMS 0x000000009ef00000, 0x000000009ef00000| Complete 
| 496|0x000000009f000000, 0x000000009f100000, 0x000000009f100000|100%| E|CS|TAMS 0x000000009f000000, 0x000000009f000000| Complete 
| 497|0x000000009f100000, 0x000000009f200000, 0x000000009f200000|100%| E|CS|TAMS 0x000000009f100000, 0x000000009f100000| Complete 
| 498|0x000000009f200000, 0x000000009f300000, 0x000000009f300000|100%| E|CS|TAMS 0x000000009f200000, 0x000000009f200000| Complete 
| 499|0x000000009f300000, 0x000000009f400000, 0x000000009f400000|100%| E|CS|TAMS 0x000000009f300000, 0x000000009f300000| Complete 
| 500|0x000000009f400000, 0x000000009f500000, 0x000000009f500000|100%| E|CS|TAMS 0x000000009f400000, 0x000000009f400000| Complete 
| 501|0x000000009f500000, 0x000000009f600000, 0x000000009f600000|100%| E|CS|TAMS 0x000000009f500000, 0x000000009f500000| Complete 
| 502|0x000000009f600000, 0x000000009f700000, 0x000000009f700000|100%| E|CS|TAMS 0x000000009f600000, 0x000000009f600000| Complete 
| 503|0x000000009f700000, 0x000000009f800000, 0x000000009f800000|100%| E|CS|TAMS 0x000000009f700000, 0x000000009f700000| Complete 
| 504|0x000000009f800000, 0x000000009f900000, 0x000000009f900000|100%| E|CS|TAMS 0x000000009f800000, 0x000000009f800000| Complete 
| 505|0x000000009f900000, 0x000000009fa00000, 0x000000009fa00000|100%| E|CS|TAMS 0x000000009f900000, 0x000000009f900000| Complete 
| 506|0x000000009fa00000, 0x000000009fb00000, 0x000000009fb00000|100%| E|CS|TAMS 0x000000009fa00000, 0x000000009fa00000| Complete 
| 507|0x000000009fb00000, 0x000000009fc00000, 0x000000009fc00000|100%| E|CS|TAMS 0x000000009fb00000, 0x000000009fb00000| Complete 
| 508|0x000000009fc00000, 0x000000009fd00000, 0x000000009fd00000|100%| E|CS|TAMS 0x000000009fc00000, 0x000000009fc00000| Complete 
| 509|0x000000009fd00000, 0x000000009fe00000, 0x000000009fe00000|100%| E|CS|TAMS 0x000000009fd00000, 0x000000009fd00000| Complete 
| 510|0x000000009fe00000, 0x000000009ff00000, 0x000000009ff00000|100%| E|CS|TAMS 0x000000009fe00000, 0x000000009fe00000| Complete 
| 511|0x000000009ff00000, 0x00000000a0000000, 0x00000000a0000000|100%| E|CS|TAMS 0x000000009ff00000, 0x000000009ff00000| Complete 
| 512|0x00000000a0000000, 0x00000000a0100000, 0x00000000a0100000|100%| E|CS|TAMS 0x00000000a0000000, 0x00000000a0000000| Complete 
| 513|0x00000000a0100000, 0x00000000a0200000, 0x00000000a0200000|100%| E|CS|TAMS 0x00000000a0100000, 0x00000000a0100000| Complete 
| 514|0x00000000a0200000, 0x00000000a0300000, 0x00000000a0300000|100%| E|CS|TAMS 0x00000000a0200000, 0x00000000a0200000| Complete 
| 515|0x00000000a0300000, 0x00000000a0400000, 0x00000000a0400000|100%| E|CS|TAMS 0x00000000a0300000, 0x00000000a0300000| Complete 
| 516|0x00000000a0400000, 0x00000000a0500000, 0x00000000a0500000|100%| E|CS|TAMS 0x00000000a0400000, 0x00000000a0400000| Complete 
| 517|0x00000000a0500000, 0x00000000a0600000, 0x00000000a0600000|100%| E|CS|TAMS 0x00000000a0500000, 0x00000000a0500000| Complete 
| 518|0x00000000a0600000, 0x00000000a0700000, 0x00000000a0700000|100%| E|CS|TAMS 0x00000000a0600000, 0x00000000a0600000| Complete 
| 519|0x00000000a0700000, 0x00000000a0800000, 0x00000000a0800000|100%| E|CS|TAMS 0x00000000a0700000, 0x00000000a0700000| Complete 
| 520|0x00000000a0800000, 0x00000000a0900000, 0x00000000a0900000|100%| E|CS|TAMS 0x00000000a0800000, 0x00000000a0800000| Complete 
| 521|0x00000000a0900000, 0x00000000a0a00000, 0x00000000a0a00000|100%| E|CS|TAMS 0x00000000a0900000, 0x00000000a0900000| Complete 
| 522|0x00000000a0a00000, 0x00000000a0b00000, 0x00000000a0b00000|100%| E|CS|TAMS 0x00000000a0a00000, 0x00000000a0a00000| Complete 
| 523|0x00000000a0b00000, 0x00000000a0c00000, 0x00000000a0c00000|100%| E|CS|TAMS 0x00000000a0b00000, 0x00000000a0b00000| Complete 
| 524|0x00000000a0c00000, 0x00000000a0d00000, 0x00000000a0d00000|100%| E|CS|TAMS 0x00000000a0c00000, 0x00000000a0c00000| Complete 
| 525|0x00000000a0d00000, 0x00000000a0e00000, 0x00000000a0e00000|100%| E|CS|TAMS 0x00000000a0d00000, 0x00000000a0d00000| Complete 
| 526|0x00000000a0e00000, 0x00000000a0f00000, 0x00000000a0f00000|100%| E|CS|TAMS 0x00000000a0e00000, 0x00000000a0e00000| Complete 
| 527|0x00000000a0f00000, 0x00000000a1000000, 0x00000000a1000000|100%| E|CS|TAMS 0x00000000a0f00000, 0x00000000a0f00000| Complete 
| 528|0x00000000a1000000, 0x00000000a1100000, 0x00000000a1100000|100%| E|CS|TAMS 0x00000000a1000000, 0x00000000a1000000| Complete 
| 529|0x00000000a1100000, 0x00000000a1200000, 0x00000000a1200000|100%| E|CS|TAMS 0x00000000a1100000, 0x00000000a1100000| Complete 
| 530|0x00000000a1200000, 0x00000000a1300000, 0x00000000a1300000|100%| E|CS|TAMS 0x00000000a1200000, 0x00000000a1200000| Complete 
| 531|0x00000000a1300000, 0x00000000a1400000, 0x00000000a1400000|100%| E|CS|TAMS 0x00000000a1300000, 0x00000000a1300000| Complete 
| 532|0x00000000a1400000, 0x00000000a1500000, 0x00000000a1500000|100%| E|CS|TAMS 0x00000000a1400000, 0x00000000a1400000| Complete 
| 533|0x00000000a1500000, 0x00000000a1600000, 0x00000000a1600000|100%| E|CS|TAMS 0x00000000a1500000, 0x00000000a1500000| Complete 
| 534|0x00000000a1600000, 0x00000000a1700000, 0x00000000a1700000|100%| E|CS|TAMS 0x00000000a1600000, 0x00000000a1600000| Complete 
| 535|0x00000000a1700000, 0x00000000a1800000, 0x00000000a1800000|100%| E|CS|TAMS 0x00000000a1700000, 0x00000000a1700000| Complete 
| 536|0x00000000a1800000, 0x00000000a1900000, 0x00000000a1900000|100%| E|CS|TAMS 0x00000000a1800000, 0x00000000a1800000| Complete 
| 537|0x00000000a1900000, 0x00000000a1a00000, 0x00000000a1a00000|100%| E|CS|TAMS 0x00000000a1900000, 0x00000000a1900000| Complete 
| 538|0x00000000a1a00000, 0x00000000a1b00000, 0x00000000a1b00000|100%| E|CS|TAMS 0x00000000a1a00000, 0x00000000a1a00000| Complete 
| 539|0x00000000a1b00000, 0x00000000a1c00000, 0x00000000a1c00000|100%| E|CS|TAMS 0x00000000a1b00000, 0x00000000a1b00000| Complete 
| 540|0x00000000a1c00000, 0x00000000a1d00000, 0x00000000a1d00000|100%| E|CS|TAMS 0x00000000a1c00000, 0x00000000a1c00000| Complete 
| 541|0x00000000a1d00000, 0x00000000a1e00000, 0x00000000a1e00000|100%| E|CS|TAMS 0x00000000a1d00000, 0x00000000a1d00000| Complete 
| 542|0x00000000a1e00000, 0x00000000a1f00000, 0x00000000a1f00000|100%| E|CS|TAMS 0x00000000a1e00000, 0x00000000a1e00000| Complete 
| 543|0x00000000a1f00000, 0x00000000a2000000, 0x00000000a2000000|100%| E|CS|TAMS 0x00000000a1f00000, 0x00000000a1f00000| Complete 
| 544|0x00000000a2000000, 0x00000000a2100000, 0x00000000a2100000|100%| E|CS|TAMS 0x00000000a2000000, 0x00000000a2000000| Complete 
| 545|0x00000000a2100000, 0x00000000a2200000, 0x00000000a2200000|100%| E|CS|TAMS 0x00000000a2100000, 0x00000000a2100000| Complete 
| 546|0x00000000a2200000, 0x00000000a2300000, 0x00000000a2300000|100%| E|CS|TAMS 0x00000000a2200000, 0x00000000a2200000| Complete 
| 547|0x00000000a2300000, 0x00000000a2400000, 0x00000000a2400000|100%| E|CS|TAMS 0x00000000a2300000, 0x00000000a2300000| Complete 
| 548|0x00000000a2400000, 0x00000000a2500000, 0x00000000a2500000|100%| E|CS|TAMS 0x00000000a2400000, 0x00000000a2400000| Complete 
|2046|0x00000000ffe00000, 0x00000000ffe47000, 0x00000000fff00000| 27%|OA|  |TAMS 0x00000000ffe47000, 0x00000000ffe00000| Untracked 
|2047|0x00000000fff00000, 0x00000000fff8b000, 0x0000000100000000| 54%|CA|  |TAMS 0x00000000fff00000, 0x00000000fff00000| Untracked 

Card table byte_map: [0x00007f5a14400000,0x00007f5a14800000] _byte_map_base: 0x00007f5a14000000

Marking Bits (Prev, Next): (CMBitMap*) 0x00007f5a10089380, (CMBitMap*) 0x00007f5a10089340
 Prev Bits: [0x00007f59f2800000, 0x00007f59f4800000)
 Next Bits: [0x00007f59f4800000, 0x00007f59f6800000)

Polling page: 0x00007f5a15373000

Metaspace:

Usage:
  Non-class:    123.01 MB used.
      Class:     17.84 MB used.
       Both:    140.86 MB used.

Virtual space:
  Non-class space:      128.00 MB reserved,     124.44 MB ( 97%) committed,  2 nodes.
      Class space:      412.00 MB reserved,      19.31 MB (  5%) committed,  1 nodes.
             Both:      540.00 MB reserved,     143.75 MB ( 27%) committed. 

Chunk freelists:
   Non-Class:  2.88 MB
       Class:  688.00 KB
        Both:  3.55 MB

MaxMetaspaceSize: 512.00 MB
CompressedClassSpaceSize: 412.00 MB
Initial GC threshold: 21.00 MB
Current GC threshold: 161.19 MB
CDS: on
MetaspaceReclaimPolicy: balanced
 - commit_granule_bytes: 65536.
 - commit_granule_words: 8192.
 - virtual_space_node_default_size: 8388608.
 - enlarge_chunks_in_place: 1.
 - new_chunks_are_fully_committed: 0.
 - uncommit_free_chunks: 1.
 - use_allocation_guard: 0.


Internal statistics:

num_allocs_failed_limit: 12.
num_arena_births: 4892.
num_arena_deaths: 34.
num_vsnodes_births: 3.
num_vsnodes_deaths: 0.
num_space_committed: 2300.
num_space_uncommitted: 0.
num_chunks_returned_to_freelist: 56.
num_chunks_taken_from_freelist: 11609.
num_chunk_merges: 12.
num_chunk_splits: 7528.
num_chunks_enlarged: 4731.
num_inconsistent_stats: 0.

CodeHeap 'non-profiled nmethods': size=119752Kb used=9673Kb max_used=9673Kb free=110078Kb
 bounds [0x00007f59fe70e000, 0x00007f59ff08e000, 0x00007f5a05c00000]
CodeHeap 'profiled nmethods': size=119752Kb used=45865Kb max_used=47243Kb free=73886Kb
 bounds [0x00007f59f6c00000, 0x00007f59f9a40000, 0x00007f59fe0f2000]
CodeHeap 'non-nmethods': size=6256Kb used=2635Kb max_used=3213Kb free=3620Kb
 bounds [0x00007f59fe0f2000, 0x00007f59fe422000, 0x00007f59fe70e000]
 total_blobs=20567 nmethods=19490 adapters=981
 compilation: enabled
              stopped_count=0, restarted_count=0
 full_count=0

JVMCI Events (20 events):
Event: 55.553 Thread 0x00007f5a10155730 compacted oop handles in JVMCI runtime 0 from 260 to 252
Event: 55.591 Thread 0x00007f5a10155730 compacted oop handles in JVMCI runtime 0 from 277 to 224
Event: 55.601 Thread 0x00007f5a10155730 compacted oop handles in JVMCI runtime 0 from 261 to 254
Event: 55.610 Thread 0x00007f5a10155730 compacted oop handles in JVMCI runtime 0 from 287 to 277
Event: 55.657 Thread 0x00007f5a10155730 compacted oop handles in JVMCI runtime 0 from 369 to 340
Event: 55.658 Thread 0x00007f5a10155730 compacted oop handles in JVMCI runtime 0 from 341 to 302
Event: 55.709 Thread 0x00007f5a10155730 compacted oop handles in JVMCI runtime 0 from 342 to 321
Event: 55.709 Thread 0x00007f5a10155730 compacted oop handles in JVMCI runtime 0 from 322 to 310
Event: 55.718 Thread 0x00007f5a10155730 compacted oop handles in JVMCI runtime 0 from 318 to 229
Event: 55.727 Thread 0x00007f5a10155730 compacted oop handles in JVMCI runtime 0 from 276 to 271
Event: 55.779 Thread 0x00007f5a10155730 compacted oop handles in JVMCI runtime 0 from 283 to 278
Event: 55.790 Thread 0x00007f5a10155730 compacted oop handles in JVMCI runtime 0 from 283 to 278
Event: 55.862 Thread 0x00007f5a10155730 compacted oop handles in JVMCI runtime 0 from 279 to 234
Event: 55.900 Thread 0x00007f5a10155730 compacted oop handles in JVMCI runtime 0 from 390 to 260
Event: 56.116 Thread 0x00007f5a10155730 compacted oop handles in JVMCI runtime 0 from 261 to 254
Event: 56.147 Thread 0x00007f5a10155730 compacted oop handles in JVMCI runtime 0 from 317 to 303
Event: 56.161 Thread 0x00007f5a10155730 compacted oop handles in JVMCI runtime 0 from 304 to 295
Event: 56.245 Thread 0x00007f5a10155730 compacted oop handles in JVMCI runtime 0 from 330 to 302
Event: 56.245 Thread 0x00007f5a10155730 compacted oop handles in JVMCI runtime 0 from 303 to 297
Event: 56.286 Thread 0x00007f5a10155730 compacted oop handles in JVMCI runtime 0 from 303 to 299

Compilation events (20 events):
Event: 55.783 Thread 0x00007f5a10156cc0 nmethod 24645 0x00007f59f7897e90 code [0x00007f59f7898060, 0x00007f59f7898a40]
Event: 55.783 Thread 0x00007f5a10156cc0 24646       3       org.gradle.internal.resolve.result.DefaultBuildableTypedResolveResult::getFailure (9 bytes)
Event: 55.786 Thread 0x00007f5a10156cc0 nmethod 24646 0x00007f59f93bb310 code [0x00007f59f93bb4e0, 0x00007f59f93bbc00]
Event: 55.786 Thread 0x00007f5a10156cc0 24647       3       org.gradle.api.internal.artifacts.ivyservice.modulecache.artifacts.DefaultCachedArtifact::<init> (28 bytes)
Event: 55.787 Thread 0x00007f5a10156cc0 nmethod 24647 0x00007f59f7bac690 code [0x00007f59f7bac840, 0x00007f59f7bacb30]
Event: 55.790 Thread 0x00007f5a10155730 nmethod 24644 0x00007f59ff076f10 code [0x00007f59ff077140, 0x00007f59ff077850]
Event: 55.862 Thread 0x00007f5a10155730 24648 %     4       com.google.common.cache.LocalCache$Segment::expand @ 57 (283 bytes)
Event: 55.900 Thread 0x00007f5a10155730 nmethod 24648% 0x00007f59ff077c10 code [0x00007f59ff077fc0, 0x00007f59ff079fb0]
Event: 56.116 Thread 0x00007f5a10155730 24649       4       org.apache.http.client.utils.URLEncodedUtils::urlDecode (183 bytes)
Event: 56.147 Thread 0x00007f5a10155730 nmethod 24649 0x00007f59ff07b090 code [0x00007f59ff07b260, 0x00007f59ff07b750]
Event: 56.161 Thread 0x00007f5a10155730 24650       4       org.apache.http.message.BasicListHeaderIterator::nextHeader (47 bytes)
Event: 56.162 Thread 0x00007f5a10156cc0 24651       3       java.util.Calendar::clear (54 bytes)
Event: 56.163 Thread 0x00007f5a10156cc0 nmethod 24651 0x00007f59f8834f10 code [0x00007f59f88350c0, 0x00007f59f88352f0]
Event: 56.165 Thread 0x00007f5a10155730 nmethod 24650 0x00007f59ff07c090 code [0x00007f59ff07c220, 0x00007f59ff07c490]
Event: 56.210 Thread 0x00007f5a10155730 24652       4       java.net.URI$Parser::parse (243 bytes)
Event: 56.245 Thread 0x00007f5a10155730 nmethod 24652 0x00007f59ff07c690 code [0x00007f59ff07c940, 0x00007f59ff07d988]
Event: 56.245 Thread 0x00007f5a10155730 24653       4       org.gradle.internal.resource.ExternalResourceName::encode (311 bytes)
Event: 56.265 Thread 0x00007f5a10155730 nmethod 24653 0x00007f59ff07e610 code [0x00007f59ff07e860, 0x00007f59ff07f6d0]
Event: 56.279 Thread 0x00007f5a10155730 24654       4       java.lang.Integer::toString (55 bytes)
Event: 56.286 Thread 0x00007f5a10155730 nmethod 24654 0x00007f59ff07fe10 code [0x00007f59ff07ffa0, 0x00007f59ff080438]

GC Heap History (20 events):
Event: 39.666 GC heap before
{Heap before GC invocations=42 (full 0):
 garbage-first heap   total 564224K, used 478920K [0x0000000080000000, 0x0000000100000000)
  region size 1024K, 283 young (289792K), 10 survivors (10240K)
 Metaspace       used 125530K, committed 128384K, reserved 552960K
  class space    used 16371K, committed 17792K, reserved 421888K
}
Event: 39.681 GC heap after
{Heap after GC invocations=43 (full 0):
 garbage-first heap   total 564224K, used 202508K [0x0000000080000000, 0x0000000100000000)
  region size 1024K, 13 young (13312K), 13 survivors (13312K)
 Metaspace       used 125530K, committed 128384K, reserved 552960K
  class space    used 16371K, committed 17792K, reserved 421888K
}
Event: 40.069 GC heap before
{Heap before GC invocations=43 (full 0):
 garbage-first heap   total 564224K, used 482060K [0x0000000080000000, 0x0000000100000000)
  region size 1024K, 285 young (291840K), 13 survivors (13312K)
 Metaspace       used 125618K, committed 128448K, reserved 552960K
  class space    used 16375K, committed 17792K, reserved 421888K
}
Event: 40.084 GC heap after
{Heap after GC invocations=44 (full 0):
 garbage-first heap   total 564224K, used 206711K [0x0000000080000000, 0x0000000100000000)
  region size 1024K, 16 young (16384K), 16 survivors (16384K)
 Metaspace       used 125618K, committed 128448K, reserved 552960K
  class space    used 16375K, committed 17792K, reserved 421888K
}
Event: 40.740 GC heap before
{Heap before GC invocations=44 (full 0):
 garbage-first heap   total 564224K, used 482167K [0x0000000080000000, 0x0000000100000000)
  region size 1024K, 285 young (291840K), 16 survivors (16384K)
 Metaspace       used 125706K, committed 128512K, reserved 552960K
  class space    used 16375K, committed 17792K, reserved 421888K
}
Event: 40.752 GC heap after
{Heap after GC invocations=45 (full 0):
 garbage-first heap   total 564224K, used 202103K [0x0000000080000000, 0x0000000100000000)
  region size 1024K, 14 young (14336K), 14 survivors (14336K)
 Metaspace       used 125706K, committed 128512K, reserved 552960K
  class space    used 16375K, committed 17792K, reserved 421888K
}
Event: 41.315 GC heap before
{Heap before GC invocations=45 (full 0):
 garbage-first heap   total 564224K, used 486775K [0x0000000080000000, 0x0000000100000000)
  region size 1024K, 290 young (296960K), 14 survivors (14336K)
 Metaspace       used 125711K, committed 128512K, reserved 552960K
  class space    used 16375K, committed 17792K, reserved 421888K
}
Event: 41.329 GC heap after
{Heap after GC invocations=46 (full 0):
 garbage-first heap   total 564224K, used 202615K [0x0000000080000000, 0x0000000100000000)
  region size 1024K, 14 young (14336K), 14 survivors (14336K)
 Metaspace       used 125711K, committed 128512K, reserved 552960K
  class space    used 16375K, committed 17792K, reserved 421888K
}
Event: 42.085 GC heap before
{Heap before GC invocations=46 (full 0):
 garbage-first heap   total 564224K, used 487287K [0x0000000080000000, 0x0000000100000000)
  region size 1024K, 292 young (299008K), 14 survivors (14336K)
 Metaspace       used 125807K, committed 128576K, reserved 552960K
  class space    used 16377K, committed 17792K, reserved 421888K
}
Event: 42.100 GC heap after
{Heap after GC invocations=47 (full 0):
 garbage-first heap   total 564224K, used 202615K [0x0000000080000000, 0x0000000100000000)
  region size 1024K, 14 young (14336K), 14 survivors (14336K)
 Metaspace       used 125807K, committed 128576K, reserved 552960K
  class space    used 16377K, committed 17792K, reserved 421888K
}
Event: 43.224 GC heap before
{Heap before GC invocations=47 (full 0):
 garbage-first heap   total 564224K, used 492407K [0x0000000080000000, 0x0000000100000000)
  region size 1024K, 294 young (301056K), 14 survivors (14336K)
 Metaspace       used 125859K, committed 128704K, reserved 552960K
  class space    used 16385K, committed 17792K, reserved 421888K
}
Event: 43.236 GC heap after
{Heap after GC invocations=48 (full 0):
 garbage-first heap   total 564224K, used 204151K [0x0000000080000000, 0x0000000100000000)
  region size 1024K, 15 young (15360K), 15 survivors (15360K)
 Metaspace       used 125859K, committed 128704K, reserved 552960K
  class space    used 16385K, committed 17792K, reserved 421888K
}
Event: 44.195 GC heap before
{Heap before GC invocations=48 (full 0):
 garbage-first heap   total 564224K, used 488823K [0x0000000080000000, 0x0000000100000000)
  region size 1024K, 293 young (300032K), 15 survivors (15360K)
 Metaspace       used 125904K, committed 128704K, reserved 552960K
  class space    used 16389K, committed 17792K, reserved 421888K
}
Event: 44.211 GC heap after
{Heap after GC invocations=49 (full 0):
 garbage-first heap   total 564224K, used 203639K [0x0000000080000000, 0x0000000100000000)
  region size 1024K, 15 young (15360K), 15 survivors (15360K)
 Metaspace       used 125904K, committed 128704K, reserved 552960K
  class space    used 16389K, committed 17792K, reserved 421888K
}
Event: 45.191 GC heap before
{Heap before GC invocations=49 (full 0):
 garbage-first heap   total 564224K, used 492407K [0x0000000080000000, 0x0000000100000000)
  region size 1024K, 294 young (301056K), 15 survivors (15360K)
 Metaspace       used 129120K, committed 131968K, reserved 552960K
  class space    used 16837K, committed 18304K, reserved 421888K
}
Event: 45.211 GC heap after
{Heap after GC invocations=50 (full 0):
 garbage-first heap   total 564224K, used 215415K [0x0000000080000000, 0x0000000100000000)
  region size 1024K, 24 young (24576K), 24 survivors (24576K)
 Metaspace       used 129120K, committed 131968K, reserved 552960K
  class space    used 16837K, committed 18304K, reserved 421888K
}
Event: 46.725 GC heap before
{Heap before GC invocations=50 (full 0):
 garbage-first heap   total 564224K, used 479607K [0x0000000080000000, 0x0000000100000000)
  region size 1024K, 282 young (288768K), 24 survivors (24576K)
 Metaspace       used 133381K, committed 136320K, reserved 552960K
  class space    used 17234K, committed 18752K, reserved 421888K
}
Event: 46.747 GC heap after
{Heap after GC invocations=51 (full 0):
 garbage-first heap   total 564224K, used 221389K [0x0000000080000000, 0x0000000100000000)
  region size 1024K, 25 young (25600K), 25 survivors (25600K)
 Metaspace       used 133381K, committed 136320K, reserved 552960K
  class space    used 17234K, committed 18752K, reserved 421888K
}
Event: 47.871 GC heap before
{Heap before GC invocations=51 (full 0):
 garbage-first heap   total 564224K, used 479437K [0x0000000080000000, 0x0000000100000000)
  region size 1024K, 277 young (283648K), 25 survivors (25600K)
 Metaspace       used 135021K, committed 137984K, reserved 552960K
  class space    used 17381K, committed 18880K, reserved 421888K
}
Event: 47.895 GC heap after
{Heap after GC invocations=52 (full 0):
 garbage-first heap   total 564224K, used 226190K [0x0000000080000000, 0x0000000100000000)
  region size 1024K, 21 young (21504K), 21 survivors (21504K)
 Metaspace       used 135021K, committed 137984K, reserved 552960K
  class space    used 17381K, committed 18880K, reserved 421888K
}

Dll operation events (15 events):
Event: 0.004 Loaded shared library /nix/store/c8hr2f0b0dm685yx1dkp6bw24bpx495n-graalvm19-ce-22.3.1/lib/libjava.so
Event: 0.024 Loaded shared library /nix/store/c8hr2f0b0dm685yx1dkp6bw24bpx495n-graalvm19-ce-22.3.1/lib/libjsvml.so
Event: 0.091 Loaded shared library /nix/store/c8hr2f0b0dm685yx1dkp6bw24bpx495n-graalvm19-ce-22.3.1/lib/libzip.so
Event: 0.092 Loaded shared library /nix/store/c8hr2f0b0dm685yx1dkp6bw24bpx495n-graalvm19-ce-22.3.1/lib/libinstrument.so
Event: 0.095 Loaded shared library /nix/store/c8hr2f0b0dm685yx1dkp6bw24bpx495n-graalvm19-ce-22.3.1/lib/libnio.so
Event: 0.098 Loaded shared library /nix/store/c8hr2f0b0dm685yx1dkp6bw24bpx495n-graalvm19-ce-22.3.1/lib/libzip.so
Event: 0.105 Loaded shared library /nix/store/c8hr2f0b0dm685yx1dkp6bw24bpx495n-graalvm19-ce-22.3.1/lib/libjvmcicompiler.so
Event: 0.250 Loaded shared library /nix/store/c8hr2f0b0dm685yx1dkp6bw24bpx495n-graalvm19-ce-22.3.1/lib/libjimage.so
Event: 0.322 Loaded shared library /nix/store/c8hr2f0b0dm685yx1dkp6bw24bpx495n-graalvm19-ce-22.3.1/lib/libverify.so
Event: 0.378 Loaded shared library /nix/store/c8hr2f0b0dm685yx1dkp6bw24bpx495n-graalvm19-ce-22.3.1/lib/libnet.so
Event: 0.380 Loaded shared library /home/runner/.gradle/native/1def1411415f61bf3af743bc5b6707747c0891f09f0c88961ee8f79bc544acac/linux-amd64/libnative-platform.so
Event: 0.395 Loaded shared library /home/runner/.gradle/native/0.2.7/x86_64-linux-gnu/libgradle-fileevents.so
Event: 1.511 Loaded shared library /nix/store/c8hr2f0b0dm685yx1dkp6bw24bpx495n-graalvm19-ce-22.3.1/lib/libmanagement.so
Event: 1.513 Loaded shared library /nix/store/c8hr2f0b0dm685yx1dkp6bw24bpx495n-graalvm19-ce-22.3.1/lib/libmanagement_ext.so
Event: 1.603 Loaded shared library /nix/store/c8hr2f0b0dm685yx1dkp6bw24bpx495n-graalvm19-ce-22.3.1/lib/libextnet.so

Deoptimization events (20 events):
Event: 54.739 Thread 0x00007f5980009120 DEOPT PACKING pc=0x00007f59f9618e2b sp=0x00007f59aa7f47c0
Event: 54.739 Thread 0x00007f5980009120 DEOPT UNPACKING pc=0x00007f59fe15c745 sp=0x00007f59aa7f3c78 mode 0
Event: 54.740 Thread 0x00007f5980009120 DEOPT PACKING pc=0x00007f59f9618e2b sp=0x00007f59aa7f47c0
Event: 54.740 Thread 0x00007f5980009120 DEOPT UNPACKING pc=0x00007f59fe15c745 sp=0x00007f59aa7f3c78 mode 0
Event: 54.741 Thread 0x00007f5980009120 DEOPT PACKING pc=0x00007f59f9618e2b sp=0x00007f59aa7f47c0
Event: 54.741 Thread 0x00007f5980009120 DEOPT UNPACKING pc=0x00007f59fe15c745 sp=0x00007f59aa7f3c78 mode 0
Event: 54.741 Thread 0x00007f5980009120 DEOPT PACKING pc=0x00007f59f9618e2b sp=0x00007f59aa7f47c0
Event: 54.741 Thread 0x00007f5980009120 DEOPT UNPACKING pc=0x00007f59fe15c745 sp=0x00007f59aa7f3c78 mode 0
Event: 54.742 Thread 0x00007f5980009120 DEOPT PACKING pc=0x00007f59f9618e2b sp=0x00007f59aa7f47c0
Event: 54.742 Thread 0x00007f5980009120 DEOPT UNPACKING pc=0x00007f59fe15c745 sp=0x00007f59aa7f3c78 mode 0
Event: 54.742 Thread 0x00007f5980009120 DEOPT PACKING pc=0x00007f59f9618e2b sp=0x00007f59aa7f47c0
Event: 54.742 Thread 0x00007f5980009120 DEOPT UNPACKING pc=0x00007f59fe15c745 sp=0x00007f59aa7f3c78 mode 0
Event: 54.854 Thread 0x00007f59cc027100 DEOPT PACKING pc=0x00007f59f99af800 sp=0x00007f59951fac90
Event: 54.854 Thread 0x00007f59cc027100 DEOPT UNPACKING pc=0x00007f59fe15c745 sp=0x00007f59951fa1c0 mode 0
Event: 55.621 Thread 0x00007f5980009120 DEOPT PACKING pc=0x00007f59f958db12 sp=0x00007f59aa7f4880
Event: 55.621 Thread 0x00007f5980009120 DEOPT UNPACKING pc=0x00007f59fe15c745 sp=0x00007f59aa7f3d90 mode 0
Event: 55.656 Thread 0x00007f59d0089000 DEOPT PACKING pc=0x00007f59f99af800 sp=0x00007f5994ffab60
Event: 55.656 Thread 0x00007f59d0089000 DEOPT UNPACKING pc=0x00007f59fe15c745 sp=0x00007f5994ffa090 mode 0
Event: 56.218 Thread 0x00007f59d0089000 DEOPT PACKING pc=0x00007f59f99af800 sp=0x00007f5994ffa9d0
Event: 56.218 Thread 0x00007f59d0089000 DEOPT UNPACKING pc=0x00007f59fe15c745 sp=0x00007f5994ff9f00 mode 0

Classes loaded (20 events):
Event: 49.244 Loading class sun/security/ssl/PreSharedKeyExtension$PskIdentity
Event: 49.244 Loading class sun/security/ssl/PreSharedKeyExtension$PskIdentity done
Event: 49.245 Loading class sun/security/ssl/PreSharedKeyExtension$CHPreSharedKeySpec
Event: 49.246 Loading class sun/security/ssl/PreSharedKeyExtension$CHPreSharedKeySpec done
Event: 49.246 Loading class sun/security/ssl/PreSharedKeyExtension$PartialClientHelloMessage
Event: 49.246 Loading class sun/security/ssl/PreSharedKeyExtension$PartialClientHelloMessage done
Event: 49.246 Loading class sun/security/ssl/SSLEngineOutputRecord
Event: 49.247 Loading class sun/security/ssl/SSLEngineOutputRecord done
Event: 49.247 Loading class sun/security/ssl/SSLEngineOutputRecord$HandshakeFragment
Event: 49.248 Loading class sun/security/ssl/SSLEngineOutputRecord$HandshakeFragment done
Event: 49.248 Loading class sun/security/ssl/SSLEngineOutputRecord$HandshakeMemo
Event: 49.248 Loading class sun/security/ssl/SSLEngineOutputRecord$RecordMemo
Event: 49.248 Loading class sun/security/ssl/SSLEngineOutputRecord$RecordMemo done
Event: 49.248 Loading class sun/security/ssl/SSLEngineOutputRecord$HandshakeMemo done
Event: 49.252 Loading class sun/security/ssl/PreSharedKeyExtension$SHPreSharedKeySpec
Event: 49.252 Loading class sun/security/ssl/PreSharedKeyExtension$SHPreSharedKeySpec done
Event: 51.850 Loading class com/sun/org/apache/xerces/internal/util/EncodingMap
Event: 51.854 Loading class com/sun/org/apache/xerces/internal/util/EncodingMap done
Event: 51.855 Loading class sun/nio/cs/ISO_8859_1$Decoder
Event: 51.855 Loading class sun/nio/cs/ISO_8859_1$Decoder done

Classes unloaded (17 events):
Event: 21.171 Thread 0x00007f5a10146c90 Unloading class 0x0000000801c84c00 'jdk/internal/reflect/GeneratedSerializationConstructorAccessor61'
Event: 21.171 Thread 0x00007f5a10146c90 Unloading class 0x0000000801c40000 'java/lang/invoke/LambdaForm$MH+0x0000000801c40000'
Event: 21.171 Thread 0x00007f5a10146c90 Unloading class 0x0000000801c3f800 'java/lang/invoke/LambdaForm$MH+0x0000000801c3f800'
Event: 21.171 Thread 0x00007f5a10146c90 Unloading class 0x0000000801c3f000 'java/lang/invoke/LambdaForm$MH+0x0000000801c3f000'
Event: 21.171 Thread 0x00007f5a10146c90 Unloading class 0x0000000801c3e400 'java/lang/invoke/LambdaForm$MH+0x0000000801c3e400'
Event: 21.171 Thread 0x00007f5a10146c90 Unloading class 0x0000000801c3dc00 'java/lang/invoke/LambdaForm$MH+0x0000000801c3dc00'
Event: 21.171 Thread 0x00007f5a10146c90 Unloading class 0x0000000801c3d400 'java/lang/invoke/LambdaForm$MH+0x0000000801c3d400'
Event: 21.171 Thread 0x00007f5a10146c90 Unloading class 0x0000000801c3c800 'java/lang/invoke/LambdaForm$MH+0x0000000801c3c800'
Event: 21.171 Thread 0x00007f5a10146c90 Unloading class 0x0000000801c3bc00 'java/lang/invoke/LambdaForm$MH+0x0000000801c3bc00'
Event: 21.171 Thread 0x00007f5a10146c90 Unloading class 0x0000000801c3b400 'java/lang/invoke/LambdaForm$MH+0x0000000801c3b400'
Event: 21.171 Thread 0x00007f5a10146c90 Unloading class 0x0000000801c3ac00 'java/lang/invoke/LambdaForm$MH+0x0000000801c3ac00'
Event: 21.171 Thread 0x00007f5a10146c90 Unloading class 0x0000000801c3a400 'java/lang/invoke/LambdaForm$MH+0x0000000801c3a400'
Event: 21.171 Thread 0x00007f5a10146c90 Unloading class 0x0000000801c39c00 'java/lang/invoke/LambdaForm$MH+0x0000000801c39c00'
Event: 21.171 Thread 0x00007f5a10146c90 Unloading class 0x0000000801c39000 'java/lang/invoke/LambdaForm$MH+0x0000000801c39000'
Event: 21.171 Thread 0x00007f5a10146c90 Unloading class 0x0000000801c38800 'java/lang/invoke/LambdaForm$DMH+0x0000000801c38800'
Event: 21.171 Thread 0x00007f5a10146c90 Unloading class 0x0000000801c28c00 'java/lang/invoke/LambdaForm$MH+0x0000000801c28c00'
Event: 21.171 Thread 0x00007f5a10146c90 Unloading class 0x0000000801c28400 'java/lang/invoke/LambdaForm$DMH+0x0000000801c28400'

Classes redefined (0 events):
No events

Internal exceptions (20 events):
Event: 47.999 Thread 0x00007f596c93d4b0 Exception <a 'sun/nio/fs/UnixException'{0x000000009f254bd0}> (0x000000009f254bd0) 
thrown [src/hotspot/share/prims/jni.cpp, line 517]
Event: 47.999 Thread 0x00007f596c93d4b0 Exception <a 'sun/nio/fs/UnixException'{0x000000009f2607d0}> (0x000000009f2607d0) 
thrown [src/hotspot/share/prims/jni.cpp, line 517]
Event: 48.003 Thread 0x00007f5980009120 Exception <a 'java/lang/ClassNotFoundException'{0x000000009f2c1108}: build_8c1uoyt2afgqccy51wm9mt8ylBeanInfo> (0x000000009f2c1108) 
thrown [src/hotspot/share/classfile/systemDictionary.cpp, line 255]
Event: 48.003 Thread 0x00007f5980009120 Exception <a 'java/lang/ClassNotFoundException'{0x000000009f2c8b18}: build_8c1uoyt2afgqccy51wm9mt8ylCustomizer> (0x000000009f2c8b18) 
thrown [src/hotspot/share/classfile/systemDictionary.cpp, line 255]
Event: 48.157 Thread 0x00007f5980009120 Implicit null exception at 0x00007f59fe7e1245 to 0x00007f59fe15c0c8
Event: 48.698 Thread 0x00007f596d3ea330 Exception <a 'java/lang/NoSuchMethodError'{0x000000009d90a338}: 'void java.lang.invoke.DirectMethodHandle$Holder.invokeVirtual(java.lang.Object, java.lang.Object, long)'> (0x000000009d90a338) 
thrown [src/hotspot/share/interpreter/linkResolver.cpp, line 773]
Event: 48.699 Thread 0x00007f596d3ea330 Implicit null exception at 0x00007f59fecef60f to 0x00007f59fecef82e
Event: 48.739 Thread 0x00007f596d3ea330 Exception <a 'java/lang/NoSuchMethodError'{0x000000009d731488}: 'int java.lang.invoke.DirectMethodHandle$Holder.invokeSpecial(java.lang.Object, java.lang.Object, int)'> (0x000000009d731488) 
thrown [src/hotspot/share/interpreter/linkResolver.cpp, line 773]
Event: 50.713 Thread 0x00007f596d682700 Exception <a 'java/io/IOException'{0x000000009c8439a0}> (0x000000009c8439a0) 
thrown [src/hotspot/share/prims/jni.cpp, line 517]
Event: 51.564 Thread 0x00007f5980009120 Implicit null exception at 0x00007f59feeb988f to 0x00007f59feeb9a46
Event: 51.602 Thread 0x00007f5a10155730 Exception <a 'java/lang/IllegalAccessError'{0x000000009bfca480}: class jdk.internal.misc.CarrierThreadLocal tried to access method 'java.lang.Object java.lang.ThreadLocal.getCarrierThreadLocal()' (jdk.internal.misc.CarrierThreadLocal and java.lang.ThreadLocal are in module java.base of loader 'bootstrap')> (0x000000009bfca480) 
thrown [src/hotspot/share/interpreter/linkResolver.cpp, line 591]
Event: 51.602 Thread 0x00007f5a10155730 Exception <a 'java/lang/IllegalAccessError'{0x000000009bfca878}: class jdk.internal.misc.CarrierThreadLocal tried to access method 'java.lang.Object java.lang.ThreadLocal.getCarrierThreadLocal()' (jdk.internal.misc.CarrierThreadLocal and java.lang.ThreadLocal are in module java.base of loader 'bootstrap')> (0x000000009bfca878) 
thrown [src/hotspot/share/interpreter/linkResolver.cpp, line 591]
Event: 51.602 Thread 0x00007f5a10155730 Exception <a 'java/lang/IllegalAccessError'{0x000000009bfcac78}: class jdk.internal.misc.TerminatingThreadLocal tried to access method 'java.lang.Object java.lang.ThreadLocal.getCarrierThreadLocal()' (jdk.internal.misc.TerminatingThreadLocal and java.lang.ThreadLocal are in module java.base of loader 'bootstrap')> (0x000000009bfcac78) 
thrown [src/hotspot/share/interpreter/linkResolver.cpp, line 591]
Event: 51.602 Thread 0x00007f5a10155730 Exception <a 'java/lang/IllegalAccessError'{0x000000009bbb68d0}: class jdk.internal.misc.TerminatingThreadLocal tried to access method 'java.lang.Object java.lang.ThreadLocal.getCarrierThreadLocal()' (jdk.internal.misc.TerminatingThreadLocal and java.lang.ThreadLocal are in module java.base of loader 'bootstrap')> (0x000000009bbb68d0) 
thrown [src/hotspot/share/interpreter/linkResolver.cpp, line 591]
Event: 51.618 Thread 0x00007f5a10155730 Exception <a 'java/lang/IllegalAccessError'{0x000000009bbb6cc8}: class jdk.internal.misc.CarrierThreadLocal tried to access method 'java.lang.Object java.lang.ThreadLocal.getCarrierThreadLocal()' (jdk.internal.misc.CarrierThreadLocal and java.lang.ThreadLocal are in module java.base of loader 'bootstrap')> (0x000000009bbb6cc8) 
thrown [src/hotspot/share/interpreter/linkResolver.cpp, line 591]
Event: 51.618 Thread 0x00007f5a10155730 Exception <a 'java/lang/IllegalAccessError'{0x000000009bbb70c0}: class jdk.internal.misc.CarrierThreadLocal tried to access method 'java.lang.Object java.lang.ThreadLocal.getCarrierThreadLocal()' (jdk.internal.misc.CarrierThreadLocal and java.lang.ThreadLocal are in module java.base of loader 'bootstrap')> (0x000000009bbb70c0) 
thrown [src/hotspot/share/interpreter/linkResolver.cpp, line 591]
Event: 51.618 Thread 0x00007f5a10155730 Exception <a 'java/lang/IllegalAccessError'{0x000000009bbb74c0}: class jdk.internal.misc.TerminatingThreadLocal tried to access method 'java.lang.Object java.lang.ThreadLocal.getCarrierThreadLocal()' (jdk.internal.misc.TerminatingThreadLocal and java.lang.ThreadLocal are in module java.base of loader 'bootstrap')> (0x000000009bbb74c0) 
thrown [src/hotspot/share/interpreter/linkResolver.cpp, line 591]
Event: 51.618 Thread 0x00007f5a10155730 Exception <a 'java/lang/IllegalAccessError'{0x000000009bbb76a0}: class jdk.internal.misc.TerminatingThreadLocal tried to access method 'java.lang.Object java.lang.ThreadLocal.getCarrierThreadLocal()' (jdk.internal.misc.TerminatingThreadLocal and java.lang.ThreadLocal are in module java.base of loader 'bootstrap')> (0x000000009bbb76a0) 
thrown [src/hotspot/share/interpreter/linkResolver.cpp, line 591]
Event: 55.712 Thread 0x00007f596d682700 Exception <a 'java/io/IOException'{0x000000009c849348}> (0x000000009c849348) 
thrown [src/hotspot/share/prims/jni.cpp, line 517]
Event: 56.383 Thread 0x00007f596cf67930 Exception <a 'java/io/IOException'{0x00000000949caaa0}> (0x00000000949caaa0) 
thrown [src/hotspot/share/prims/jni.cpp, line 517]

VM Operations (20 events):
Event: 49.759 Executing VM operation: Cleanup
Event: 49.759 Executing VM operation: Cleanup done
Event: 50.762 Executing VM operation: Cleanup
Event: 50.766 Executing VM operation: Cleanup done
Event: 51.766 Executing VM operation: Cleanup
Event: 51.766 Executing VM operation: Cleanup done
Event: 51.788 Executing VM operation: HandshakeAllThreads
Event: 51.788 Executing VM operation: HandshakeAllThreads done
Event: 52.789 Executing VM operation: Cleanup
Event: 52.789 Executing VM operation: Cleanup done
Event: 53.400 Executing VM operation: HandshakeAllThreads
Event: 53.400 Executing VM operation: HandshakeAllThreads done
Event: 53.790 Executing VM operation: HandshakeAllThreads
Event: 53.790 Executing VM operation: HandshakeAllThreads done
Event: 53.790 Executing VM operation: Cleanup
Event: 53.794 Executing VM operation: Cleanup done
Event: 54.794 Executing VM operation: Cleanup
Event: 54.813 Executing VM operation: Cleanup done
Event: 55.813 Executing VM operation: Cleanup
Event: 55.813 Executing VM operation: Cleanup done

Events (20 events):
Event: 53.822 Thread 0x00007f5a10160180 flushing nmethod 0x00007f59f96c3f90
Event: 53.822 Thread 0x00007f5a10160180 flushing nmethod 0x00007f59f96e8390
Event: 53.822 Thread 0x00007f5a10160180 flushing nmethod 0x00007f59f96eeb90
Event: 53.823 Thread 0x00007f5a10160180 flushing nmethod 0x00007f59f96fe790
Event: 53.823 Thread 0x00007f5a10160180 flushing nmethod 0x00007f59f9704a90
Event: 53.823 Thread 0x00007f5a10160180 flushing nmethod 0x00007f59f9707710
Event: 53.823 Thread 0x00007f5a10160180 flushing nmethod 0x00007f59f9708690
Event: 53.823 Thread 0x00007f5a10160180 flushing nmethod 0x00007f59f9709910
Event: 53.823 Thread 0x00007f5a10160180 flushing nmethod 0x00007f59f972f810
Event: 53.823 Thread 0x00007f5a10160180 flushing nmethod 0x00007f59f9736f10
Event: 53.823 Thread 0x00007f5a10160180 flushing nmethod 0x00007f59f9747710
Event: 53.823 Thread 0x00007f5a10160180 flushing nmethod 0x00007f59f9753110
Event: 53.823 Thread 0x00007f5a10160180 flushing nmethod 0x00007f59f9786090
Event: 53.823 Thread 0x00007f5a10160180 flushing nmethod 0x00007f59f9787990
Event: 53.823 Thread 0x00007f5a10160180 flushing nmethod 0x00007f59f978e010
Event: 53.823 Thread 0x00007f5a10160180 flushing nmethod 0x00007f59f9830a90
Event: 53.823 Thread 0x00007f5a10160180 flushing nmethod 0x00007f59f983f790
Event: 53.823 Thread 0x00007f5a10160180 flushing nmethod 0x00007f59f9848710
Event: 53.823 Thread 0x00007f5a10160180 flushing nmethod 0x00007f59f9894510
Event: 55.369 Thread 0x00007f59b84fe8f0 Thread exited: 0x00007f59b84fe8f0


Dynamic libraries:
80000000-a2500000 rw-p 00000000 00:00 0 
a2500000-ffe00000 ---p 00000000 00:00 0 
ffe00000-ffe47000 rw-p 00cfa000 00:84 479195                             /nix/store/c8hr2f0b0dm685yx1dkp6bw24bpx495n-graalvm19-ce-22.3.1/lib/server/classes.jsa
ffe47000-fff00000 rw-p 00000000 00:00 0 
fff00000-fff8b000 rw-p 00c6f000 00:84 479195                             /nix/store/c8hr2f0b0dm685yx1dkp6bw24bpx495n-graalvm19-ce-22.3.1/lib/server/classes.jsa
fff8b000-100000000 rw-p 00000000 00:00 0 
800000000-800462000 rw-p 00001000 00:84 479195                           /nix/store/c8hr2f0b0dm685yx1dkp6bw24bpx495n-graalvm19-ce-22.3.1/lib/server/classes.jsa
800462000-800c36000 r--p 00463000 00:84 479195                           /nix/store/c8hr2f0b0dm685yx1dkp6bw24bpx495n-graalvm19-ce-22.3.1/lib/server/classes.jsa
800c36000-801000000 ---p 00000000 00:00 0 
801000000-801040000 rw-p 00000000 00:00 0 
801040000-801080000 rw-p 00000000 00:00 0 
801080000-801140000 rw-p 00000000 00:00 0 
801140000-801180000 rw-p 00000000 00:00 0 
801180000-801440000 rw-p 00000000 00:00 0 
801440000-801480000 rw-p 00000000 00:00 0 
801480000-8015e0000 rw-p 00000000 00:00 0 
8015e0000-801600000 rw-p 00000000 00:00 0 
801600000-801940000 rw-p 00000000 00:00 0 
801940000-8021e0000 rw-p 00000000 00:00 0 
8021e0000-802200000 rw-p 00000000 00:00 0 
802200000-8022c0000 rw-p 00000000 00:00 0 
8022c0000-802330000 rw-p 00000000 00:00 0 
802330000-802340000 ---p 00000000 00:00 0 
802340000-802360000 rw-p 00000000 00:00 0 
802360000-81ac00000 ---p 00000000 00:00 0 
5575f78ec000-5575f78ed000 r-xp 00000000 00:84 478578                     /nix/store/c8hr2f0b0dm685yx1dkp6bw24bpx495n-graalvm19-ce-22.3.1/bin/.java-wrapped
5575f78ee000-5575f78ef000 r--p 00001000 00:84 478578                     /nix/store/c8hr2f0b0dm685yx1dkp6bw24bpx495n-graalvm19-ce-22.3.1/bin/.java-wrapped
5575f78ef000-5575f78f0000 rw-p 00002000 00:84 478578                     /nix/store/c8hr2f0b0dm685yx1dkp6bw24bpx495n-graalvm19-ce-22.3.1/bin/.java-wrapped
5575f78f0000-5575f78f1000 rw-p 00004000 00:84 478578                     /nix/store/c8hr2f0b0dm685yx1dkp6bw24bpx495n-graalvm19-ce-22.3.1/bin/.java-wrapped
5575f78f1000-5575f78f2000 rw-p 00005000 00:84 478578                     /nix/store/c8hr2f0b0dm685yx1dkp6bw24bpx495n-graalvm19-ce-22.3.1/bin/.java-wrapped
55762045f000-5576204c8000 rw-p 00000000 00:00 0                          [heap]
7f595a000000-7f595a100000 rw-p 00000000 00:00 0 
7f595fe00000-7f595ff00000 rw-p 00000000 00:00 0 
7f5960000000-7f5960b80000 rw-p 00000000 00:00 0 
7f5960b80000-7f5960c00000 rw-p 00000000 00:00 0 
7f5960c00000-7f5961380000 rw-p 00000000 00:00 0 
7f5961380000-7f5961500000 rw-p 00000000 00:00 0 
7f5961500000-7f5962f00000 rw-p 00000000 00:00 0 
7f5962f00000-7f5963000000 rw-p 00000000 00:00 0 
7f5963000000-7f5963700000 rw-p 00000000 00:00 0 
7f5963700000-7f5963900000 rw-p 00000000 00:00 0 
7f5963900000-7f5963980000 rw-p 00000000 00:00 0 
7f5963980000-7f5963b00000 rw-p 00000000 00:00 0 
7f5963b00000-7f5963b80000 rw-p 00000000 00:00 0 
7f5963b80000-7f5963c20000 rw-p 00000000 00:00 0 
7f5963c20000-7f5963d00000 ---p 00000000 00:00 0 
7f5963d00000-7f5963d50000 rw-p 00000000 00:00 0 
7f5963d50000-7f5964000000 ---p 00000000 00:00 0 
7f5964000000-7f5964021000 rw-p 00000000 00:00 0 
7f5964021000-7f5968000000 ---p 00000000 00:00 0 
7f5968200000-7f5968300000 rw-p 00000000 00:00 0 
7f5968600000-7f5968700000 rw-p 00000000 00:00 0 
7f5968a00000-7f5968b00000 rw-p 00000000 00:00 0 
7f5968c00000-7f5968d00000 rw-p 00000000 00:00 0 
7f5969000000-7f5969100000 rw-p 00000000 00:00 0 
7f5969400000-7f5969500000 rw-p 00000000 00:00 0 
7f5969800000-7f5969900000 rw-p 00000000 00:00 0 
7f5969a00000-7f5969b00000 rw-p 00000000 00:00 0 
7f5969e00000-7f5969f00000 rw-p 00000000 00:00 0 
7f596a000000-7f596a100000 rw-p 00000000 00:00 0 
7f596a200000-7f596a300000 rw-p 00000000 00:00 0 
7f596a400000-7f596a500000 rw-p 00000000 00:00 0 
7f596a800000-7f596a900000 rw-p 00000000 00:00 0 
7f596ac00000-7f596ad00000 rw-p 00000000 00:00 0 
7f596b200000-7f596b300000 rw-p 00000000 00:00 0 
7f596b400000-7f596b500000 rw-p 00000000 00:00 0 
7f596b600000-7f596b700000 rw-p 00000000 00:00 0 
7f596ba00000-7f596bb00000 rw-p 00000000 00:00 0 
7f596bc00000-7f596bd00000 rw-p 00000000 00:00 0 
7f596be00000-7f596bf00000 rw-p 00000000 00:00 0 
7f596c000000-7f596fcae000 rw-p 00000000 00:00 0 
7f596fcae000-7f5970000000 ---p 00000000 00:00 0 
7f5970000000-7f597002d000 rw-p 00000000 00:00 0 
7f597002d000-7f5974000000 ---p 00000000 00:00 0 
7f5974000000-7f5974054000 rw-p 00000000 00:00 0 
7f5974054000-7f5978000000 ---p 00000000 00:00 0 
7f5978000000-7f5978024000 rw-p 00000000 00:00 0 
7f5978024000-7f597c000000 ---p 00000000 00:00 0 
7f597c000000-7f597c02a000 rw-p 00000000 00:00 0 
7f597c02a000-7f5980000000 ---p 00000000 00:00 0 
7f5980000000-7f5980034000 rw-p 00000000 00:00 0 
7f5980034000-7f5984000000 ---p 00000000 00:00 0 
7f5984000000-7f598407e000 rw-p 00000000 00:00 0 
7f598407e000-7f5988000000 ---p 00000000 00:00 0 
7f5988000000-7f5988054000 rw-p 00000000 00:00 0 
7f5988054000-7f598c000000 ---p 00000000 00:00 0 
7f598c000000-7f598c02a000 rw-p 00000000 00:00 0 
7f598c02a000-7f5990000000 ---p 00000000 00:00 0 
7f5990000000-7f5990037000 rw-p 00000000 00:00 0 
7f5990037000-7f5994000000 ---p 00000000 00:00 0 
7f5994200000-7f5994300000 rw-p 00000000 00:00 0 
7f5994373000-7f5994700000 rw-p 00000000 00:00 0 
7f5994800000-7f5994900000 rw-p 00000000 00:00 0 
7f5994b00000-7f5994b04000 ---p 00000000 00:00 0 
7f5994b04000-7f5994c00000 rw-p 00000000 00:00 0 
7f5994d00000-7f5994d04000 ---p 00000000 00:00 0 
7f5994d04000-7f5994e00000 rw-p 00000000 00:00 0 
7f5994e00000-7f5994e04000 ---p 00000000 00:00 0 
7f5994e04000-7f5994f00000 rw-p 00000000 00:00 0 
7f5994f00000-7f5994f04000 ---p 00000000 00:00 0 
7f5994f04000-7f5995000000 rw-p 00000000 00:00 0 
7f5995100000-7f5995104000 ---p 00000000 00:00 0 
7f5995104000-7f5995200000 rw-p 00000000 00:00 0 
7f5995300000-7f5995304000 ---p 00000000 00:00 0 
7f5995304000-7f5995400000 rw-p 00000000 00:00 0 
7f5995400000-7f5995404000 ---p 00000000 00:00 0 
7f5995404000-7f5995500000 rw-p 00000000 00:00 0 
7f5995500000-7f5995504000 ---p 00000000 00:00 0 
7f5995504000-7f5995600000 rw-p 00000000 00:00 0 
7f5995700000-7f5995704000 ---p 00000000 00:00 0 
7f5995704000-7f5995800000 rw-p 00000000 00:00 0 
7f5995800000-7f5995804000 ---p 00000000 00:00 0 
7f5995804000-7f5995900000 rw-p 00000000 00:00 0 
7f5995900000-7f5995904000 ---p 00000000 00:00 0 
7f5995904000-7f5995a00000 rw-p 00000000 00:00 0 
7f5995a00000-7f5995a04000 ---p 00000000 00:00 0 
7f5995a04000-7f5995b00000 rw-p 00000000 00:00 0 
7f5995b00000-7f5995b04000 ---p 00000000 00:00 0 
7f5995b04000-7f5995c00000 rw-p 00000000 00:00 0 
7f5995d00000-7f5995d04000 ---p 00000000 00:00 0 
7f5995d04000-7f5995e00000 rw-p 00000000 00:00 0 
7f5995e00000-7f5995e04000 ---p 00000000 00:00 0 
7f5995e04000-7f5995f00000 rw-p 00000000 00:00 0 
7f5995f00000-7f5995f04000 ---p 00000000 00:00 0 
7f5995f04000-7f5996000000 rw-p 00000000 00:00 0 
7f5996000000-7f5996004000 ---p 00000000 00:00 0 
7f5996004000-7f5996100000 rw-p 00000000 00:00 0 
7f5996100000-7f5996104000 ---p 00000000 00:00 0 
7f5996104000-7f5996200000 rw-p 00000000 00:00 0 
7f5996300000-7f5996304000 ---p 00000000 00:00 0 
7f5996304000-7f5996400000 rw-p 00000000 00:00 0 
7f5996500000-7f5996504000 ---p 00000000 00:00 0 
7f5996504000-7f5996600000 rw-p 00000000 00:00 0 
7f5996600000-7f5996604000 ---p 00000000 00:00 0 
7f5996604000-7f5996700000 rw-p 00000000 00:00 0 
7f5996700000-7f5996704000 ---p 00000000 00:00 0 
7f5996704000-7f5996800000 rw-p 00000000 00:00 0 
7f5996800000-7f5996804000 ---p 00000000 00:00 0 
7f5996804000-7f5996900000 rw-p 00000000 00:00 0 
7f5996900000-7f5996904000 ---p 00000000 00:00 0 
7f5996904000-7f5996a00000 rw-p 00000000 00:00 0 
7f5996b00000-7f5996b04000 ---p 00000000 00:00 0 
7f5996b04000-7f5996c00000 rw-p 00000000 00:00 0 
7f5996c00000-7f5996c04000 ---p 00000000 00:00 0 
7f5996c04000-7f5996d00000 rw-p 00000000 00:00 0 
7f5996d00000-7f5996d04000 ---p 00000000 00:00 0 
7f5996d04000-7f5996e00000 rw-p 00000000 00:00 0 
7f5996e00000-7f5996e04000 ---p 00000000 00:00 0 
7f5996e04000-7f5996f00000 rw-p 00000000 00:00 0 
7f5996f00000-7f5996f04000 ---p 00000000 00:00 0 
7f5996f04000-7f5997000000 rw-p 00000000 00:00 0 
7f5997000000-7f5997004000 ---p 00000000 00:00 0 
7f5997004000-7f5997100000 rw-p 00000000 00:00 0 
7f5997100000-7f5997104000 ---p 00000000 00:00 0 
7f5997104000-7f5997200000 rw-p 00000000 00:00 0 
7f5997200000-7f5997204000 ---p 00000000 00:00 0 
7f5997204000-7f5997300000 rw-p 00000000 00:00 0 
7f5997300000-7f5997304000 ---p 00000000 00:00 0 
7f5997304000-7f5997400000 rw-p 00000000 00:00 0 
7f5997400000-7f5997404000 ---p 00000000 00:00 0 
7f5997404000-7f5997500000 rw-p 00000000 00:00 0 
7f5997500000-7f5997504000 ---p 00000000 00:00 0 
7f5997504000-7f5997600000 rw-p 00000000 00:00 0 
7f5997600000-7f5997604000 ---p 00000000 00:00 0 
7f5997604000-7f5997700000 rw-p 00000000 00:00 0 
7f5997700000-7f5997704000 ---p 00000000 00:00 0 
7f5997704000-7f5997800000 rw-p 00000000 00:00 0 
7f5997900000-7f5997904000 ---p 00000000 00:00 0 
7f5997904000-7f5997a00000 rw-p 00000000 00:00 0 
7f5997a00000-7f5997a04000 ---p 00000000 00:00 0 
7f5997a04000-7f5997b00000 rw-p 00000000 00:00 0 
7f5997b00000-7f5997b04000 ---p 00000000 00:00 0 
7f5997b04000-7f5997c00000 rw-p 00000000 00:00 0 
7f5997c00000-7f5997c05000 r-xp 00000000 00:4a 30937                      /home/runner/.gradle/native/1def1411415f61bf3af743bc5b6707747c0891f09f0c88961ee8f79bc544acac/linux-amd64/libnative-platform.so
7f5997c05000-7f5997e05000 ---p 00005000 00:4a 30937                      /home/runner/.gradle/native/1def1411415f61bf3af743bc5b6707747c0891f09f0c88961ee8f79bc544acac/linux-amd64/libnative-platform.so
7f5997e05000-7f5997e06000 r--p 00005000 00:4a 30937                      /home/runner/.gradle/native/1def1411415f61bf3af743bc5b6707747c0891f09f0c88961ee8f79bc544acac/linux-amd64/libnative-platform.so
7f5997e06000-7f5997e07000 rw-p 00006000 00:4a 30937                      /home/runner/.gradle/native/1def1411415f61bf3af743bc5b6707747c0891f09f0c88961ee8f79bc544acac/linux-amd64/libnative-platform.so
7f5997f00000-7f5997f04000 ---p 00000000 00:00 0 
7f5997f04000-7f5998000000 rw-p 00000000 00:00 0 
7f5998000000-7f5998048000 rw-p 00000000 00:00 0 
7f5998048000-7f599c000000 ---p 00000000 00:00 0 
7f599c000000-7f599c04e000 rw-p 00000000 00:00 0 
7f599c04e000-7f59a0000000 ---p 00000000 00:00 0 
7f59a0000000-7f59a0023000 rw-p 00000000 00:00 0 
7f59a0023000-7f59a4000000 ---p 00000000 00:00 0 
7f59a4000000-7f59a4030000 rw-p 00000000 00:00 0 
7f59a4030000-7f59a8000000 ---p 00000000 00:00 0 
7f59a80fe000-7f59a80ff000 ---p 00000000 00:00 0 
7f59a80ff000-7f59a8200000 rw-p 00000000 00:00 0 
7f59a8200000-7f59a8204000 ---p 00000000 00:00 0 
7f59a8204000-7f59a8300000 rw-p 00000000 00:00 0 
7f59a8300000-7f59a8304000 ---p 00000000 00:00 0 
7f59a8304000-7f59a8400000 rw-p 00000000 00:00 0 
7f59a8400000-7f59a8404000 ---p 00000000 00:00 0 
7f59a8404000-7f59a8500000 rw-p 00000000 00:00 0 
7f59a8500000-7f59a8504000 ---p 00000000 00:00 0 
7f59a8504000-7f59a8600000 rw-p 00000000 00:00 0 
7f59a8600000-7f59a8604000 ---p 00000000 00:00 0 
7f59a8604000-7f59a8700000 rw-p 00000000 00:00 0 
7f59a8700000-7f59a8704000 ---p 00000000 00:00 0 
7f59a8704000-7f59a8800000 rw-p 00000000 00:00 0 
7f59a8800000-7f59a8804000 ---p 00000000 00:00 0 
7f59a8804000-7f59a8900000 rw-p 00000000 00:00 0 
7f59a8900000-7f59a8904000 ---p 00000000 00:00 0 
7f59a8904000-7f59a8a00000 rw-p 00000000 00:00 0 
7f59a8a00000-7f59a8a04000 ---p 00000000 00:00 0 
7f59a8a04000-7f59a8b00000 rw-p 00000000 00:00 0 
7f59a8b00000-7f59a8b04000 ---p 00000000 00:00 0 
7f59a8b04000-7f59a8c00000 rw-p 00000000 00:00 0 
7f59a8c00000-7f59a8c04000 ---p 00000000 00:00 0 
7f59a8c04000-7f59a8d00000 rw-p 00000000 00:00 0 
7f59a8d00000-7f59a8d04000 ---p 00000000 00:00 0 
7f59a8d04000-7f59a8e00000 rw-p 00000000 00:00 0 
7f59a8e00000-7f59a8e04000 ---p 00000000 00:00 0 
7f59a8e04000-7f59a8f00000 rw-p 00000000 00:00 0 
7f59a8f00000-7f59a8f04000 ---p 00000000 00:00 0 
7f59a8f04000-7f59a9000000 rw-p 00000000 00:00 0 
7f59a9000000-7f59a9004000 ---p 00000000 00:00 0 
7f59a9004000-7f59a9100000 rw-p 00000000 00:00 0 
7f59a9100000-7f59a9104000 ---p 00000000 00:00 0 
7f59a9104000-7f59a9200000 rw-p 00000000 00:00 0 
7f59a9300000-7f59a9304000 ---p 00000000 00:00 0 
7f59a9304000-7f59a9400000 rw-p 00000000 00:00 0 
7f59a9400000-7f59a9404000 ---p 00000000 00:00 0 
7f59a9404000-7f59a9500000 rw-p 00000000 00:00 0 
7f59a9500000-7f59a9504000 ---p 00000000 00:00 0 
7f59a9504000-7f59a9600000 rw-p 00000000 00:00 0 
7f59a9600000-7f59a9604000 ---p 00000000 00:00 0 
7f59a9604000-7f59a9700000 rw-p 00000000 00:00 0 
7f59a9700000-7f59a9704000 ---p 00000000 00:00 0 
7f59a9704000-7f59a9800000 rw-p 00000000 00:00 0 
7f59a9800000-7f59a9804000 ---p 00000000 00:00 0 
7f59a9804000-7f59a9900000 rw-p 00000000 00:00 0 
7f59a9900000-7f59a9904000 ---p 00000000 00:00 0 
7f59a9904000-7f59a9a00000 rw-p 00000000 00:00 0 
7f59a9a00000-7f59a9a04000 ---p 00000000 00:00 0 
7f59a9a04000-7f59a9b00000 rw-p 00000000 00:00 0 
7f59a9b00000-7f59a9b04000 ---p 00000000 00:00 0 
7f59a9b04000-7f59a9c00000 rw-p 00000000 00:00 0 
7f59a9c00000-7f59a9c04000 ---p 00000000 00:00 0 
7f59a9c04000-7f59a9d00000 rw-p 00000000 00:00 0 
7f59a9d00000-7f59a9d04000 ---p 00000000 00:00 0 
7f59a9d04000-7f59a9e00000 rw-p 00000000 00:00 0 
7f59a9e00000-7f59a9e04000 ---p 00000000 00:00 0 
7f59a9e04000-7f59a9f00000 rw-p 00000000 00:00 0 
7f59a9f00000-7f59a9f04000 ---p 00000000 00:00 0 
7f59a9f04000-7f59aa000000 rw-p 00000000 00:00 0 
7f59aa000000-7f59aa004000 ---p 00000000 00:00 0 
7f59aa004000-7f59aa100000 rw-p 00000000 00:00 0 
7f59aa100000-7f59aa104000 ---p 00000000 00:00 0 
7f59aa104000-7f59aa200000 rw-p 00000000 00:00 0 
7f59aa200000-7f59aa204000 ---p 00000000 00:00 0 
7f59aa204000-7f59aa300000 rw-p 00000000 00:00 0 
7f59aa300000-7f59aa304000 ---p 00000000 00:00 0 
7f59aa304000-7f59aa400000 rw-p 00000000 00:00 0 
7f59aa400000-7f59aa404000 ---p 00000000 00:00 0 
7f59aa404000-7f59aa500000 rw-p 00000000 00:00 0 
7f59aa500000-7f59aa504000 ---p 00000000 00:00 0 
7f59aa504000-7f59aa600000 rw-p 00000000 00:00 0 
7f59aa600000-7f59aa604000 ---p 00000000 00:00 0 
7f59aa604000-7f59aa700000 rw-p 00000000 00:00 0 
7f59aa700000-7f59aa704000 ---p 00000000 00:00 0 
7f59aa704000-7f59aa800000 rw-p 00000000 00:00 0 
7f59aa800000-7f59aa804000 ---p 00000000 00:00 0 
7f59aa804000-7f59aa900000 rw-p 00000000 00:00 0 
7f59aa900000-7f59aa904000 ---p 00000000 00:00 0 
7f59aa904000-7f59aaa00000 rw-p 00000000 00:00 0 
7f59aaa00000-7f59aaa04000 ---p 00000000 00:00 0 
7f59aaa04000-7f59aab00000 rw-p 00000000 00:00 0 
7f59aab00000-7f59aab04000 ---p 00000000 00:00 0 
7f59aab04000-7f59aac00000 rw-p 00000000 00:00 0 
7f59aac00000-7f59aac04000 ---p 00000000 00:00 0 
7f59aac04000-7f59aad00000 rw-p 00000000 00:00 0 
7f59aad00000-7f59aad04000 ---p 00000000 00:00 0 
7f59aad04000-7f59aae00000 rw-p 00000000 00:00 0 
7f59aae00000-7f59aaf00000 ---p 00000000 00:00 0 
7f59aaf00000-7f59ab4bc000 r--p 0115d000 00:84 479157                     /nix/store/c8hr2f0b0dm685yx1dkp6bw24bpx495n-graalvm19-ce-22.3.1/lib/libjvmcicompiler.so
7f59ab4bc000-7f59ab600000 r--p 00000000 00:00 0 
7f59ab600000-7f59ab644000 rw-p 00000000 00:00 0 
7f59ab644000-7f59abb5e000 rw-p 018a1000 00:84 479157                     /nix/store/c8hr2f0b0dm685yx1dkp6bw24bpx495n-graalvm19-ce-22.3.1/lib/libjvmcicompiler.so
7f59abb5e000-7f59abf56000 r--p 01dbb000 00:84 479157                     /nix/store/c8hr2f0b0dm685yx1dkp6bw24bpx495n-graalvm19-ce-22.3.1/lib/libjvmcicompiler.so
7f59ac000000-7f59ac096000 rw-p 00000000 00:00 0 
7f59ac096000-7f59b0000000 ---p 00000000 00:00 0 
7f59b0000000-7f59b05e4000 rw-p 00000000 00:00 0 
7f59b05e4000-7f59b4000000 ---p 00000000 00:00 0 
7f59b4000000-7f59b4b15000 rw-p 00000000 00:00 0 
7f59b4b15000-7f59b8000000 ---p 00000000 00:00 0 
7f59b8000000-7f59b8913000 rw-p 00000000 00:00 0 
7f59b8913000-7f59bc000000 ---p 00000000 00:00 0 
7f59bc000000-7f59bc04a000 rw-p 00000000 00:00 0 
7f59bc04a000-7f59c0000000 ---p 00000000 00:00 0 
7f59c0000000-7f59c061d000 rw-p 00000000 00:00 0 
7f59c061d000-7f59c4000000 ---p 00000000 00:00 0 
7f59c4000000-7f59c40f8000 rw-p 00000000 00:00 0 
7f59c40f8000-7f59c8000000 ---p 00000000 00:00 0 
7f59c8000000-7f59c8061000 rw-p 00000000 00:00 0 
7f59c8061000-7f59cc000000 ---p 00000000 00:00 0 
7f59cc000000-7f59cc053000 rw-p 00000000 00:00 0 
7f59cc053000-7f59d0000000 ---p 00000000 00:00 0 
7f59d0000000-7f59d01b7000 rw-p 00000000 00:00 0 
7f59d01b7000-7f59d4000000 ---p 00000000 00:00 0 
7f59d40fe000-7f59d40ff000 ---p 00000000 00:00 0 
7f59d40ff000-7f59d4200000 rw-p 00000000 00:00 0 
7f59d4300000-7f59d4304000 ---p 00000000 00:00 0 
7f59d4304000-7f59d4400000 rw-p 00000000 00:00 0 
7f59d4400000-7f59d4404000 ---p 00000000 00:00 0 
7f59d4404000-7f59d4500000 rw-p 00000000 00:00 0 
7f59d4500000-7f59d4504000 ---p 00000000 00:00 0 
7f59d4504000-7f59d4600000 rw-p 00000000 00:00 0 
7f59d4600000-7f59d4604000 ---p 00000000 00:00 0 
7f59d4604000-7f59d4700000 rw-p 00000000 00:00 0 
7f59d4700000-7f59d4704000 ---p 00000000 00:00 0 
7f59d4704000-7f59d4800000 rw-p 00000000 00:00 0 
7f59d4810000-7f59d496b000 rw-p 00000000 00:00 0 
7f59d496b000-7f59d49a7000 r--p 00000000 00:4a 30960                      /home/runner/.gradle/native/0.2.7/x86_64-linux-gnu/libgradle-fileevents.so
7f59d49a7000-7f59d49ef000 r-xp 0003b000 00:4a 30960                      /home/runner/.gradle/native/0.2.7/x86_64-linux-gnu/libgradle-fileevents.so
7f59d49ef000-7f59d49f8000 r--p 00082000 00:4a 30960                      /home/runner/.gradle/native/0.2.7/x86_64-linux-gnu/libgradle-fileevents.so
7f59d49f8000-7f59d49f9000 rw-p 0008a000 00:4a 30960                      /home/runner/.gradle/native/0.2.7/x86_64-linux-gnu/libgradle-fileevents.so
7f59d49f9000-7f59d49fc000 rw-p 00000000 00:00 0 
7f59d49fc000-7f59d49fd000 ---p 00000000 00:00 0 
7f59d49fd000-7f59d4afe000 rw-p 00000000 00:00 0 
7f59d4afe000-7f59d4aff000 ---p 00000000 00:00 0 
7f59d4aff000-7f59d4c00000 rw-p 00000000 00:00 0 
7f59d4c00000-7f59d4c04000 ---p 00000000 00:00 0 
7f59d4c04000-7f59d4d00000 rw-p 00000000 00:00 0 
7f59d4d00000-7f59d4d04000 ---p 00000000 00:00 0 
7f59d4d04000-7f59d4e00000 rw-p 00000000 00:00 0 
7f59d4e00000-7f59d6fb7000 r-xp 00000000 00:84 479157                     /nix/store/c8hr2f0b0dm685yx1dkp6bw24bpx495n-graalvm19-ce-22.3.1/lib/libjvmcicompiler.so
7f59d6fb7000-7f59d71b6000 ---p 021b7000 00:84 479157                     /nix/store/c8hr2f0b0dm685yx1dkp6bw24bpx495n-graalvm19-ce-22.3.1/lib/libjvmcicompiler.so
7f59d71b6000-7f59d71b7000 r--p 021b6000 00:84 479157                     /nix/store/c8hr2f0b0dm685yx1dkp6bw24bpx495n-graalvm19-ce-22.3.1/lib/libjvmcicompiler.so
7f59d71b7000-7f59d71ba000 rw-p 021b7000 00:84 479157                     /nix/store/c8hr2f0b0dm685yx1dkp6bw24bpx495n-graalvm19-ce-22.3.1/lib/libjvmcicompiler.so
7f59d71ba000-7f59d71bf000 rw-p 02418000 00:84 479157                     /nix/store/c8hr2f0b0dm685yx1dkp6bw24bpx495n-graalvm19-ce-22.3.1/lib/libjvmcicompiler.so
7f59d7200000-7f59d7204000 ---p 00000000 00:00 0 
7f59d7204000-7f59d7400000 rw-p 00000000 00:00 0 
7f59d7400000-7f59d7404000 ---p 00000000 00:00 0 
7f59d7404000-7f59d7500000 rw-p 00000000 00:00 0 
7f59d7500000-7f59d7504000 ---p 00000000 00:00 0 
7f59d7504000-7f59d7600000 rw-p 00000000 00:00 0 
7f59d7600000-7f59d7604000 ---p 00000000 00:00 0 
7f59d7604000-7f59d7800000 rw-p 00000000 00:00 0 
7f59d7800000-7f59d7804000 ---p 00000000 00:00 0 
7f59d7804000-7f59d7a00000 rw-p 00000000 00:00 0 
7f59d7a15000-7f59d7a19000 ---p 00000000 00:00 0 
7f59d7a19000-7f59d7b15000 rw-p 00000000 00:00 0 
7f59d7b15000-7f59d7b19000 ---p 00000000 00:00 0 
7f59d7b19000-7f59d7c15000 rw-p 00000000 00:00 0 
7f59d7c15000-7f59d7c19000 ---p 00000000 00:00 0 
7f59d7c19000-7f59d7d15000 rw-p 00000000 00:00 0 
7f59d7d15000-7f59d8000000 r--p 00000000 00:21 714962                     /usr/lib/locale/locale-archive
7f59d8000000-7f59d8400000 rw-p 00000000 00:00 0 
7f59d8400000-7f59d87c0000 rw-p 00000000 00:00 0 
7f59d87c0000-7f59d8900000 rw-p 00000000 00:00 0 
7f59d8900000-7f59d8a00000 rw-p 00000000 00:00 0 
7f59d8a00000-7f59d8d80000 rw-p 00000000 00:00 0 
7f59d8d80000-7f59d8e00000 rw-p 00000000 00:00 0 
7f59d8e00000-7f59d9500000 rw-p 00000000 00:00 0 
7f59d9500000-7f59d9600000 rw-p 00000000 00:00 0 
7f59d9600000-7f59d9900000 rw-p 00000000 00:00 0 
7f59d9900000-7f59d9a00000 rw-p 00000000 00:00 0 
7f59d9a00000-7f59d9b80000 rw-p 00000000 00:00 0 
7f59d9b80000-7f59d9c00000 rw-p 00000000 00:00 0 
7f59d9c00000-7f59d9d00000 rw-p 00000000 00:00 0 
7f59d9d00000-7f59d9e00000 rw-p 00000000 00:00 0 
7f59d9e00000-7f59db200000 rw-p 00000000 00:00 0 
7f59db200000-7f59db300000 rw-p 00000000 00:00 0 
7f59db300000-7f59db400000 rw-p 00000000 00:00 0 
7f59db400000-7f59db560000 rw-p 00000000 00:00 0 
7f59db560000-7f59db580000 rw-p 00000000 00:00 0 
7f59db580000-7f59db700000 rw-p 00000000 00:00 0 
7f59db700000-7f59db800000 rw-p 00000000 00:00 0 
7f59db800000-7f59dc000000 rw-p 00000000 00:00 0 
7f59dc000000-7f59dc023000 rw-p 00000000 00:00 0 
7f59dc023000-7f59e0000000 ---p 00000000 00:00 0 
7f59e0000000-7f59e00b0000 rw-p 00000000 00:00 0 
7f59e00b0000-7f59e4000000 ---p 00000000 00:00 0 
7f59e4000000-7f59e4025000 rw-p 00000000 00:00 0 
7f59e4025000-7f59e8000000 ---p 00000000 00:00 0 
7f59e8000000-7f59e8045000 rw-p 00000000 00:00 0 
7f59e8045000-7f59ec000000 ---p 00000000 00:00 0 
7f59ec000000-7f59ec0dd000 rw-p 00000000 00:00 0 
7f59ec0dd000-7f59f0000000 ---p 00000000 00:00 0 
7f59f0028000-7f59f002c000 ---p 00000000 00:00 0 
7f59f002c000-7f59f0128000 rw-p 00000000 00:00 0 
7f59f0128000-7f59f012c000 ---p 00000000 00:00 0 
7f59f012c000-7f59f0228000 rw-p 00000000 00:00 0 
7f59f0228000-7f59f0229000 ---p 00000000 00:00 0 
7f59f0229000-7f59f032a000 rw-p 00000000 00:00 0 
7f59f032a000-7f59f03f8000 r-xp 00000000 00:84 479155                     /nix/store/c8hr2f0b0dm685yx1dkp6bw24bpx495n-graalvm19-ce-22.3.1/lib/libjsvml.so
7f59f03f8000-7f59f03f9000 r--p 000cd000 00:84 479155                     /nix/store/c8hr2f0b0dm685yx1dkp6bw24bpx495n-graalvm19-ce-22.3.1/lib/libjsvml.so
7f59f03f9000-7f59f03fa000 rw-p 000ce000 00:84 479155                     /nix/store/c8hr2f0b0dm685yx1dkp6bw24bpx495n-graalvm19-ce-22.3.1/lib/libjsvml.so
7f59f03fa000-7f59f03fb000 ---p 00000000 00:00 0 
7f59f03fb000-7f59f04fc000 rw-p 00000000 00:00 0 
7f59f04fc000-7f59f04fd000 ---p 00000000 00:00 0 
7f59f04fd000-7f59f05fe000 rw-p 00000000 00:00 0 
7f59f05fe000-7f59f3094000 rw-p 00000000 00:00 0 
7f59f3094000-7f59f47f8000 ---p 00000000 00:00 0 
7f59f47f8000-7f59f5094000 rw-p 00000000 00:00 0 
7f59f5094000-7f59f67f8000 ---p 00000000 00:00 0 
7f59f67f8000-7f59f6913000 rw-p 00000000 00:00 0 
7f59f6913000-7f59f6bff000 ---p 00000000 00:00 0 
7f59f6bff000-7f59f6c00000 rw-p 00000000 00:00 0 
7f59f6c00000-7f59f9a40000 rwxp 00000000 00:00 0 
7f59f9a40000-7f59fe0f2000 ---p 00000000 00:00 0 
7f59fe0f2000-7f59fe422000 rwxp 00000000 00:00 0 
7f59fe422000-7f59fe70e000 ---p 00000000 00:00 0 
7f59fe70e000-7f59ff08e000 rwxp 00000000 00:00 0 
7f59ff08e000-7f5a05c00000 ---p 00000000 00:00 0 
7f5a05c1a000-7f5a05c1e000 ---p 00000000 00:00 0 
7f5a05c1e000-7f5a05c3c000 rw-p 00000000 00:00 0 
7f5a05c3c000-7f5a05c3e000 r-xp 00000000 00:84 479140                     /nix/store/c8hr2f0b0dm685yx1dkp6bw24bpx495n-graalvm19-ce-22.3.1/lib/libextnet.so
7f5a05c3e000-7f5a05c3f000 ---p 00002000 00:84 479140                     /nix/store/c8hr2f0b0dm685yx1dkp6bw24bpx495n-graalvm19-ce-22.3.1/lib/libextnet.so
7f5a05c3f000-7f5a05c40000 r--p 00002000 00:84 479140                     /nix/store/c8hr2f0b0dm685yx1dkp6bw24bpx495n-graalvm19-ce-22.3.1/lib/libextnet.so
7f5a05c40000-7f5a05c41000 rw-p 00003000 00:84 479140                     /nix/store/c8hr2f0b0dm685yx1dkp6bw24bpx495n-graalvm19-ce-22.3.1/lib/libextnet.so
7f5a05c41000-7f5a05c42000 rw-p 00005000 00:84 479140                     /nix/store/c8hr2f0b0dm685yx1dkp6bw24bpx495n-graalvm19-ce-22.3.1/lib/libextnet.so
7f5a05c42000-7f5a05dc4000 rw-p 00000000 00:00 0 
7f5a05dc4000-7f5a10000000 r--s 00000000 00:84 479181                     /nix/store/c8hr2f0b0dm685yx1dkp6bw24bpx495n-graalvm19-ce-22.3.1/lib/modules
7f5a10000000-7f5a11468000 rw-p 00000000 00:00 0 
7f5a11468000-7f5a14000000 ---p 00000000 00:00 0 
7f5a14004000-7f5a1400a000 r-xp 00000000 00:84 479162                     /nix/store/c8hr2f0b0dm685yx1dkp6bw24bpx495n-graalvm19-ce-22.3.1/lib/libmanagement_ext.so
7f5a1400a000-7f5a1400b000 r--p 00005000 00:84 479162                     /nix/store/c8hr2f0b0dm685yx1dkp6bw24bpx495n-graalvm19-ce-22.3.1/lib/libmanagement_ext.so
7f5a1400b000-7f5a1400c000 rw-p 00006000 00:84 479162                     /nix/store/c8hr2f0b0dm685yx1dkp6bw24bpx495n-graalvm19-ce-22.3.1/lib/libmanagement_ext.so
7f5a1400c000-7f5a1400e000 rw-p 00009000 00:84 479162                     /nix/store/c8hr2f0b0dm685yx1dkp6bw24bpx495n-graalvm19-ce-22.3.1/lib/libmanagement_ext.so
7f5a1400e000-7f5a14012000 r-xp 00000000 00:84 479160                     /nix/store/c8hr2f0b0dm685yx1dkp6bw24bpx495n-graalvm19-ce-22.3.1/lib/libmanagement.so
7f5a14012000-7f5a14013000 r--p 00003000 00:84 479160                     /nix/store/c8hr2f0b0dm685yx1dkp6bw24bpx495n-graalvm19-ce-22.3.1/lib/libmanagement.so
7f5a14013000-7f5a14014000 rw-p 00004000 00:84 479160                     /nix/store/c8hr2f0b0dm685yx1dkp6bw24bpx495n-graalvm19-ce-22.3.1/lib/libmanagement.so
7f5a14014000-7f5a14016000 rw-p 00007000 00:84 479160                     /nix/store/c8hr2f0b0dm685yx1dkp6bw24bpx495n-graalvm19-ce-22.3.1/lib/libmanagement.so
7f5a14016000-7f5a14023000 r-xp 00000000 00:84 479179                     /nix/store/c8hr2f0b0dm685yx1dkp6bw24bpx495n-graalvm19-ce-22.3.1/lib/libverify.so
7f5a14023000-7f5a14025000 r--p 0000c000 00:84 479179                     /nix/store/c8hr2f0b0dm685yx1dkp6bw24bpx495n-graalvm19-ce-22.3.1/lib/libverify.so
7f5a14025000-7f5a14026000 rw-p 0000e000 00:84 479179                     /nix/store/c8hr2f0b0dm685yx1dkp6bw24bpx495n-graalvm19-ce-22.3.1/lib/libverify.so
7f5a14026000-7f5a14027000 rw-p 00010000 00:84 479179                     /nix/store/c8hr2f0b0dm685yx1dkp6bw24bpx495n-graalvm19-ce-22.3.1/lib/libverify.so
7f5a14027000-7f5a14035000 r-xp 00000000 00:84 479170                     /nix/store/c8hr2f0b0dm685yx1dkp6bw24bpx495n-graalvm19-ce-22.3.1/lib/libnet.so
7f5a14035000-7f5a14036000 r--p 0000d000 00:84 479170                     /nix/store/c8hr2f0b0dm685yx1dkp6bw24bpx495n-graalvm19-ce-22.3.1/lib/libnet.so
7f5a14036000-7f5a14037000 rw-p 0000e000 00:84 479170                     /nix/store/c8hr2f0b0dm685yx1dkp6bw24bpx495n-graalvm19-ce-22.3.1/lib/libnet.so
7f5a14037000-7f5a14039000 rw-p 00012000 00:84 479170                     /nix/store/c8hr2f0b0dm685yx1dkp6bw24bpx495n-graalvm19-ce-22.3.1/lib/libnet.so
7f5a14039000-7f5a1404c000 r-xp 00000000 00:84 479171                     /nix/store/c8hr2f0b0dm685yx1dkp6bw24bpx495n-graalvm19-ce-22.3.1/lib/libnio.so
7f5a1404c000-7f5a1404d000 r--p 00012000 00:84 479171                     /nix/store/c8hr2f0b0dm685yx1dkp6bw24bpx495n-graalvm19-ce-22.3.1/lib/libnio.so
7f5a1404d000-7f5a1404e000 rw-p 00013000 00:84 479171                     /nix/store/c8hr2f0b0dm685yx1dkp6bw24bpx495n-graalvm19-ce-22.3.1/lib/libnio.so
7f5a1404e000-7f5a14053000 rw-p 00019000 00:84 479171                     /nix/store/c8hr2f0b0dm685yx1dkp6bw24bpx495n-graalvm19-ce-22.3.1/lib/libnio.so
7f5a14053000-7f5a1405a000 r-xp 00000000 00:84 479180                     /nix/store/c8hr2f0b0dm685yx1dkp6bw24bpx495n-graalvm19-ce-22.3.1/lib/libzip.so
7f5a1405a000-7f5a1405b000 ---p 00007000 00:84 479180                     /nix/store/c8hr2f0b0dm685yx1dkp6bw24bpx495n-graalvm19-ce-22.3.1/lib/libzip.so
7f5a1405b000-7f5a1405c000 r--p 00007000 00:84 479180                     /nix/store/c8hr2f0b0dm685yx1dkp6bw24bpx495n-graalvm19-ce-22.3.1/lib/libzip.so
7f5a1405c000-7f5a1405d000 rw-p 00008000 00:84 479180                     /nix/store/c8hr2f0b0dm685yx1dkp6bw24bpx495n-graalvm19-ce-22.3.1/lib/libzip.so
7f5a1405d000-7f5a1405f000 rw-p 0000b000 00:84 479180                     /nix/store/c8hr2f0b0dm685yx1dkp6bw24bpx495n-graalvm19-ce-22.3.1/lib/libzip.so
7f5a1405f000-7f5a141fc000 rw-p 00000000 00:00 0 
7f5a141fc000-7f5a141fd000 ---p 00000000 00:00 0 
7f5a141fd000-7f5a142fe000 rw-p 00000000 00:00 0 
7f5a142fe000-7f5a142ff000 ---p 00000000 00:00 0 
7f5a142ff000-7f5a14400000 rw-p 00000000 00:00 0 
7f5a14400000-7f5a14513000 rw-p 00000000 00:00 0 
7f5a14513000-7f5a147ff000 ---p 00000000 00:00 0 
7f5a147ff000-7f5a14913000 rw-p 00000000 00:00 0 
7f5a14913000-7f5a14bff000 ---p 00000000 00:00 0 
7f5a14bff000-7f5a14c00000 rw-p 00000000 00:00 0 
7f5a14c02000-7f5a14c03000 ---p 00000000 00:00 0 
7f5a14c03000-7f5a14d04000 rw-p 00000000 00:00 0 
7f5a14d04000-7f5a15160000 rw-p 00000000 00:00 0 
7f5a15160000-7f5a15237000 ---p 00000000 00:00 0 
7f5a15237000-7f5a15294000 rw-p 00000000 00:00 0 
7f5a15294000-7f5a15321000 ---p 00000000 00:00 0 
7f5a15321000-7f5a15328000 rw-p 00000000 00:00 0 
7f5a15328000-7f5a1532e000 ---p 00000000 00:00 0 
7f5a1532e000-7f5a15336000 rw-s 00000000 00:45 57055                      /tmp/hsperfdata_runner/4349
7f5a15336000-7f5a1535c000 r-xp 00000000 00:84 479147                     /nix/store/c8hr2f0b0dm685yx1dkp6bw24bpx495n-graalvm19-ce-22.3.1/lib/libjava.so
7f5a1535c000-7f5a1535d000 r--p 00025000 00:84 479147                     /nix/store/c8hr2f0b0dm685yx1dkp6bw24bpx495n-graalvm19-ce-22.3.1/lib/libjava.so
7f5a1535d000-7f5a1535e000 rw-p 00026000 00:84 479147                     /nix/store/c8hr2f0b0dm685yx1dkp6bw24bpx495n-graalvm19-ce-22.3.1/lib/libjava.so
7f5a1535e000-7f5a1535f000 rw-p 00000000 00:00 0 
7f5a1535f000-7f5a15366000 rw-p 00030000 00:84 479147                     /nix/store/c8hr2f0b0dm685yx1dkp6bw24bpx495n-graalvm19-ce-22.3.1/lib/libjava.so
7f5a15366000-7f5a15370000 r-xp 00000000 00:84 479142                     /nix/store/c8hr2f0b0dm685yx1dkp6bw24bpx495n-graalvm19-ce-22.3.1/lib/libinstrument.so
7f5a15370000-7f5a15371000 r--p 00009000 00:84 479142                     /nix/store/c8hr2f0b0dm685yx1dkp6bw24bpx495n-graalvm19-ce-22.3.1/lib/libinstrument.so
7f5a15371000-7f5a15372000 rw-p 0000a000 00:84 479142                     /nix/store/c8hr2f0b0dm685yx1dkp6bw24bpx495n-graalvm19-ce-22.3.1/lib/libinstrument.so
7f5a15372000-7f5a15373000 rw-p 0000d000 00:84 479142                     /nix/store/c8hr2f0b0dm685yx1dkp6bw24bpx495n-graalvm19-ce-22.3.1/lib/libinstrument.so
7f5a15373000-7f5a15374000 ---p 00000000 00:00 0 
7f5a15374000-7f5a15375000 r--p 00000000 00:00 0 
7f5a15375000-7f5a15376000 ---p 00000000 00:00 0 
7f5a15376000-7f5a15391000 r-xp 00000000 00:84 479151                     /nix/store/c8hr2f0b0dm685yx1dkp6bw24bpx495n-graalvm19-ce-22.3.1/lib/libjimage.so
7f5a15391000-7f5a15392000 ---p 0001b000 00:84 479151                     /nix/store/c8hr2f0b0dm685yx1dkp6bw24bpx495n-graalvm19-ce-22.3.1/lib/libjimage.so
7f5a15392000-7f5a15394000 r--p 0001b000 00:84 479151                     /nix/store/c8hr2f0b0dm685yx1dkp6bw24bpx495n-graalvm19-ce-22.3.1/lib/libjimage.so
7f5a15394000-7f5a15395000 rw-p 0001d000 00:84 479151                     /nix/store/c8hr2f0b0dm685yx1dkp6bw24bpx495n-graalvm19-ce-22.3.1/lib/libjimage.so
7f5a15395000-7f5a15396000 rw-p 00024000 00:84 479151                     /nix/store/c8hr2f0b0dm685yx1dkp6bw24bpx495n-graalvm19-ce-22.3.1/lib/libjimage.so
7f5a15396000-7f5a1539a000 ---p 00000000 00:00 0 
7f5a1539a000-7f5a15496000 rw-p 00000000 00:00 0 
7f5a15496000-7f5a154a4000 r--p 00000000 00:84 406646                     /nix/store/9v5d40jyvmwgnq1nj8f19ji2rcc5dksd-glibc-2.37-45/lib/libm.so.6
7f5a154a4000-7f5a15518000 r-xp 0000e000 00:84 406646                     /nix/store/9v5d40jyvmwgnq1nj8f19ji2rcc5dksd-glibc-2.37-45/lib/libm.so.6
7f5a15518000-7f5a15574000 r--p 00082000 00:84 406646                     /nix/store/9v5d40jyvmwgnq1nj8f19ji2rcc5dksd-glibc-2.37-45/lib/libm.so.6
7f5a15574000-7f5a15575000 r--p 000de000 00:84 406646                     /nix/store/9v5d40jyvmwgnq1nj8f19ji2rcc5dksd-glibc-2.37-45/lib/libm.so.6
7f5a15575000-7f5a15576000 rw-p 000df000 00:84 406646                     /nix/store/9v5d40jyvmwgnq1nj8f19ji2rcc5dksd-glibc-2.37-45/lib/libm.so.6
7f5a15576000-7f5a15577000 r--p 00000000 00:84 406665                     /nix/store/9v5d40jyvmwgnq1nj8f19ji2rcc5dksd-glibc-2.37-45/lib/librt.so.1
7f5a15577000-7f5a15578000 r-xp 00001000 00:84 406665                     /nix/store/9v5d40jyvmwgnq1nj8f19ji2rcc5dksd-glibc-2.37-45/lib/librt.so.1
7f5a15578000-7f5a15579000 r--p 00002000 00:84 406665                     /nix/store/9v5d40jyvmwgnq1nj8f19ji2rcc5dksd-glibc-2.37-45/lib/librt.so.1
7f5a15579000-7f5a1557a000 r--p 00002000 00:84 406665                     /nix/store/9v5d40jyvmwgnq1nj8f19ji2rcc5dksd-glibc-2.37-45/lib/librt.so.1
7f5a1557a000-7f5a1557b000 rw-p 00003000 00:84 406665                     /nix/store/9v5d40jyvmwgnq1nj8f19ji2rcc5dksd-glibc-2.37-45/lib/librt.so.1
7f5a1557b000-7f5a16760000 r-xp 00000000 00:84 479197                     /nix/store/c8hr2f0b0dm685yx1dkp6bw24bpx495n-graalvm19-ce-22.3.1/lib/server/libjvm.so
7f5a16760000-7f5a1682a000 r--p 011e4000 00:84 479197                     /nix/store/c8hr2f0b0dm685yx1dkp6bw24bpx495n-graalvm19-ce-22.3.1/lib/server/libjvm.so
7f5a1682a000-7f5a1685f000 rw-p 012ae000 00:84 479197                     /nix/store/c8hr2f0b0dm685yx1dkp6bw24bpx495n-graalvm19-ce-22.3.1/lib/server/libjvm.so
7f5a1685f000-7f5a168bc000 rw-p 00000000 00:00 0 
7f5a168bc000-7f5a168de000 r--p 00000000 00:84 406639                     /nix/store/9v5d40jyvmwgnq1nj8f19ji2rcc5dksd-glibc-2.37-45/lib/libc.so.6
7f5a168de000-7f5a16a37000 r-xp 00022000 00:84 406639                     /nix/store/9v5d40jyvmwgnq1nj8f19ji2rcc5dksd-glibc-2.37-45/lib/libc.so.6
7f5a16a37000-7f5a16a90000 r--p 0017b000 00:84 406639                     /nix/store/9v5d40jyvmwgnq1nj8f19ji2rcc5dksd-glibc-2.37-45/lib/libc.so.6
7f5a16a90000-7f5a16a94000 r--p 001d3000 00:84 406639                     /nix/store/9v5d40jyvmwgnq1nj8f19ji2rcc5dksd-glibc-2.37-45/lib/libc.so.6
7f5a16a94000-7f5a16a96000 rw-p 001d7000 00:84 406639                     /nix/store/9v5d40jyvmwgnq1nj8f19ji2rcc5dksd-glibc-2.37-45/lib/libc.so.6
7f5a16a96000-7f5a16aa3000 rw-p 00000000 00:00 0 
7f5a16aa3000-7f5a16aa4000 r--p 00000000 00:84 406644                     /nix/store/9v5d40jyvmwgnq1nj8f19ji2rcc5dksd-glibc-2.37-45/lib/libdl.so.2
7f5a16aa4000-7f5a16aa5000 r-xp 00001000 00:84 406644                     /nix/store/9v5d40jyvmwgnq1nj8f19ji2rcc5dksd-glibc-2.37-45/lib/libdl.so.2
7f5a16aa5000-7f5a16aa6000 r--p 00002000 00:84 406644                     /nix/store/9v5d40jyvmwgnq1nj8f19ji2rcc5dksd-glibc-2.37-45/lib/libdl.so.2
7f5a16aa6000-7f5a16aa7000 r--p 00002000 00:84 406644                     /nix/store/9v5d40jyvmwgnq1nj8f19ji2rcc5dksd-glibc-2.37-45/lib/libdl.so.2
7f5a16aa7000-7f5a16aa8000 rw-p 00003000 00:84 406644                     /nix/store/9v5d40jyvmwgnq1nj8f19ji2rcc5dksd-glibc-2.37-45/lib/libdl.so.2
7f5a16aa8000-7f5a16aa9000 r--p 00000000 00:84 406661                     /nix/store/9v5d40jyvmwgnq1nj8f19ji2rcc5dksd-glibc-2.37-45/lib/libpthread.so.0
7f5a16aa9000-7f5a16aaa000 r-xp 00001000 00:84 406661                     /nix/store/9v5d40jyvmwgnq1nj8f19ji2rcc5dksd-glibc-2.37-45/lib/libpthread.so.0
7f5a16aaa000-7f5a16aab000 r--p 00002000 00:84 406661                     /nix/store/9v5d40jyvmwgnq1nj8f19ji2rcc5dksd-glibc-2.37-45/lib/libpthread.so.0
7f5a16aab000-7f5a16aac000 r--p 00002000 00:84 406661                     /nix/store/9v5d40jyvmwgnq1nj8f19ji2rcc5dksd-glibc-2.37-45/lib/libpthread.so.0
7f5a16aac000-7f5a16aad000 rw-p 00003000 00:84 406661                     /nix/store/9v5d40jyvmwgnq1nj8f19ji2rcc5dksd-glibc-2.37-45/lib/libpthread.so.0
7f5a16aad000-7f5a16abb000 r-xp 00000000 00:84 479152                     /nix/store/c8hr2f0b0dm685yx1dkp6bw24bpx495n-graalvm19-ce-22.3.1/lib/libjli.so
7f5a16abb000-7f5a16abc000 ---p 0000e000 00:84 479152                     /nix/store/c8hr2f0b0dm685yx1dkp6bw24bpx495n-graalvm19-ce-22.3.1/lib/libjli.so
7f5a16abc000-7f5a16abd000 r--p 0000e000 00:84 479152                     /nix/store/c8hr2f0b0dm685yx1dkp6bw24bpx495n-graalvm19-ce-22.3.1/lib/libjli.so
7f5a16abd000-7f5a16abe000 rw-p 0000f000 00:84 479152                     /nix/store/c8hr2f0b0dm685yx1dkp6bw24bpx495n-graalvm19-ce-22.3.1/lib/libjli.so
7f5a16abe000-7f5a16abf000 rw-p 00012000 00:84 479152                     /nix/store/c8hr2f0b0dm685yx1dkp6bw24bpx495n-graalvm19-ce-22.3.1/lib/libjli.so
7f5a16abf000-7f5a16ac1000 rw-p 00000000 00:00 0 
7f5a16ac1000-7f5a16ac4000 r--p 00000000 00:84 581600                     /nix/store/g6y95vcykv1hh6bizcqvafazk6mhj0pn-zlib-1.2.13/lib/libz.so.1.2.13
7f5a16ac4000-7f5a16ad7000 r-xp 00003000 00:84 581600                     /nix/store/g6y95vcykv1hh6bizcqvafazk6mhj0pn-zlib-1.2.13/lib/libz.so.1.2.13
7f5a16ad7000-7f5a16ade000 r--p 00016000 00:84 581600                     /nix/store/g6y95vcykv1hh6bizcqvafazk6mhj0pn-zlib-1.2.13/lib/libz.so.1.2.13
7f5a16ade000-7f5a16adf000 r--p 0001c000 00:84 581600                     /nix/store/g6y95vcykv1hh6bizcqvafazk6mhj0pn-zlib-1.2.13/lib/libz.so.1.2.13
7f5a16adf000-7f5a16ae0000 rw-p 0001d000 00:84 581600                     /nix/store/g6y95vcykv1hh6bizcqvafazk6mhj0pn-zlib-1.2.13/lib/libz.so.1.2.13
7f5a16ae0000-7f5a16ae1000 r--p 00000000 00:84 1033024                    /nix/store/sj11ljhx4n79h9g0167f8lg8hp7n545m-replit_rtld_loader-1/rtld_loader.so
7f5a16ae1000-7f5a16ae3000 r-xp 00001000 00:84 1033024                    /nix/store/sj11ljhx4n79h9g0167f8lg8hp7n545m-replit_rtld_loader-1/rtld_loader.so
7f5a16ae3000-7f5a16ae4000 r--p 00003000 00:84 1033024                    /nix/store/sj11ljhx4n79h9g0167f8lg8hp7n545m-replit_rtld_loader-1/rtld_loader.so
7f5a16ae4000-7f5a16ae5000 r--p 00003000 00:84 1033024                    /nix/store/sj11ljhx4n79h9g0167f8lg8hp7n545m-replit_rtld_loader-1/rtld_loader.so
7f5a16ae5000-7f5a16ae6000 rw-p 00004000 00:84 1033024                    /nix/store/sj11ljhx4n79h9g0167f8lg8hp7n545m-replit_rtld_loader-1/rtld_loader.so
7f5a16ae6000-7f5a16afe000 rw-p 00000000 00:00 0 
7f5a16afe000-7f5a16b02000 r--p 00000000 00:00 0                          [vvar]
7f5a16b02000-7f5a16b04000 r--p 00000000 00:00 0                          [vvar_vclock]
7f5a16b04000-7f5a16b06000 r-xp 00000000 00:00 0                          [vdso]
7f5a16b06000-7f5a16b07000 r--p 00000000 00:84 406633                     /nix/store/9v5d40jyvmwgnq1nj8f19ji2rcc5dksd-glibc-2.37-45/lib/ld-linux-x86-64.so.2
7f5a16b07000-7f5a16b2d000 r-xp 00001000 00:84 406633                     /nix/store/9v5d40jyvmwgnq1nj8f19ji2rcc5dksd-glibc-2.37-45/lib/ld-linux-x86-64.so.2
7f5a16b2d000-7f5a16b37000 r--p 00027000 00:84 406633                     /nix/store/9v5d40jyvmwgnq1nj8f19ji2rcc5dksd-glibc-2.37-45/lib/ld-linux-x86-64.so.2
7f5a16b37000-7f5a16b39000 r--p 00031000 00:84 406633                     /nix/store/9v5d40jyvmwgnq1nj8f19ji2rcc5dksd-glibc-2.37-45/lib/ld-linux-x86-64.so.2
7f5a16b39000-7f5a16b3b000 rw-p 00033000 00:84 406633                     /nix/store/9v5d40jyvmwgnq1nj8f19ji2rcc5dksd-glibc-2.37-45/lib/ld-linux-x86-64.so.2
7ffc44bd2000-7ffc44bf5000 rw-p 00000000 00:00 0                          [stack]


VM Arguments:
jvm_args: -XX:ThreadPriorityPolicy=1 -XX:+UnlockExperimentalVMOptions -XX:+EnableJVMCIProduct -XX:JVMCIThreadsPerNativeLibraryRuntime=1 -XX:-UnlockExperimentalVMOptions --add-opens=java.base/java.lang=ALL-UNNAMED --add-opens=java.base/java.lang.invoke=ALL-UNNAMED --add-opens=java.base/java.util=ALL-UNNAMED --add-opens=java.prefs/java.util.prefs=ALL-UNNAMED --add-exports=jdk.compiler/com.sun.tools.javac.api=ALL-UNNAMED --add-exports=jdk.compiler/com.sun.tools.javac.util=ALL-UNNAMED --add-opens=java.base/java.util=ALL-UNNAMED --add-opens=java.prefs/java.util.prefs=ALL-UNNAMED --add-opens=java.base/java.nio.charset=ALL-UNNAMED --add-opens=java.base/java.net=ALL-UNNAMED --add-opens=java.base/java.util.concurrent.atomic=ALL-UNNAMED --add-opens=java.xml/javax.xml.namespace=ALL-UNNAMED -XX:MaxMetaspaceSize=512m -Xmx2048m -Dfile.encoding=UTF-8 -Duser.country=US -Duser.language=en -Duser.variant -javaagent:/home/runner/.gradle/wrapper/dists/gradle-8.14.3-bin/cv11ve7ro1n3o1j4so8xd9n66/gradle-8.14.3/lib/agents/gradle-instrumentation-agent-8.14.3.jar 
java_command: org.gradle.launcher.daemon.bootstrap.GradleDaemon 8.14.3
java_class_path (initial): /home/runner/.gradle/wrapper/dists/gradle-8.14.3-bin/cv11ve7ro1n3o1j4so8xd9n66/gradle-8.14.3/lib/gradle-daemon-main-8.14.3.jar
Launcher Type: SUN_STANDARD

[Global flags]
     intx CICompilerCount                          = 3                                         {product} {ergonomic}
   size_t CompressedClassSpaceSize                 = 432013312                                 {product} {ergonomic}
     uint ConcGCThreads                            = 1                                         {product} {ergonomic}
     bool EnableJVMCIProduct                       = true                                {JVMCI product} {jimage}
     uint G1ConcRefinementThreads                  = 4                                         {product} {ergonomic}
   size_t G1HeapRegionSize                         = 1048576                                   {product} {ergonomic}
    uintx GCDrainStackTargetSize                   = 64                                        {product} {ergonomic}
   size_t InitialHeapSize                          = 132120576                                 {product} {ergonomic}
     uint JVMCIThreadsPerNativeLibraryRuntime      = 1                                   {JVMCI product} {jimage}
   size_t MarkStackSize                            = 4194304                                   {product} {ergonomic}
   size_t MaxHeapSize                              = 2147483648                                {product} {command line}
   size_t MaxMetaspaceSize                         = 536870912                                 {product} {command line}
   size_t MaxNewSize                               = 1287651328                                {product} {ergonomic}
   size_t MinHeapDeltaBytes                        = 1048576                                   {product} {ergonomic}
   size_t MinHeapSize                              = 8388608                                   {product} {ergonomic}
    uintx NonNMethodCodeHeapSize                   = 6402904                                {pd product} {ergonomic}
    uintx NonProfiledCodeHeapSize                  = 122627668                              {pd product} {ergonomic}
    uintx ProfiledCodeHeapSize                     = 122627668                              {pd product} {ergonomic}
    uintx ReservedCodeCacheSize                    = 251658240                              {pd product} {ergonomic}
     bool SegmentedCodeCache                       = true                                      {product} {ergonomic}
   size_t SoftMaxHeapSize                          = 2147483648                             {manageable} {ergonomic}
     intx ThreadPriorityPolicy                     = 1                                         {product} {jimage}
     bool UseCompressedClassPointers               = true                           {product lp64_product} {ergonomic}
     bool UseCompressedOops                        = true                           {product lp64_product} {ergonomic}
     bool UseG1GC                                  = true                                      {product} {ergonomic}

Logging:
Log output configuration:
 #0: stdout all=warning uptime,level,tags foldmultilines=false
 #1: stderr all=off uptime,level,tags foldmultilines=false

Environment Variables:
PATH=/nix/store/17prmkcmwjif1sbpgpfb12dn94psc4gd-npx/bin:/home/runner/workspace/.config/npm/node_global/bin:/home/runner/workspace/node_modules/.bin:/nix/store/s7awkfc4pym4zj139fsxrjs5xwf5hhnd-nodejs-24.13.0-wrapped/bin:/nix/store/1xk3mgscq548ypyrgm2n5kwdii92w9ql-bun-1.3.6/bin:/nix/store/61lr9izijvg30pcribjdxgjxvh3bysp4-pnpm-10.26.1/bin:/nix/store/23078nfww258q1vjxbmyak0svvxcvj4s-yarn-1.22.22/bin:/nix/store/8sa75mbvbn3kxicggyyjggmkigvzddks-prettier-3.6.2/bin:/nix/store/c8hr2f0b0dm685yx1dkp6bw24bpx495n-graalvm19-ce-22.3.1/bin:/nix/store/4lslm4qgsyjmpdw64w0a8q5bdmlzjvjd-apache-maven-3.8.6/bin:/nix/store/bgwr5i8jf8jpg75rr53rz3fqv5k8yrwp-postgresql-16.10/bin:/home/runner/workspace/.pythonlibs/bin:/nix/store/yp3s28b4xjvcq53wapb1v7hv5hlmmmma-python-wrapped-0.1.0/bin:/nix/store/59w24ywxs5lny5n9hx2zk1g29yy49iq4-python3.13-pip-25.0.1/bin:/nix/store/zv4va3swx5qcnlmx801p63n7jx59fgpl-python3.13-poetry-2.2.1/bin:/nix/store/cl0zldpnlc6k0f4jkl41vh977y4m13bq-uv-0.9.24/bin:/repl/ctls/bin:/nix/store/r7gvqfx5295420rcn3s375a4z9cgs8lq-pid1/bin:/nix/store/ipsw9pl73xjiasn4gid4y3x946480x6a-replit-runtime-path/bin:/usr/local/sbin:/usr/local/bin:/usr/sbin:/usr/bin:/sbin:/bin
LD_LIBRARY_PATH=/nix/store/prgb550wh7fmrcc79bnpdyxszyb0f948-cups-2.4.7-lib/lib:/nix/store/8l1kyr91cpcxbb288mg1hx052axkpp5y-cairo-1.16.0/lib:/nix/store/vsspzij12kbnnhl5cmd19ilwln6pnx9p-glib-2.76.2/lib:/nix/store/08a6hlz448wb02rkp9g87mzyn6a0cp72-gtk+3-3.24.37/lib
DISPLAY=:0
LANG=en_US.UTF-8
TERM=dumb

Active Locale:
LC_ALL=en_US.UTF-8
LC_COLLATE=en_US.UTF-8
LC_CTYPE=en_US.UTF-8
LC_MESSAGES=en_US.UTF-8
LC_MONETARY=en_US.UTF-8
LC_NUMERIC=en_US.UTF-8
LC_TIME=en_US.UTF-8

Signal Handlers:
   SIGSEGV: crash_handler in libjvm.so, mask=11100100010111111101111111111110, flags=SA_RESTART|SA_SIGINFO
    SIGBUS: crash_handler in libjvm.so, mask=11100100010111111101111111111110, flags=SA_RESTART|SA_SIGINFO
    SIGFPE: crash_handler in libjvm.so, mask=11100100010111111101111111111110, flags=SA_RESTART|SA_SIGINFO
   SIGPIPE: IsolateEnterStub_IgnoreSIGPIPEStartupHook_noopSignalHandler_e7f927579b58c552540f032273d7664341ccbaa6_76208cad888c6e1fb3760e66784fb81a9ad004e5 in libjvmcicompiler.so, mask=00000000000000000000000000000000, flags=SA_RESTART
  *** Handler was modified!
  *** Expected: javaSignalHandler in libjvm.so, mask=11100100110111111111111111111110, flags=SA_RESTART|SA_SIGINFO
   SIGXFSZ: javaSignalHandler in libjvm.so, mask=11100100010111111101111111111110, flags=SA_RESTART|SA_SIGINFO
    SIGILL: crash_handler in libjvm.so, mask=11100100010111111101111111111110, flags=SA_RESTART|SA_SIGINFO
   SIGUSR2: SR_handler in libjvm.so, mask=00100000000000000000000000000000, flags=SA_RESTART|SA_SIGINFO
    SIGHUP: UserHandler in libjvm.so, mask=11100100010111111101111111111110, flags=SA_RESTART|SA_SIGINFO
    SIGINT: UserHandler in libjvm.so, mask=11100100010111111101111111111110, flags=SA_RESTART|SA_SIGINFO
   SIGTERM: UserHandler in libjvm.so, mask=11100100010111111101111111111110, flags=SA_RESTART|SA_SIGINFO
   SIGQUIT: UserHandler in libjvm.so, mask=11100100010111111101111111111110, flags=SA_RESTART|SA_SIGINFO
   SIGTRAP: crash_handler in libjvm.so, mask=11100100010111111101111111111110, flags=SA_RESTART|SA_SIGINFO


---------------  S Y S T E M  ---------------

OS:
DISTRIB_ID=Ubuntu
DISTRIB_RELEASE=24.04
DISTRIB_CODENAME=noble
DISTRIB_DESCRIPTION="Ubuntu 24.04.4 LTS"
uname: Linux 6.18.48 #Replit-Linux SMP Fri Aug 28 06:22:54 UTC 2026 x86_64
OS uptime: 0 days 1:15 hours
libc: glibc 2.37 NPTL 2.37 
rlimit (soft/hard): STACK 8192k/infinity , CORE 0k/infinity , NPROC 31847/31847 , NOFILE 83886/83886 , AS infinity/infinity , CPU infinity/infinity , DATA infinity/infinity , FSIZE infinity/infinity , MEMLOCK 8192k/8192k
load average: 5.37 4.16 2.07

/proc/meminfo:
MemTotal:        8156440 kB
MemFree:          934076 kB
MemAvailable:    1025612 kB
Buffers:            1184 kB
Cached:          1617420 kB
SwapCached:            0 kB
Active:           343224 kB
Inactive:        6372872 kB
Active(anon):       6688 kB
Inactive(anon):  5112236 kB
Active(file):     336536 kB
Inactive(file):  1260636 kB
Unevictable:           0 kB
Mlocked:               0 kB
SwapTotal:             0 kB
SwapFree:              0 kB
Dirty:               580 kB
Writeback:             0 kB
AnonPages:       5097724 kB
Mapped:           241288 kB
Shmem:             21388 kB
KReclaimable:          0 kB
Slab:             159784 kB
SReclaimable:          0 kB
SUnreclaim:       159784 kB
KernelStack:       11456 kB
PageTables:        97468 kB
SecPageTables:         0 kB
NFS_Unstable:          0 kB
Bounce:                0 kB
WritebackTmp:          0 kB
CommitLimit:     4078220 kB
Committed_AS:    9054596 kB
VmallocTotal:   34359738367 kB
VmallocUsed:       13060 kB
VmallocChunk:          0 kB
Percpu:             1536 kB
AnonHugePages:         0 kB
ShmemHugePages:        0 kB
ShmemPmdMapped:        0 kB
FileHugePages:         0 kB
FilePmdMapped:         0 kB
Balloon:               0 kB
HugePages_Total:       0
HugePages_Free:        0
HugePages_Rsvd:        0
HugePages_Surp:        0
Hugepagesize:       2048 kB
Hugetlb:               0 kB
DirectMap4k:       26624 kB
DirectMap2M:     6383616 kB
DirectMap1G:    12582912 kB

/sys/kernel/mm/transparent_hugepage/enabled: always madvise [never]
/sys/kernel/mm/transparent_hugepage/defrag (defrag/compaction efforts parameter): always defer defer+madvise [madvise] never

Process Memory:
Virtual Size: 5466884K (peak: 5547152K)
Resident Set Size: 986464K (peak: 1022960K) (anon: 931084K, file: 55380K, shmem: 0K)
Swapped out: 0K
C-Heap outstanding allocations: 115499K, retained: 26264K
glibc malloc tunables: GLIBC_TUNABLES=glibc.rtld.optional_static_tls=10000

/proc/sys/kernel/threads-max (system-wide limit on the number of threads): 63695
/proc/sys/vm/max_map_count (maximum number of memory map areas a process may have): 65530
/proc/sys/kernel/pid_max (system-wide limit on number of process identifiers): 4194304

container information not found.
KVM virtualization detected
Steal ticks since vm start: 563
Steal ticks percentage since vm start:  0.025

CPU: total 4 (initial active 4) (4 cores per cpu, 1 threads per core) family 6 model 143 stepping 8 microcode 0x1, cx8, cmov, fxsr, mmx, 3dnowpref, sse, sse2, sse3, ssse3, sse4.1, sse4.2, popcnt, lzcnt, tsc, tscinvbit, avx, avx2, aes, erms, clmul, bmi1, bmi2, rtm, adx, avx512f, avx512dq, avx512cd, avx512bw, avx512vl, sha, fma, vzeroupper, avx512_vpopcntdq, avx512_vpclmulqdq, avx512_vaes, avx512_vnni, clflush, clflushopt, clwb, avx512_vbmi2, avx512_vbmi, hv, serialize, rdtscp, rdpid, fsrm, gfni, avx512_bitalg
CPU Model and flags from /proc/cpuinfo:
model name	: Intel(R) Xeon(R) Platinum 8481C CPU @ 2.70GHz
flags		: fpu vme de pse tsc msr pae mce cx8 apic sep mtrr pge mca cmov pat pse36 clflush mmx fxsr sse sse2 ss ht syscall nx pdpe1gb rdtscp lm constant_tsc rep_good nopl xtopology nonstop_tsc cpuid tsc_known_freq pni pclmulqdq vmx ssse3 fma cx16 pcid sse4_1 sse4_2 x2apic movbe popcnt tsc_deadline_timer aes xsave avx f16c rdrand hypervisor lahf_lm abm 3dnowprefetch cpuid_fault ssbd ibrs ibpb stibp ibrs_enhanced tpr_shadow flexpriority ept vpid ept_ad fsgsbase tsc_adjust bmi1 avx2 smep bmi2 erms invpcid rtm avx512f avx512dq rdseed adx smap avx512ifma clflushopt clwb avx512cd sha_ni avx512bw avx512vl xsaveopt xsavec xgetbv1 xsaves avx_vnni avx512_bf16 arat vnmi avx512vbmi umip avx512_vbmi2 gfni vaes vpclmulqdq avx512_vnni avx512_bitalg avx512_vpopcntdq rdpid cldemote movdiri movdir64b fsrm md_clear serialize tsxldtrk avx512_fp16 arch_capabilities

Online cpus: 0-3
Offline cpus: 
BIOS frequency limitation: <Not Available>
Frequency switch latency (ns): <Not Available>
Available cpu frequencies: <Not Available>
Current governor: <Not Available>
Core performance/turbo boost: <Not Available>

Memory: 4k page, physical 8156440k(932356k free), swap 0k(0k free)
Page Sizes: 4k

vm_info: OpenJDK 64-Bit Server VM (19.0.2+7-jvmci-22.3-b12) for linux-amd64 JRE (19.0.2+7-jvmci-22.3-b12), built on 2022-12-28T13:59:55Z by "buildslave" with gcc 11.2.0

END.
