#
# A fatal error has been detected by the Java Runtime Environment:
#
#  SIGBUS (0x7) at pc=0x00007f3f5b015f8c, pid=4710, tid=4743
#
# JRE version: OpenJDK Runtime Environment (17.0.15+6) (build 17.0.15+6-nixos)
# Java VM: OpenJDK 64-Bit Server VM (17.0.15+6-nixos, mixed mode, sharing, tiered, compressed oops, compressed class ptrs, g1 gc, linux-amd64)
# Problematic frame:
# V  [libjvm.so+0x5a4f8c]  ClassFileParser::parse_method(ClassFileStream const*, bool, ConstantPool const*, AccessFlags*, JavaThread*)+0x173c
#
# No core dump will be written. Core dumps have been disabled. To enable core dumping, try "ulimit -c unlimited" before starting Java again
#
# If you would like to submit a bug report, please visit:
#   https://bugreport.java.com/bugreport/crash.jsp
#

---------------  S U M M A R Y ------------

Command Line: -Xmx64m -Xms64m -Dorg.gradle.appname=gradlew /home/runner/workspace/artifacts/elan-mobile/android/gradle/wrapper/gradle-wrapper.jar assembleRelease --no-daemon --stacktrace

Host: Intel(R) Xeon(R) Platinum 8481C CPU @ 2.70GHz, 4 cores, 7G, Ubuntu 24.04.4 LTS
Time: Wed Sep  2 06:59:11 2026 UTC elapsed time: 2.173845 seconds (0d 0h 0m 2s)

---------------  T H R E A D  ---------------

Current thread (0x00007f3f54a9e510):  JavaThread "Exec process" [_thread_in_vm, id=4743, stack(0x00007f3f3d300000,0x00007f3f3d400000)]

Stack: [0x00007f3f3d300000,0x00007f3f3d400000],  sp=0x00007f3f3d3f9c90,  free space=999k
Native frames: (J=compiled Java code, j=interpreted, Vv=VM code, C=native code)
V  [libjvm.so+0x5a4f8c]  ClassFileParser::parse_method(ClassFileStream const*, bool, ConstantPool const*, AccessFlags*, JavaThread*)+0x173c
V  [libjvm.so+0x5a5ae8]  ClassFileParser::parse_methods(ClassFileStream const*, bool, AccessFlags*, bool*, bool*, JavaThread*)+0x198
V  [libjvm.so+0x5a8e26]  ClassFileParser::parse_stream(ClassFileStream const*, JavaThread*)+0x6c6
V  [libjvm.so+0x5a9bb3]  ClassFileParser::ClassFileParser(ClassFileStream*, Symbol*, ClassLoaderData*, ClassLoadInfo const*, ClassFileParser::Publicity, JavaThread*)+0x1d3
V  [libjvm.so+0xad2ed4]  KlassFactory::create_from_stream(ClassFileStream*, Symbol*, ClassLoaderData*, ClassLoadInfo const&, JavaThread*)+0x264
V  [libjvm.so+0xec9f77]  SystemDictionary::resolve_hidden_class_from_stream(ClassFileStream*, Symbol*, Handle, ClassLoadInfo const&, JavaThread*)+0x77
V  [libjvm.so+0x96591d]  jvm_lookup_define_class(_jclass*, char const*, signed char const*, int, _jobject*, unsigned char, int, _jobject*, JavaThread*)+0x62d
V  [libjvm.so+0x965e05]  JVM_LookupDefineClass+0x95
C  [libjava.so+0xfbe5]  Java_java_lang_ClassLoader_defineClass0+0x155
j  java.lang.ClassLoader.defineClass0(Ljava/lang/ClassLoader;Ljava/lang/Class;Ljava/lang/String;[BIILjava/security/ProtectionDomain;ZILjava/lang/Object;)Ljava/lang/Class;+0 java.base@17.0.15
j  java.lang.System$2.defineClass(Ljava/lang/ClassLoader;Ljava/lang/Class;Ljava/lang/String;[BLjava/security/ProtectionDomain;ZILjava/lang/Object;)Ljava/lang/Class;+17 java.base@17.0.15
j  java.lang.invoke.MethodHandles$Lookup$ClassDefiner.defineClass(ZLjava/lang/Object;)Ljava/lang/Class;+54 java.base@17.0.15
j  java.lang.invoke.MethodHandles$Lookup$ClassDefiner.defineClassAsLookup(Z)Ljava/lang/invoke/MethodHandles$Lookup;+3 java.base@17.0.15
j  java.lang.invoke.MethodHandles$Lookup.defineHiddenClass([BZ[Ljava/lang/invoke/MethodHandles$Lookup$ClassOption;)Ljava/lang/invoke/MethodHandles$Lookup;+65 java.base@17.0.15
j  java.lang.invoke.InnerClassLambdaMetafactory.generateInnerClass()Ljava/lang/Class;+580 java.base@17.0.15
j  java.lang.invoke.InnerClassLambdaMetafactory.spinInnerClass()Ljava/lang/Class;+114 java.base@17.0.15
j  java.lang.invoke.InnerClassLambdaMetafactory.buildCallSite()Ljava/lang/invoke/CallSite;+1 java.base@17.0.15
j  java.lang.invoke.LambdaMetafactory.metafactory(Ljava/lang/invoke/MethodHandles$Lookup;Ljava/lang/String;Ljava/lang/invoke/MethodType;Ljava/lang/invoke/MethodType;Ljava/lang/invoke/MethodHandle;Ljava/lang/invoke/MethodType;)Ljava/lang/invoke/CallSite;+67 java.base@17.0.15
j  java.lang.invoke.DirectMethodHandle$Holder.invokeStatic(Ljava/lang/Object;Ljava/lang/Object;Ljava/lang/Object;Ljava/lang/Object;Ljava/lang/Object;Ljava/lang/Object;Ljava/lang/Object;)Ljava/lang/Object;+20 java.base@17.0.15
j  java.lang.invoke.Invokers$Holder.invokeExact_MT(Ljava/lang/Object;Ljava/lang/Object;Ljava/lang/Object;Ljava/lang/Object;Ljava/lang/Object;Ljava/lang/Object;Ljava/lang/Object;Ljava/lang/Object;)Ljava/lang/Object;+28 java.base@17.0.15
j  java.lang.invoke.BootstrapMethodInvoker.invoke(Ljava/lang/Class;Ljava/lang/invoke/MethodHandle;Ljava/lang/String;Ljava/lang/Object;Ljava/lang/Object;Ljava/lang/Class;)Ljava/lang/Object;+319 java.base@17.0.15
j  java.lang.invoke.CallSite.makeSite(Ljava/lang/invoke/MethodHandle;Ljava/lang/String;Ljava/lang/invoke/MethodType;Ljava/lang/Object;Ljava/lang/Class;)Ljava/lang/invoke/CallSite;+8 java.base@17.0.15
j  java.lang.invoke.MethodHandleNatives.linkCallSiteImpl(Ljava/lang/Class;Ljava/lang/invoke/MethodHandle;Ljava/lang/String;Ljava/lang/invoke/MethodType;Ljava/lang/Object;[Ljava/lang/Object;)Ljava/lang/invoke/MemberName;+6 java.base@17.0.15
j  java.lang.invoke.MethodHandleNatives.linkCallSite(Ljava/lang/Object;ILjava/lang/Object;Ljava/lang/Object;Ljava/lang/Object;Ljava/lang/Object;[Ljava/lang/Object;)Ljava/lang/invoke/MemberName;+46 java.base@17.0.15
v  ~StubRoutines::call_stub
V  [libjvm.so+0x882a32]  JavaCalls::call_helper(JavaValue*, methodHandle const&, JavaCallArguments*, JavaThread*)+0x312
V  [libjvm.so+0x882ebb]  JavaCalls::call_static(JavaValue*, Klass*, Symbol*, Symbol*, JavaCallArguments*, JavaThread*)+0x11b
V  [libjvm.so+0xeca680]  SystemDictionary::invoke_bootstrap_method(BootstrapInfo&, JavaThread*)+0x290
V  [libjvm.so+0xb072d1]  LinkResolver::resolve_dynamic_call(CallInfo&, BootstrapInfo&, JavaThread*)+0x21
V  [libjvm.so+0xb0746e]  LinkResolver::resolve_invokedynamic(CallInfo&, constantPoolHandle const&, int, JavaThread*)+0xbe
V  [libjvm.so+0x87b239]  InterpreterRuntime::resolve_invokedynamic(JavaThread*)+0x129
V  [libjvm.so+0x87d655]  InterpreterRuntime::resolve_from_cache(JavaThread*, Bytecodes::Code)+0x1a5
j  java.util.regex.Pattern$CharPredicate.and(Ljava/util/regex/Pattern$CharPredicate;)Ljava/util/regex/Pattern$CharPredicate;+2 java.base@17.0.15
j  java.util.regex.Pattern.clazz(Z)Ljava/util/regex/Pattern$CharPredicate;+311 java.base@17.0.15
J 1059 c1 java.util.regex.Pattern.sequence(Ljava/util/regex/Pattern$Node;)Ljava/util/regex/Pattern$Node; java.base@17.0.15 (647 bytes) @ 0x00007f3f3d5e3e54 [0x00007f3f3d5e3120+0x0000000000000d34]
J 1060 c1 java.util.regex.Pattern.expr(Ljava/util/regex/Pattern$Node;)Ljava/util/regex/Pattern$Node; java.base@17.0.15 (142 bytes) @ 0x00007f3f3d5e8f54 [0x00007f3f3d5e8e80+0x00000000000000d4]
J 163 c1 java.util.regex.Pattern.compile()V java.base@17.0.15 (500 bytes) @ 0x00007f3f3d43a624 [0x00007f3f3d4399c0+0x0000000000000c64]
J 255 c1 java.util.regex.Pattern.<init>(Ljava/lang/String;I)V java.base@17.0.15 (144 bytes) @ 0x00007f3f3d45b44c [0x00007f3f3d45ae20+0x000000000000062c]
J 254 c1 java.util.regex.Pattern.compile(Ljava/lang/String;)Ljava/util/regex/Pattern; java.base@17.0.15 (10 bytes) @ 0x00007f3f3d45a984 [0x00007f3f3d45a8c0+0x00000000000000c4]
j  java.util.Scanner.<clinit>()V+37 java.base@17.0.15
v  ~StubRoutines::call_stub
V  [libjvm.so+0x882a32]  JavaCalls::call_helper(JavaValue*, methodHandle const&, JavaCallArguments*, JavaThread*)+0x312
V  [libjvm.so+0x85e68e]  InstanceKlass::call_class_initializer(JavaThread*)+0x24e
V  [libjvm.so+0x860b72]  InstanceKlass::initialize_impl(JavaThread*)+0x4f2
V  [libjvm.so+0x87ae58]  InterpreterRuntime::_new(JavaThread*, ConstantPool*, int)+0x168
j  org.gradle.launcher.daemon.bootstrap.DaemonOutputConsumer.start()V+35
j  org.gradle.process.internal.DefaultExecHandle$CompositeStreamsHandler.start()V+19
j  org.gradle.process.internal.ExecHandleRunner.lambda$run$0()V+25
j  org.gradle.process.internal.ExecHandleRunner$$Lambda$71+0x00007f3ee0121f08.run()V+4
j  org.gradle.internal.operations.CurrentBuildOperationRef.with(Lorg/gradle/internal/operations/BuildOperationRef;Ljava/lang/Runnable;)V+11
j  org.gradle.process.internal.ExecHandleRunner.run()V+13
j  org.gradle.internal.concurrent.ExecutorPolicy$CatchAndRecordFailures.onExecute(Ljava/lang/Runnable;)V+1
j  org.gradle.internal.concurrent.AbstractManagedExecutor$1.run()V+25
j  java.util.concurrent.ThreadPoolExecutor.runWorker(Ljava/util/concurrent/ThreadPoolExecutor$Worker;)V+92 java.base@17.0.15
j  java.util.concurrent.ThreadPoolExecutor$Worker.run()V+5 java.base@17.0.15
j  java.lang.Thread.run()V+11 java.base@17.0.15
v  ~StubRoutines::call_stub
V  [libjvm.so+0x882a32]  JavaCalls::call_helper(JavaValue*, methodHandle const&, JavaCallArguments*, JavaThread*)+0x312
V  [libjvm.so+0x884392]  JavaCalls::call_virtual(JavaValue*, Handle, Klass*, Symbol*, Symbol*, JavaThread*)+0x1d2
V  [libjvm.so+0x955183]  thread_entry(JavaThread*, JavaThread*)+0xa3
V  [libjvm.so+0xf18d55]  JavaThread::thread_main_inner()+0xe5
V  [libjvm.so+0xf1ca95]  Thread::call_run()+0xa5
V  [libjvm.so+0xcb715b]  thread_native_entry(Thread*)+0xeb

Java frames: (J=compiled Java code, j=interpreted, Vv=VM code)
j  java.lang.ClassLoader.defineClass0(Ljava/lang/ClassLoader;Ljava/lang/Class;Ljava/lang/String;[BIILjava/security/ProtectionDomain;ZILjava/lang/Object;)Ljava/lang/Class;+0 java.base@17.0.15
j  java.lang.System$2.defineClass(Ljava/lang/ClassLoader;Ljava/lang/Class;Ljava/lang/String;[BLjava/security/ProtectionDomain;ZILjava/lang/Object;)Ljava/lang/Class;+17 java.base@17.0.15
j  java.lang.invoke.MethodHandles$Lookup$ClassDefiner.defineClass(ZLjava/lang/Object;)Ljava/lang/Class;+54 java.base@17.0.15
j  java.lang.invoke.MethodHandles$Lookup$ClassDefiner.defineClassAsLookup(Z)Ljava/lang/invoke/MethodHandles$Lookup;+3 java.base@17.0.15
j  java.lang.invoke.MethodHandles$Lookup.defineHiddenClass([BZ[Ljava/lang/invoke/MethodHandles$Lookup$ClassOption;)Ljava/lang/invoke/MethodHandles$Lookup;+65 java.base@17.0.15
j  java.lang.invoke.InnerClassLambdaMetafactory.generateInnerClass()Ljava/lang/Class;+580 java.base@17.0.15
j  java.lang.invoke.InnerClassLambdaMetafactory.spinInnerClass()Ljava/lang/Class;+114 java.base@17.0.15
j  java.lang.invoke.InnerClassLambdaMetafactory.buildCallSite()Ljava/lang/invoke/CallSite;+1 java.base@17.0.15
j  java.lang.invoke.LambdaMetafactory.metafactory(Ljava/lang/invoke/MethodHandles$Lookup;Ljava/lang/String;Ljava/lang/invoke/MethodType;Ljava/lang/invoke/MethodType;Ljava/lang/invoke/MethodHandle;Ljava/lang/invoke/MethodType;)Ljava/lang/invoke/CallSite;+67 java.base@17.0.15
j  java.lang.invoke.DirectMethodHandle$Holder.invokeStatic(Ljava/lang/Object;Ljava/lang/Object;Ljava/lang/Object;Ljava/lang/Object;Ljava/lang/Object;Ljava/lang/Object;Ljava/lang/Object;)Ljava/lang/Object;+20 java.base@17.0.15
j  java.lang.invoke.Invokers$Holder.invokeExact_MT(Ljava/lang/Object;Ljava/lang/Object;Ljava/lang/Object;Ljava/lang/Object;Ljava/lang/Object;Ljava/lang/Object;Ljava/lang/Object;Ljava/lang/Object;)Ljava/lang/Object;+28 java.base@17.0.15
j  java.lang.invoke.BootstrapMethodInvoker.invoke(Ljava/lang/Class;Ljava/lang/invoke/MethodHandle;Ljava/lang/String;Ljava/lang/Object;Ljava/lang/Object;Ljava/lang/Class;)Ljava/lang/Object;+319 java.base@17.0.15
j  java.lang.invoke.CallSite.makeSite(Ljava/lang/invoke/MethodHandle;Ljava/lang/String;Ljava/lang/invoke/MethodType;Ljava/lang/Object;Ljava/lang/Class;)Ljava/lang/invoke/CallSite;+8 java.base@17.0.15
j  java.lang.invoke.MethodHandleNatives.linkCallSiteImpl(Ljava/lang/Class;Ljava/lang/invoke/MethodHandle;Ljava/lang/String;Ljava/lang/invoke/MethodType;Ljava/lang/Object;[Ljava/lang/Object;)Ljava/lang/invoke/MemberName;+6 java.base@17.0.15
j  java.lang.invoke.MethodHandleNatives.linkCallSite(Ljava/lang/Object;ILjava/lang/Object;Ljava/lang/Object;Ljava/lang/Object;Ljava/lang/Object;[Ljava/lang/Object;)Ljava/lang/invoke/MemberName;+46 java.base@17.0.15
v  ~StubRoutines::call_stub
j  java.util.regex.Pattern$CharPredicate.and(Ljava/util/regex/Pattern$CharPredicate;)Ljava/util/regex/Pattern$CharPredicate;+2 java.base@17.0.15
j  java.util.regex.Pattern.clazz(Z)Ljava/util/regex/Pattern$CharPredicate;+311 java.base@17.0.15
J 1059 c1 java.util.regex.Pattern.sequence(Ljava/util/regex/Pattern$Node;)Ljava/util/regex/Pattern$Node; java.base@17.0.15 (647 bytes) @ 0x00007f3f3d5e3e54 [0x00007f3f3d5e3120+0x0000000000000d34]
J 1060 c1 java.util.regex.Pattern.expr(Ljava/util/regex/Pattern$Node;)Ljava/util/regex/Pattern$Node; java.base@17.0.15 (142 bytes) @ 0x00007f3f3d5e8f54 [0x00007f3f3d5e8e80+0x00000000000000d4]
J 163 c1 java.util.regex.Pattern.compile()V java.base@17.0.15 (500 bytes) @ 0x00007f3f3d43a624 [0x00007f3f3d4399c0+0x0000000000000c64]
J 255 c1 java.util.regex.Pattern.<init>(Ljava/lang/String;I)V java.base@17.0.15 (144 bytes) @ 0x00007f3f3d45b44c [0x00007f3f3d45ae20+0x000000000000062c]
J 254 c1 java.util.regex.Pattern.compile(Ljava/lang/String;)Ljava/util/regex/Pattern; java.base@17.0.15 (10 bytes) @ 0x00007f3f3d45a984 [0x00007f3f3d45a8c0+0x00000000000000c4]
j  java.util.Scanner.<clinit>()V+37 java.base@17.0.15
v  ~StubRoutines::call_stub
j  org.gradle.launcher.daemon.bootstrap.DaemonOutputConsumer.start()V+35
j  org.gradle.process.internal.DefaultExecHandle$CompositeStreamsHandler.start()V+19
j  org.gradle.process.internal.ExecHandleRunner.lambda$run$0()V+25
j  org.gradle.process.internal.ExecHandleRunner$$Lambda$71+0x00007f3ee0121f08.run()V+4
j  org.gradle.internal.operations.CurrentBuildOperationRef.with(Lorg/gradle/internal/operations/BuildOperationRef;Ljava/lang/Runnable;)V+11
j  org.gradle.process.internal.ExecHandleRunner.run()V+13
j  org.gradle.internal.concurrent.ExecutorPolicy$CatchAndRecordFailures.onExecute(Ljava/lang/Runnable;)V+1
j  org.gradle.internal.concurrent.AbstractManagedExecutor$1.run()V+25
j  java.util.concurrent.ThreadPoolExecutor.runWorker(Ljava/util/concurrent/ThreadPoolExecutor$Worker;)V+92 java.base@17.0.15
j  java.util.concurrent.ThreadPoolExecutor$Worker.run()V+5 java.base@17.0.15
j  java.lang.Thread.run()V+11 java.base@17.0.15
v  ~StubRoutines::call_stub

siginfo: si_signo: 7 (SIGBUS), si_code: 2 (BUS_ADRERR), si_addr: 0x00007f3f5a5cf688

Registers:
RAX=0x0000000000000058, RBX=0x00007f3edb336820, RCX=0x0000000000000000, RDX=0x00007f3f5a5cf688
RSP=0x00007f3f3d3f9c90, RBP=0x00007f3f3d3f9e90, RSI=0x0000000000000000, RDI=0x0000000000000000
R8 =0x0000000000000000, R9 =0x0000000000000000, R10=0x0000000000000000, R11=0x0000000000000003
R12=0x0000000000000000, R13=0x00007f3f54a9e510, R14=0x0000000000000000, R15=0x00007f3f3d3fa190
RIP=0x00007f3f5b015f8c, EFLAGS=0x0000000000010202, CSGSFS=0x002b000000000033, ERR=0x0000000000000007
  TRAPNO=0x000000000000000e

XMM[0]=0x0000000000000000 0x0000000000000000
XMM[1]=0x0000000000000000 0x0000000000000000
XMM[2]=0x00007f3ea4001c20 0x00007f3ea4001bd0
XMM[3]=0x00007f3f54a9e510 0x00007f3edf836220
XMM[4]=0x0000000000000000 0x00007f3ea4001be0
XMM[5]=0x0000000000000000 0x00007f3f54a9cde0
XMM[6]=0x0000000000000000 0x0000000000000000
XMM[7]=0x0000000000000000 0x0000000000000000
XMM[8]=0x0000000000000000 0x93867714302aeed4
XMM[9]=0x0000000000000000 0x00000000feb0584f
XMM[10]=0x0000000000000000 0x00000001f7011640
XMM[11]=0x0000000000000000 0x0000000174359406
XMM[12]=0x0000000000000000 0x80deb1fe72be5d74
XMM[13]=0x0000000000000000 0x12835b01d807aa98
XMM[14]=0x0000000000000000 0x59f111f13956c25b
XMM[15]=0x0000000000000000 0x71374491428a2f98
  MXCSR=0x00001fa0


Register to memory mapping:

RAX=0x0000000000000058 is an unknown value
RBX={method} {0x00007f3edb336820} 
[error occurred during error reporting (printing register info), id 0xb, SIGSEGV (0xb) at pc=0x00007f3f5b6a4bf1]

Top of Stack: (sp=0x00007f3f3d3f9c90)
0x00007f3f3d3f9c90:   02007f3f540807f0 0000000000000000
0x00007f3f3d3f9ca0:   0000000000000000 0000000000000000
0x00007f3f3d3f9cb0:   0000000000000000 0000000000000000
0x00007f3f3d3f9cc0:   0000000000000000 0000000000000000
0x00007f3f3d3f9cd0:   0000000000000000 0000000000000000
0x00007f3f3d3f9ce0:   0000000000000000 0000000000000000
0x00007f3f3d3f9cf0:   0000000000000000 ffffffff00000000
0x00007f3f3d3f9d00:   00007f3edb3366f8 0000000000000000
0x00007f3f3d3f9d10:   0000000000000000 00007f3f593c6dd0
0x00007f3f3d3f9d20:   ffffffff00000000 0000000000000000
0x00007f3f3d3f9d30:   0000010000000005 0000000000000000
0x00007f3f3d3f9d40:   0000000000000000 0000000000690000
0x00007f3f3d3f9d50:   00007f3ea001734a 0000000000000000
0x00007f3f3d3f9d60:   000000000000ffff 00007f3f54a9e510
0x00007f3f3d3f9d70:   0000000000000000 00007f3f54080000
0x00007f3f3d3f9d80:   00007f3f3d3f9d00 00007f3f3d3f9f50
0x00007f3f3d3f9d90:   00007f3f3d3f0002 000a0003000b0100
0x00007f3f3d3f9da0:   00007f3edf458c08 000000000000000f
0x00007f3f3d3f9db0:   00007f3ea4001bd0 00007f3ea4001c20
0x00007f3f3d3f9dc0:   00000000000003d8 00007f3ea4001fb8
0x00007f3f3d3f9dd0:   00007f3ea4001bd0 00007f3ea4001c20
0x00007f3f3d3f9de0:   0000000000000000 00007f3f54a9ea80
0x00007f3f3d3f9df0:   0000000000000003 00007f3e00000000
0x00007f3f3d3f9e00:   00000002000003d8 0000000000000000
0x00007f3f3d3f9e10:   0000000100020005 0000000000000003
0x00007f3f3d3f9e20:   0000000000000001 00007f3f54a9e510
0x00007f3f3d3f9e30:   0000000000000000 0000000000000000
0x00007f3f3d3f9e40:   00000000ffffffff 0000000000000000
0x00007f3f3d3f9e50:   0000000000000000 0000000100000000
0x00007f3f3d3f9e60:   000000020000001a 0000000000000008
0x00007f3f3d3f9e70:   00007f3f3d3fa4c0 0000000000000018
0x00007f3f3d3f9e80:   00007f3f3d3fa190 00007f3f54a9e510 

Instructions: (pc=0x00007f3f5b015f8c)
0x00007f3f5b015e8c:   66 0f 6e f0 66 0f 6e c3 41 89 c6 8b 9d 54 fe ff
0x00007f3f5b015e9c:   ff 66 0f 62 c6 66 0f 62 cf 0f b7 85 6a fe ff ff
0x00007f3f5b015eac:   66 0f 6c c8 8b 8d 34 fe ff ff 66 0f 6e 85 94 fe
0x00007f3f5b015ebc:   ff ff 44 89 9d 60 ff ff ff 01 fb 0f 29 4d a0 66
0x00007f3f5b015ecc:   0f 6e f8 8b 85 30 fe ff ff 66 0f 6e cb 8b 9d 4c
0x00007f3f5b015edc:   fe ff ff 66 0f 62 c7 49 8b 7f 10 8b b5 18 ff ff
0x00007f3f5b015eec:   ff c7 45 c8 00 00 00 00 8d 14 0b 8b 9d 3c fe ff
0x00007f3f5b015efc:   ff 48 8d 4d a0 66 0f 6e f2 8b 95 74 ff ff ff 01
0x00007f3f5b015f0c:   d8 66 0f 62 ce 89 45 c0 8b 85 38 fe ff ff 66 0f
0x00007f3f5b015f1c:   6c c1 0f 29 45 b0 89 45 c4 e8 f6 ed 68 00 49 83
0x00007f3f5b015f2c:   7d 08 00 44 8b 9d 60 ff ff ff 4c 8b 95 50 ff ff
0x00007f3f5b015f3c:   ff 48 89 c3 0f 85 5a ea ff ff 48 8b 00 48 8d 15
0x00007f3f5b015f4c:   40 4d 00 00 48 8b 40 30 48 39 d0 0f 85 2f 08 00
0x00007f3f5b015f5c:   00 8b 43 28 25 00 01 00 00 83 f8 01 19 c0 83 e0
0x00007f3f5b015f6c:   f0 83 c0 68 48 8d 15 69 74 dc 00 80 3a 00 74 13
0x00007f3f5b015f7c:   48 8d 15 0d 16 e0 00 48 98 48 8b 12 48 8b 52 28
0x00007f3f5b015f8c:   48 01 02 48 8b 43 08 49 8b 57 28 48 89 df 4c 89
0x00007f3f5b015f9c:   95 50 ff ff ff 0f b7 8d 0e ff ff ff 44 89 9d 60
0x00007f3f5b015fac:   ff ff ff 48 89 50 08 48 8b 43 08 66 89 48 22 0f
0x00007f3f5b015fbc:   b7 8d 0a ff ff ff 48 8b 43 08 66 89 48 24 48 8b
0x00007f3f5b015fcc:   85 70 fe ff ff 48 8b 30 e8 c7 fc 68 00 48 8b 43
0x00007f3f5b015fdc:   08 0f b7 bd 00 ff ff ff 44 8b 9d 60 ff ff ff 48
0x00007f3f5b015fec:   83 bd 98 fe ff ff 00 66 89 78 28 48 8b 43 08 4c
0x00007f3f5b015ffc:   8b 95 50 ff ff ff 66 44 89 58 2a 74 36 49 8b 77
0x00007f3f5b01600c:   10 48 8b 7b 08 4d 89 e8 4c 89 95 60 ff ff ff 8b
0x00007f3f5b01601c:   8d 90 fe ff ff 48 8b 95 98 fe ff ff e8 d3 51 08
0x00007f3f5b01602c:   00 49 83 7d 08 00 4c 8b 95 60 ff ff ff 0f 85 61
0x00007f3f5b01603c:   e9 ff ff 48 8b 43 08 0f b7 50 20 66 85 d2 0f 85
0x00007f3f5b01604c:   c9 06 00 00 4d 85 e4 74 2d 48 8b 7b 08 4d 8b 24
0x00007f3f5b01605c:   24 4c 89 95 60 ff ff ff e8 e7 55 08 00 48 63 95
0x00007f3f5b01606c:   68 ff ff ff 4c 89 e6 48 89 c7 e8 15 00 cb ff 4c
0x00007f3f5b01607c:   8b 95 60 ff ff ff 66 83 bd b8 fe ff ff 00 0f 85 


Stack slot to memory mapping:
stack at sp + 0 slots: 0x02007f3f540807f0 is an unknown value
stack at sp + 1 slots: 0x0 is NULL
stack at sp + 2 slots: 0x0 is NULL
stack at sp + 3 slots: 0x0 is NULL
stack at sp + 4 slots: 0x0 is NULL
stack at sp + 5 slots: 0x0 is NULL
stack at sp + 6 slots: 0x0 is NULL
stack at sp + 7 slots: 0x0 is NULL


Compiled method (c1)    2209 1059       3       java.util.regex.Pattern::sequence (647 bytes)
 total in heap  [0x00007f3f3d5e2b10,0x00007f3f3d5e6f30] = 17440
 relocation     [0x00007f3f3d5e2c70,0x00007f3f3d5e3110] = 1184
 main code      [0x00007f3f3d5e3120,0x00007f3f3d5e5f00] = 11744
 stub code      [0x00007f3f3d5e5f00,0x00007f3f3d5e6130] = 560
 oops           [0x00007f3f3d5e6130,0x00007f3f3d5e6168] = 56
 metadata       [0x00007f3f3d5e6168,0x00007f3f3d5e61f8] = 144
 scopes data    [0x00007f3f3d5e61f8,0x00007f3f3d5e6800] = 1544
 scopes pcs     [0x00007f3f3d5e6800,0x00007f3f3d5e6ed0] = 1744
 dependencies   [0x00007f3f3d5e6ed0,0x00007f3f3d5e6ed8] = 8
 nul chk table  [0x00007f3f3d5e6ed8,0x00007f3f3d5e6f30] = 88

[Constant Pool (empty)]

[MachCode]
[Entry Point]
  # {method} {0x00007f3edf0e6180} 'sequence' '(Ljava/util/regex/Pattern$Node;)Ljava/util/regex/Pattern$Node;' in 'java/util/regex/Pattern'
  # this:     rsi:rsi   = 'java/util/regex/Pattern'
  # parm0:    rdx:rdx   = 'java/util/regex/Pattern$Node'
  #           [sp+0xf0]  (sp of caller)
  0x00007f3f3d5e3120: 448b 5608 | 49bb 0000 | 00df 3e7f | 0000 4d03 | d34c 3bd0 

  0x00007f3f3d5e3134: ;   {runtime_call ic_miss_stub}
  0x00007f3f3d5e3134: 0f85 4650 | 3a07 660f | 1f44 0000 
[Verified Entry Point]
  0x00007f3f3d5e3140: 8984 2400 | c0fe ff55 | 4881 ece0 | 0000 0048 | 8974 2468 | 4889 9424 | 8000 0000 

  0x00007f3f3d5e315c: ;   {metadata(method data for {method} {0x00007f3edf0e6180} 'sequence' '(Ljava/util/regex/Pattern$Node;)Ljava/util/regex/Pattern$Node;' in 'java/util/regex/Pattern')}
  0x00007f3f3d5e315c: 48bf 085b | 27db 3e7f | 0000 8b9f | f400 0000 | 83c3 0289 | 9ff4 0000 | 0081 e3fe | 0700 0083 
  0x00007f3f3d5e317c: fb00 0f84 | d823 0000 

  0x00007f3f3d5e3184: ;   {oop(NULL)}
  0x00007f3f3d5e3184: 48bf 0000 | 0000 0000 

  0x00007f3f3d5e318c: ;   {oop(NULL)}
  0x00007f3f3d5e318c: 0000 48bb | 0000 0000 | 0000 0000 | 4889 7c24 | 7848 895c | 2470 660f | 1f44 0000 

  0x00007f3f3d5e31a8: ;   {metadata(method data for {method} {0x00007f3edf0e6180} 'sequence' '(Ljava/util/regex/Pattern$Node;)Ljava/util/regex/Pattern$Node;' in 'java/util/regex/Pattern')}
  0x00007f3f3d5e31a8: 488b c648 | b908 5b27 | db3e 7f00 | 0048 8381 | 3801 0000 

  0x00007f3f3d5e31bc: ;   {metadata(method data for {method} {0x00007f3edf0e5fc8} 'peek' '()I' in 'java/util/regex/Pattern')}
  0x00007f3f3d5e31bc: 0148 b868 | bd0e db3e | 7f00 008b | 88f4 0000 | 0083 c102 | 8988 f400 | 0000 81e1 | feff 1f00 
  0x00007f3f3d5e31dc: 83f9 000f | 8498 2300 | 008b 4650 | 8b4e 203b | 480c 0f83 | b423 0000 | 4863 c98b | 4488 1048 
  0x00007f3f3d5e31fc: ;   {metadata(method data for {method} {0x00007f3edf0e5fc8} 'peek' '()I' in 'java/util/regex/Pattern')}
  0x00007f3f3d5e31fc: 8bce 49b8 | 68bd 0edb | 3e7f 0000 | 4983 8038 | 0100 0001 

  0x00007f3f3d5e3210: ;   {metadata(method data for {method} {0x00007f3edf0e67b0} 'has' '(I)Z' in 'java/util/regex/Pattern')}
  0x00007f3f3d5e3210: 48b9 20a6 | 0edb 3e7f | 0000 448b | 81f4 0000 | 0041 83c0 | 0244 8981 | f400 0000 | 4181 e0fe 
  0x00007f3f3d5e3230: ff1f 0041 | 83f8 000f | 8479 2300 | 008b 4e10 | 83e1 0483 

  0x00007f3f3d5e3244: ;   {metadata(method data for {method} {0x00007f3edf0e67b0} 'has' '(I)Z' in 'java/util/regex/Pattern')}
  0x00007f3f3d5e3244: f900 48b9 | 20a6 0edb | 3e7f 0000 | 49c7 c038 | 0100 000f | 8407 0000 | 0049 c7c0 | 4801 0000 
  0x00007f3f3d5e3264: 4e8b 0c01 | 4d8d 4901 | 4e89 0c01 | 0f84 1a00 

  0x00007f3f3d5e3274: ;   {metadata(method data for {method} {0x00007f3edf0e67b0} 'has' '(I)Z' in 'java/util/regex/Pattern')}
  0x00007f3f3d5e3274: 0000 48b9 | 20a6 0edb | 3e7f 0000 | ff81 5801 | 0000 b901 | 0000 00e9 | 0500 0000 | b900 0000 
  0x00007f3f3d5e3294: 0083 e101 

  0x00007f3f3d5e3298: ;   {metadata(method data for {method} {0x00007f3edf0e5fc8} 'peek' '()I' in 'java/util/regex/Pattern')}
  0x00007f3f3d5e3298: 83f9 0048 | b968 bd0e | db3e 7f00 | 0049 c7c0 | 7001 0000 | 0f84 0700 | 0000 49c7 | c080 0100 
  0x00007f3f3d5e32b8: 004e 8b0c | 014d 8d49 | 014e 890c | 010f 8429 | 0000 0048 

  0x00007f3f3d5e32cc: ;   {metadata(method data for {method} {0x00007f3edf0e5fc8} 'peek' '()I' in 'java/util/regex/Pattern')}
  0x00007f3f3d5e32cc: 8bce 49b8 | 68bd 0edb | 3e7f 0000 | 4983 8090 | 0100 0001 | 488b d048 | 8bc6 488b | f066 0f1f 
  0x00007f3f3d5e32ec: ;   {optimized virtual_call}
  0x00007f3f3d5e32ec: 4400 00e8 

  0x00007f3f3d5e32f0: ; ImmutableOopMap {[104]=Oop [128]=Oop [120]=Oop [112]=Oop }
                      ;*invokevirtual peekPastWhitespace {reexecute=0 rethrow=0 return_oop=0}
                      ; - java.util.regex.Pattern::peek@20 (line 1895)
                      ; - java.util.regex.Pattern::sequence@5 (line 2119)
  0x00007f3f3d5e32f0: 8c53 3a07 

  0x00007f3f3d5e32f4: ;   {metadata(method data for {method} {0x00007f3edf0e6180} 'sequence' '(Ljava/util/regex/Pattern$Node;)Ljava/util/regex/Pattern$Node;' in 'java/util/regex/Pattern')}
  0x00007f3f3d5e32f4: 48be 085b | 27db 3e7f | 0000 48c7 | c778 0100 | 0083 f800 | 488b df48 | c7c7 8801 | 0000 480f 
  0x00007f3f3d5e3314: 45fb 83f8 | 2448 8bdf | 48c7 c798 | 0100 0048 | 0f45 fb83 | f828 488b | df48 c7c7 | a801 0000 
  0x00007f3f3d5e3334: 480f 45fb | 83f8 2948 | 8bdf 48c7 | c7b8 0100 | 0048 0f45 | fb83 f82a | 488b df48 | c7c7 c801 
  0x00007f3f3d5e3354: 0000 480f | 45fb 83f8 | 2b48 8bdf | 48c7 c7d8 | 0100 0048 | 0f45 fb83 | f82e 488b | df48 c7c7 
  0x00007f3f3d5e3374: e801 0000 | 480f 45fb | 83f8 3f48 | 8bdf 48c7 | c7f8 0100 | 0048 0f45 | fb83 f85b | 488b df48 
  0x00007f3f3d5e3394: c7c7 0802 | 0000 480f | 45fb 83f8 | 5c48 8bdf | 48c7 c718 | 0200 0048 | 0f45 fb83 | f85d 488b 
  0x00007f3f3d5e33b4: df48 c7c7 | 2802 0000 | 480f 45fb | 83f8 5e48 | 8bdf 48c7 | c738 0200 | 0048 0f45 | fb83 f87c 
  0x00007f3f3d5e33d4: 488b df48 | c7c7 4802 | 0000 480f | 45fb 83f8 | 7d48 8bdf | 48c7 c758 | 0200 0048 | 0f45 fb48 
  0x00007f3f3d5e33f4: 8b1c 3e49 | c7c2 0100 | 0000 4903 | da48 891c | 3e83 f800 | 0f84 0f1a | 0000 83f8 | 240f 8425 
  0x00007f3f3d5e3414: 1600 0083 | f828 0f84 | 3e15 0000 | 83f8 290f | 8415 1c00 | 0083 f82a | 0f84 201c | 0000 83f8 
  0x00007f3f3d5e3434: 2b0f 8417 | 1c00 0083 | f82e 0f84 | e50a 0000 | 83f8 3f0f | 8405 1c00 | 0083 f85b | 0f84 3b08 
  0x00007f3f3d5e3454: 0000 83f8 | 5c0f 8482 | 0300 0083 | f85d 0f84 | 2500 0000 | 83f8 5e0f | 8458 0000 | 0083 f87c 
  0x00007f3f3d5e3474: 0f84 c41b | 0000 83f8 | 7d0f 840a | 0000 0048 | 8b74 2468 | e9cd 1900 | 0048 8b74 

  0x00007f3f3d5e3490: ;   {metadata(method data for {method} {0x00007f3edf0e6180} 'sequence' '(Ljava/util/regex/Pattern$Node;)Ljava/util/regex/Pattern$Node;' in 'java/util/regex/Pattern')}
  0x00007f3f3d5e3490: 2468 48bf | 085b 27db | 3e7f 0000 | 4883 8798 | 0c00 0001 | 488b 7424 | 6866 0f1f 

  0x00007f3f3d5e34ac: ;   {optimized virtual_call}
  0x00007f3f3d5e34ac: 4400 00e8 

  0x00007f3f3d5e34b0: ; ImmutableOopMap {[104]=Oop [128]=Oop [120]=Oop [112]=Oop }
                      ;*invokevirtual atom {reexecute=0 rethrow=0 return_oop=0}
                      ; - java.util.regex.Pattern::sequence@531 (line 2197)
  0x00007f3f3d5e34b0: cc51 3a07 

  0x00007f3f3d5e34b4: ;   {metadata(method data for {method} {0x00007f3edf0e6180} 'sequence' '(Ljava/util/regex/Pattern$Node;)Ljava/util/regex/Pattern$Node;' in 'java/util/regex/Pattern')}
  0x00007f3f3d5e34b4: 48be 085b | 27db 3e7f | 0000 ff86 | d00c 0000 | e9b3 1900 | 0048 8b74 | 2468 488b 

  0x00007f3f3d5e34d0: ;   {metadata(method data for {method} {0x00007f3edf0e6180} 'sequence' '(Ljava/util/regex/Pattern$Node;)Ljava/util/regex/Pattern$Node;' in 'java/util/regex/Pattern')}
  0x00007f3f3d5e34d0: fe48 bb08 | 5b27 db3e | 7f00 0048 | 8383 4008 | 0000 0148 | 8bfe 488b | f766 0f1f 

  0x00007f3f3d5e34ec: ;   {optimized virtual_call}
  0x00007f3f3d5e34ec: 4400 00e8 

  0x00007f3f3d5e34f0: ; ImmutableOopMap {[128]=Oop [120]=Oop [112]=Oop [104]=Oop }
                      ;*invokevirtual next {reexecute=0 rethrow=0 return_oop=0}
                      ; - java.util.regex.Pattern::sequence@354 (line 2163)
  0x00007f3f3d5e34f0: cc0f 8f07 | 488b 7424 

  0x00007f3f3d5e34f8: ;   {metadata(method data for {method} {0x00007f3edf0e6180} 'sequence' '(Ljava/util/regex/Pattern$Node;)Ljava/util/regex/Pattern$Node;' in 'java/util/regex/Pattern')}
  0x00007f3f3d5e34f8: 6848 ba08 | 5b27 db3e | 7f00 0048 | 8382 7808 

  0x00007f3f3d5e3508: ;   {metadata(method data for {method} {0x00007f3edf0e67b0} 'has' '(I)Z' in 'java/util/regex/Pattern')}
  0x00007f3f3d5e3508: 0000 0148 | ba20 a60e | db3e 7f00 | 008b 82f4 | 0000 0083 | c002 8982 | f400 0000 | 81e0 feff 
  0x00007f3f3d5e3528: 1f00 83f8 | 000f 84a4 | 2000 0048 | 8b74 2468 | 8b56 1048 | 8bc2 83e0 | 0883 f800 

  0x00007f3f3d5e3544: ;   {metadata(method data for {method} {0x00007f3edf0e67b0} 'has' '(I)Z' in 'java/util/regex/Pattern')}
  0x00007f3f3d5e3544: 48b8 20a6 | 0edb 3e7f | 0000 48c7 | c738 0100 | 000f 8407 | 0000 0048 | c7c7 4801 | 0000 488b 
  0x00007f3f3d5e3564: 1c38 488d | 5b01 4889 | 1c38 0f84 | 1a00 0000 

  0x00007f3f3d5e3574: ;   {metadata(method data for {method} {0x00007f3edf0e67b0} 'has' '(I)Z' in 'java/util/regex/Pattern')}
  0x00007f3f3d5e3574: 48b8 20a6 | 0edb 3e7f | 0000 ff80 | 5801 0000 | b801 0000 | 00e9 0500 | 0000 b800 | 0000 0083 
  0x00007f3f3d5e3594: e001 83f8 

  0x00007f3f3d5e3598: ;   {metadata(method data for {method} {0x00007f3edf0e6180} 'sequence' '(Ljava/util/regex/Pattern$Node;)Ljava/util/regex/Pattern$Node;' in 'java/util/regex/Pattern')}
  0x00007f3f3d5e3598: 0048 b808 | 5b27 db3e | 7f00 0048 | c7c7 b008 | 0000 0f84 | 0700 0000 | 48c7 c7c0 | 0800 0048 
  0x00007f3f3d5e35b8: 8b1c 3848 | 8d5b 0148 | 891c 380f | 8478 0100 | 0048 8bc6 

  0x00007f3f3d5e35cc: ;   {metadata(method data for {method} {0x00007f3edf0e6180} 'sequence' '(Ljava/util/regex/Pattern$Node;)Ljava/util/regex/Pattern$Node;' in 'java/util/regex/Pattern')}
  0x00007f3f3d5e35cc: 48bf 085b | 27db 3e7f | 0000 4883 | 87d0 0800 

  0x00007f3f3d5e35dc: ;   {metadata(method data for {method} {0x00007f3edf0e67b0} 'has' '(I)Z' in 'java/util/regex/Pattern')}
  0x00007f3f3d5e35dc: 0001 48b8 | 20a6 0edb | 3e7f 0000 | 8bb8 f400 | 0000 83c7 | 0289 b8f4 | 0000 0081 | e7fe ff1f 
  0x00007f3f3d5e35fc: 0083 ff00 | 0f84 f21f | 0000 83e2 | 0183 fa00 

  0x00007f3f3d5e360c: ;   {metadata(method data for {method} {0x00007f3edf0e67b0} 'has' '(I)Z' in 'java/util/regex/Pattern')}
  0x00007f3f3d5e360c: 48ba 20a6 | 0edb 3e7f | 0000 48c7 | c038 0100 | 000f 8407 | 0000 0048 | c7c0 4801 | 0000 488b 
  0x00007f3f3d5e362c: 3c02 488d | 7f01 4889 | 3c02 0f84 | 1a00 0000 

  0x00007f3f3d5e363c: ;   {metadata(method data for {method} {0x00007f3edf0e67b0} 'has' '(I)Z' in 'java/util/regex/Pattern')}
  0x00007f3f3d5e363c: 48ba 20a6 | 0edb 3e7f | 0000 ff82 | 5801 0000 | ba01 0000 | 00e9 0500 | 0000 ba00 | 0000 0083 
  0x00007f3f3d5e365c: e201 83fa 

  0x00007f3f3d5e3660: ;   {metadata(method data for {method} {0x00007f3edf0e6180} 'sequence' '(Ljava/util/regex/Pattern$Node;)Ljava/util/regex/Pattern$Node;' in 'java/util/regex/Pattern')}
  0x00007f3f3d5e3660: 0048 ba08 | 5b27 db3e | 7f00 0048 | c7c0 0809 | 0000 0f84 | 0700 0000 | 48c7 c018 | 0900 0048 
  0x00007f3f3d5e3680: 8b3c 0248 | 8d7f 0148 | 893c 020f | 8458 0000 | 000f 1f80 | 0000 0000 

  0x00007f3f3d5e3698: ;   {no_reloc}
  0x00007f3f3d5e3698: e98b 1f00 | 0000 0000 | 0000 e98b | 1f00 0048 

  0x00007f3f3d5e36a8: ;   {metadata(method data for {method} {0x00007f3edf0e6180} 'sequence' '(Ljava/util/regex/Pattern$Node;)Ljava/util/regex/Pattern$Node;' in 'java/util/regex/Pattern')}
  0x00007f3f3d5e36a8: 8bf8 48bb | 085b 27db | 3e7f 0000 | 4883 8328 | 0900 0001 | 488b f048 | 8984 2488 

  0x00007f3f3d5e36c4: ;   {optimized virtual_call}
  0x00007f3f3d5e36c4: 0000 00e8 

  0x00007f3f3d5e36c8: ; ImmutableOopMap {[128]=Oop [120]=Oop [112]=Oop [104]=Oop [136]=Oop }
                      ;*invokespecial <init> {reexecute=0 rethrow=0 return_oop=0}
                      ; - java.util.regex.Pattern::sequence@379 (line 2166)
  0x00007f3f3d5e36c8: b44f 3a07 

  0x00007f3f3d5e36cc: ;   {metadata(method data for {method} {0x00007f3edf0e6180} 'sequence' '(Ljava/util/regex/Pattern$Node;)Ljava/util/regex/Pattern$Node;' in 'java/util/regex/Pattern')}
  0x00007f3f3d5e36cc: 48ba 085b | 27db 3e7f | 0000 ff82 | 3809 0000 | 488b 8424 | 8800 0000 | e993 1700 | 000f 1f80 
  0x00007f3f3d5e36ec: 0000 0000 

  0x00007f3f3d5e36f0: ;   {no_reloc}
  0x00007f3f3d5e36f0: e959 1f00 | 0000 0000 | 0000 e959 | 1f00 0048 

  0x00007f3f3d5e3700: ;   {metadata(method data for {method} {0x00007f3edf0e6180} 'sequence' '(Ljava/util/regex/Pattern$Node;)Ljava/util/regex/Pattern$Node;' in 'java/util/regex/Pattern')}
  0x00007f3f3d5e3700: 8bf0 48bf | 085b 27db | 3e7f 0000 | 4883 8750 | 0900 0001 | 488b f048 | 8984 2490 

  0x00007f3f3d5e371c: ;   {optimized virtual_call}
  0x00007f3f3d5e371c: 0000 00e8 

  0x00007f3f3d5e3720: ; ImmutableOopMap {[128]=Oop [120]=Oop [112]=Oop [104]=Oop [144]=Oop }
                      ;*invokespecial <init> {reexecute=0 rethrow=0 return_oop=0}
                      ; - java.util.regex.Pattern::sequence@391 (line 2168)
  0x00007f3f3d5e3720: 5c4f 3a07 

  0x00007f3f3d5e3724: ;   {metadata(method data for {method} {0x00007f3edf0e6180} 'sequence' '(Ljava/util/regex/Pattern$Node;)Ljava/util/regex/Pattern$Node;' in 'java/util/regex/Pattern')}
  0x00007f3f3d5e3724: 48ba 085b | 27db 3e7f | 0000 ff82 | 6009 0000 | 488b 8424 | 9000 0000 | e93b 1700 

  0x00007f3f3d5e3740: ;   {metadata('java/util/regex/Pattern$Begin')}
  0x00007f3f3d5e3740: 0048 bad8 | 5627 df3e | 7f00 0080 | ba3b 0100 | 0004 0f85 | 121f 0000 | 498b 8708 | 0100 0048 
  0x00007f3f3d5e3760: 8d78 1049 | 3bbf 1801 | 0000 0f87 | fa1e 0000 | 4989 bf08 | 0100 0048 | c700 0100 | 0000 488b 
  0x00007f3f3d5e3780: ca49 ba00 | 0000 df3e | 7f00 0049 | 2bca 8948 | 0848 33c9 | 8948 0c48 | 33c9 488b 

  0x00007f3f3d5e379c: ;   {metadata(method data for {method} {0x00007f3edf0e6180} 'sequence' '(Ljava/util/regex/Pattern$Node;)Ljava/util/regex/Pattern$Node;' in 'java/util/regex/Pattern')}
  0x00007f3f3d5e379c: f048 bf08 | 5b27 db3e | 7f00 0048 | 8387 7809 | 0000 0148 | 8bf0 4889 | 8424 9800 | 0000 0f1f 
  0x00007f3f3d5e37bc: ;   {optimized virtual_call}
  0x00007f3f3d5e37bc: 4400 00e8 

  0x00007f3f3d5e37c0: ; ImmutableOopMap {[128]=Oop [120]=Oop [112]=Oop [104]=Oop [152]=Oop }
                      ;*invokespecial <init> {reexecute=0 rethrow=0 return_oop=0}
                      ; - java.util.regex.Pattern::sequence@403 (line 2170)
  0x00007f3f3d5e37c0: 9127 0000 

  0x00007f3f3d5e37c4: ;   {metadata(method data for {method} {0x00007f3edf0e6180} 'sequence' '(Ljava/util/regex/Pattern$Node;)Ljava/util/regex/Pattern$Node;' in 'java/util/regex/Pattern')}
  0x00007f3f3d5e37c4: 48be 085b | 27db 3e7f | 0000 ff86 | 8809 0000 | 488b 8424 | 9800 0000 | e99b 1600 | 0048 8b74 
  0x00007f3f3d5e37e4: ;   {metadata(method data for {method} {0x00007f3edf0e6180} 'sequence' '(Ljava/util/regex/Pattern$Node;)Ljava/util/regex/Pattern$Node;' in 'java/util/regex/Pattern')}
  0x00007f3f3d5e37e4: 2468 48bf | 085b 27db | 3e7f 0000 | 4883 87c8 | 0400 0001 | 488b 7424 

  0x00007f3f3d5e37fc: ;   {optimized virtual_call}
  0x00007f3f3d5e37fc: 6866 90e8 

  0x00007f3f3d5e3800: ; ImmutableOopMap {[128]=Oop [120]=Oop [112]=Oop [104]=Oop }
                      ;*invokevirtual nextEscaped {reexecute=0 rethrow=0 return_oop=0}
                      ; - java.util.regex.Pattern::sequence@225 (line 2142)
  0x00007f3f3d5e3800: 3ca8 9107 

  0x00007f3f3d5e3804: ;   {metadata(method data for {method} {0x00007f3edf0e6180} 'sequence' '(Ljava/util/regex/Pattern$Node;)Ljava/util/regex/Pattern$Node;' in 'java/util/regex/Pattern')}
  0x00007f3f3d5e3804: 83f8 7048 | be08 5b27 | db3e 7f00 | 0048 c7c7 | 0005 0000 | 0f84 0700 | 0000 48c7 | c710 0500 
  0x00007f3f3d5e3824: 0048 8b1c | 3e48 8d5b | 0148 891c | 3e0f 8433 | 0000 0083 

  0x00007f3f3d5e3838: ;   {metadata(method data for {method} {0x00007f3edf0e6180} 'sequence' '(Ljava/util/regex/Pattern$Node;)Ljava/util/regex/Pattern$Node;' in 'java/util/regex/Pattern')}
  0x00007f3f3d5e3838: f850 48be | 085b 27db | 3e7f 0000 | 48c7 c720 | 0500 000f | 8507 0000 | 0048 c7c7 | 3005 0000 
  0x00007f3f3d5e3858: 488b 1c3e | 488d 5b01 | 4889 1c3e | 0f85 a703 | 0000 83f8 

  0x00007f3f3d5e386c: ;   {metadata(method data for {method} {0x00007f3edf0e6180} 'sequence' '(Ljava/util/regex/Pattern$Node;)Ljava/util/regex/Pattern$Node;' in 'java/util/regex/Pattern')}
  0x00007f3f3d5e386c: 5048 be08 | 5b27 db3e | 7f00 0048 | c7c7 4005 | 0000 0f85 | 0700 0000 | 48c7 c750 | 0500 0048 
  0x00007f3f3d5e388c: 8b1c 3e48 | 8d5b 0148 | 891c 3e0f | 851a 0000 

  0x00007f3f3d5e389c: ;   {metadata(method data for {method} {0x00007f3edf0e6180} 'sequence' '(Ljava/util/regex/Pattern$Node;)Ljava/util/regex/Pattern$Node;' in 'java/util/regex/Pattern')}
  0x00007f3f3d5e389c: 0048 be08 | 5b27 db3e | 7f00 00ff | 8660 0500 | 00bf 0100 | 0000 e905 | 0000 00bf | 0000 0000 
  0x00007f3f3d5e38bc: 89bc 24a0 | 0000 0048 | 8b74 2468 

  0x00007f3f3d5e38c8: ;   {metadata(method data for {method} {0x00007f3edf0e6180} 'sequence' '(Ljava/util/regex/Pattern$Node;)Ljava/util/regex/Pattern$Node;' in 'java/util/regex/Pattern')}
  0x00007f3f3d5e38c8: 48bb 085b | 27db 3e7f | 0000 4883 | 8378 0500 | 0001 488b 

  0x00007f3f3d5e38dc: ;   {optimized virtual_call}
  0x00007f3f3d5e38dc: 7424 68e8 

  0x00007f3f3d5e38e0: ; ImmutableOopMap {[128]=Oop [120]=Oop [112]=Oop [104]=Oop }
                      ;*invokevirtual next {reexecute=0 rethrow=0 return_oop=0}
                      ; - java.util.regex.Pattern::sequence@262 (line 2146)
  0x00007f3f3d5e38e0: dc0b 8f07 

  0x00007f3f3d5e38e4: ;   {metadata(method data for {method} {0x00007f3edf0e6180} 'sequence' '(Ljava/util/regex/Pattern$Node;)Ljava/util/regex/Pattern$Node;' in 'java/util/regex/Pattern')}
  0x00007f3f3d5e38e4: 83f8 7b48 | ba08 5b27 | db3e 7f00 | 0048 c7c1 | b005 0000 | 0f84 0700 | 0000 48c7 | c1c0 0500 
  0x00007f3f3d5e3904: 0048 8b34 | 0a48 8d76 | 0148 8934 | 0a48 8b74 | 2468 0f84 | 5f00 0000 

  0x00007f3f3d5e391c: ;   {metadata(method data for {method} {0x00007f3edf0e6180} 'sequence' '(Ljava/util/regex/Pattern$Node;)Ljava/util/regex/Pattern$Node;' in 'java/util/regex/Pattern')}
  0x00007f3f3d5e391c: 488b d648 | b908 5b27 | db3e 7f00 | 0048 8381 | d005 0000 

  0x00007f3f3d5e3930: ;   {metadata(method data for {method} {0x00007f3edf0e6288} 'unread' '()V' in 'java/util/regex/Pattern')}
  0x00007f3f3d5e3930: 0148 bab8 | dd0e db3e | 7f00 008b | 8af4 0000 | 0083 c102 | 898a f400 | 0000 81e1 | feff 1f00 
  0x00007f3f3d5e3950: 83f9 000f | 841e 1d00 | 008b 5620 | ffca 8956 

  0x00007f3f3d5e3960: ;   {metadata(method data for {method} {0x00007f3edf0e6180} 'sequence' '(Ljava/util/regex/Pattern$Node;)Ljava/util/regex/Pattern$Node;' in 'java/util/regex/Pattern')}
  0x00007f3f3d5e3960: 2048 ba08 | 5b27 db3e | 7f00 00ff | 8208 0600 | 00bf 0100 | 0000 e905 | 0000 00bf | 0000 0000 
  0x00007f3f3d5e3980: ;   {metadata(method data for {method} {0x00007f3edf0e6180} 'sequence' '(Ljava/util/regex/Pattern$Node;)Ljava/util/regex/Pattern$Node;' in 'java/util/regex/Pattern')}
  0x00007f3f3d5e3980: 488b d648 | b908 5b27 | db3e 7f00 | 0048 8381 | 2006 0000 

  0x00007f3f3d5e3994: ;   {metadata(method data for {method} {0x00007f3edf0e67b0} 'has' '(I)Z' in 'java/util/regex/Pattern')}
  0x00007f3f3d5e3994: 0148 ba20 | a60e db3e | 7f00 008b | 8af4 0000 | 0083 c102 | 898a f400 | 0000 81e1 | feff 1f00 
  0x00007f3f3d5e39b4: 83f9 000f | 84db 1c00 | 008b 5610 | 488b ca81 | e180 0000 | 0083 f900 

  0x00007f3f3d5e39cc: ;   {metadata(method data for {method} {0x00007f3edf0e67b0} 'has' '(I)Z' in 'java/util/regex/Pattern')}
  0x00007f3f3d5e39cc: 48b9 20a6 | 0edb 3e7f | 0000 48c7 | c338 0100 | 000f 8407 | 0000 0048 | c7c3 4801 | 0000 488b 
  0x00007f3f3d5e39ec: 0419 488d | 4001 4889 | 0419 0f84 | 1a00 0000 

  0x00007f3f3d5e39fc: ;   {metadata(method data for {method} {0x00007f3edf0e67b0} 'has' '(I)Z' in 'java/util/regex/Pattern')}
  0x00007f3f3d5e39fc: 48b9 20a6 | 0edb 3e7f | 0000 ff81 | 5801 0000 | b901 0000 | 00e9 0500 | 0000 b900 | 0000 0083 
  0x00007f3f3d5e3a1c: e101 83f9 

  0x00007f3f3d5e3a20: ;   {metadata(method data for {method} {0x00007f3edf0e6180} 'sequence' '(Ljava/util/regex/Pattern$Node;)Ljava/util/regex/Pattern$Node;' in 'java/util/regex/Pattern')}
  0x00007f3f3d5e3a20: 0048 b908 | 5b27 db3e | 7f00 0048 | c7c3 5806 | 0000 0f84 | 0700 0000 | 48c7 c368 | 0600 0048 
  0x00007f3f3d5e3a40: 8b04 1948 | 8d40 0148 | 8904 190f | 84c8 0000 | 0048 8bce 

  0x00007f3f3d5e3a54: ;   {metadata(method data for {method} {0x00007f3edf0e6180} 'sequence' '(Ljava/util/regex/Pattern$Node;)Ljava/util/regex/Pattern$Node;' in 'java/util/regex/Pattern')}
  0x00007f3f3d5e3a54: 48bb 085b | 27db 3e7f | 0000 4883 | 8378 0600 

  0x00007f3f3d5e3a64: ;   {metadata(method data for {method} {0x00007f3edf0e67b0} 'has' '(I)Z' in 'java/util/regex/Pattern')}
  0x00007f3f3d5e3a64: 0001 48b9 | 20a6 0edb | 3e7f 0000 | 8b99 f400 | 0000 83c3 | 0289 99f4 | 0000 0081 | e3fe ff1f 
  0x00007f3f3d5e3a84: 0083 fb00 | 0f84 2b1c | 0000 83e2 | 1083 fa00 

  0x00007f3f3d5e3a94: ;   {metadata(method data for {method} {0x00007f3edf0e67b0} 'has' '(I)Z' in 'java/util/regex/Pattern')}
  0x00007f3f3d5e3a94: 48ba 20a6 | 0edb 3e7f | 0000 48c7 | c138 0100 | 000f 8407 | 0000 0048 | c7c1 4801 | 0000 488b 
  0x00007f3f3d5e3ab4: 1c0a 488d | 5b01 4889 | 1c0a 0f84 | 1a00 0000 

  0x00007f3f3d5e3ac4: ;   {metadata(method data for {method} {0x00007f3edf0e67b0} 'has' '(I)Z' in 'java/util/regex/Pattern')}
  0x00007f3f3d5e3ac4: 48ba 20a6 | 0edb 3e7f | 0000 ff82 | 5801 0000 | ba01 0000 | 00e9 0500 | 0000 ba00 | 0000 0083 
  0x00007f3f3d5e3ae4: e201 83fa 

  0x00007f3f3d5e3ae8: ;   {metadata(method data for {method} {0x00007f3edf0e6180} 'sequence' '(Ljava/util/regex/Pattern$Node;)Ljava/util/regex/Pattern$Node;' in 'java/util/regex/Pattern')}
  0x00007f3f3d5e3ae8: 0048 ba08 | 5b27 db3e | 7f00 0048 | c7c1 c006 | 0000 0f84 | 0700 0000 | 48c7 c1b0 | 0600 0048 
  0x00007f3f3d5e3b08: 8b1c 0a48 | 8d5b 0148 | 891c 0a0f | 8458 0000 | 0048 8bd6 

  0x00007f3f3d5e3b1c: ;   {metadata(method data for {method} {0x00007f3edf0e6180} 'sequence' '(Ljava/util/regex/Pattern$Node;)Ljava/util/regex/Pattern$Node;' in 'java/util/regex/Pattern')}
  0x00007f3f3d5e3b1c: 48b9 085b | 27db 3e7f | 0000 4883 | 8130 0700 | 0001 488b | d78b 8c24 | a000 0000 | 488b fe48 
  0x00007f3f3d5e3b3c: ;   {optimized virtual_call}
  0x00007f3f3d5e3b3c: 8bf7 90e8 

  0x00007f3f3d5e3b40: ; ImmutableOopMap {[128]=Oop [120]=Oop [112]=Oop [104]=Oop }
                      ;*invokevirtual family {reexecute=0 rethrow=0 return_oop=0}
                      ; - java.util.regex.Pattern::sequence@329 (line 2156)
  0x00007f3f3d5e3b40: 4124 0000 | 488b 7424 

  0x00007f3f3d5e3b48: ;   {metadata(method data for {method} {0x00007f3edf0e6180} 'sequence' '(Ljava/util/regex/Pattern$Node;)Ljava/util/regex/Pattern$Node;' in 'java/util/regex/Pattern')}
  0x00007f3f3d5e3b48: 6848 ba08 | 5b27 db3e | 7f00 0048 | 8382 6807 | 0000 0148 | 8bd0 488b | 7424 680f 

  0x00007f3f3d5e3b64: ;   {optimized virtual_call}
  0x00007f3f3d5e3b64: 1f40 00e8 

  0x00007f3f3d5e3b68: ; ImmutableOopMap {[128]=Oop [120]=Oop [112]=Oop [104]=Oop }
                      ;*invokevirtual newCharProperty {reexecute=0 rethrow=0 return_oop=0}
                      ; - java.util.regex.Pattern::sequence@332 (line 2156)
  0x00007f3f3d5e3b68: 2924 0000 | e98b 0000 | 008b 8c24 | a000 0000 

  0x00007f3f3d5e3b78: ;   {no_reloc}
  0x00007f3f3d5e3b78: e96c 1b00 | 0000 0000 | 0000 e96c | 1b00 0048 | 8b74 2468 

  0x00007f3f3d5e3b8c: ;   {metadata(method data for {method} {0x00007f3edf0e6180} 'sequence' '(Ljava/util/regex/Pattern$Node;)Ljava/util/regex/Pattern$Node;' in 'java/util/regex/Pattern')}
  0x00007f3f3d5e3b8c: 48ba 085b | 27db 3e7f | 0000 4883 | 82d0 0600 | 0001 488b | d748 8b74 | 2468 4889 | 8424 a800 
  0x00007f3f3d5e3bac: ;   {optimized virtual_call}
  0x00007f3f3d5e3bac: 0000 90e8 

  0x00007f3f3d5e3bb0: ; ImmutableOopMap {[128]=Oop [120]=Oop [112]=Oop [104]=Oop [168]=Oop }
                      ;*invokevirtual family {reexecute=0 rethrow=0 return_oop=0}
                      ; - java.util.regex.Pattern::sequence@312 (line 2154)
  0x00007f3f3d5e3bb0: cc4a 3a07 | 488b 9424 | a800 0000 

  0x00007f3f3d5e3bbc: ;   {metadata(method data for {method} {0x00007f3edf0e6180} 'sequence' '(Ljava/util/regex/Pattern$Node;)Ljava/util/regex/Pattern$Node;' in 'java/util/regex/Pattern')}
  0x00007f3f3d5e3bbc: 48be 085b | 27db 3e7f | 0000 4883 | 8608 0700 | 0001 488b | d048 8bb4 | 24a8 0000 | 0066 0f1f 
  0x00007f3f3d5e3bdc: ;   {optimized virtual_call}
  0x00007f3f3d5e3bdc: 4400 00e8 

  0x00007f3f3d5e3be0: ; ImmutableOopMap {[128]=Oop [120]=Oop [112]=Oop [104]=Oop [168]=Oop }
                      ;*invokespecial <init> {reexecute=0 rethrow=0 return_oop=0}
                      ; - java.util.regex.Pattern::sequence@315 (line 2154)
  0x00007f3f3d5e3be0: 9c4a 3a07 

  0x00007f3f3d5e3be4: ;   {metadata(method data for {method} {0x00007f3edf0e6180} 'sequence' '(Ljava/util/regex/Pattern$Node;)Ljava/util/regex/Pattern$Node;' in 'java/util/regex/Pattern')}
  0x00007f3f3d5e3be4: 48be 085b | 27db 3e7f | 0000 ff86 | 1807 0000 | 488b 8424 | a800 0000 

  0x00007f3f3d5e3bfc: ;   {metadata(method data for {method} {0x00007f3edf0e6180} 'sequence' '(Ljava/util/regex/Pattern$Node;)Ljava/util/regex/Pattern$Node;' in 'java/util/regex/Pattern')}
  0x00007f3f3d5e3bfc: 48be 085b | 27db 3e7f | 0000 ff86 | a007 0000 | e96b 1200 | 0048 8b74 | 2468 488b 

  0x00007f3f3d5e3c18: ;   {metadata(method data for {method} {0x00007f3edf0e6180} 'sequence' '(Ljava/util/regex/Pattern$Node;)Ljava/util/regex/Pattern$Node;' in 'java/util/regex/Pattern')}
  0x00007f3f3d5e3c18: fe48 bb08 | 5b27 db3e | 7f00 0048 | 8383 b807 

  0x00007f3f3d5e3c28: ;   {metadata(method data for {method} {0x00007f3edf0e6288} 'unread' '()V' in 'java/util/regex/Pattern')}
  0x00007f3f3d5e3c28: 0000 0148 | bfb8 dd0e | db3e 7f00 | 008b 9ff4 | 0000 0083 | c302 899f | f400 0000 | 81e3 feff 
  0x00007f3f3d5e3c48: 1f00 83fb | 000f 84ad | 1a00 008b | 7e20 ffcf | 897e 2048 

  0x00007f3f3d5e3c5c: ;   {metadata(method data for {method} {0x00007f3edf0e6180} 'sequence' '(Ljava/util/regex/Pattern$Node;)Ljava/util/regex/Pattern$Node;' in 'java/util/regex/Pattern')}
  0x00007f3f3d5e3c5c: 8bfe 48bb | 085b 27db | 3e7f 0000 | 4883 83f0 | 0700 0001 | 488b fe48 

  0x00007f3f3d5e3c74: ;   {optimized virtual_call}
  0x00007f3f3d5e3c74: 8bf7 90e8 

  0x00007f3f3d5e3c78: ; ImmutableOopMap {[128]=Oop [120]=Oop [112]=Oop [104]=Oop }
                      ;*invokevirtual atom {reexecute=0 rethrow=0 return_oop=0}
                      ; - java.util.regex.Pattern::sequence@345 (line 2159)
  0x00007f3f3d5e3c78: a4f0 e4ff 

  0x00007f3f3d5e3c7c: ;   {metadata(method data for {method} {0x00007f3edf0e6180} 'sequence' '(Ljava/util/regex/Pattern$Node;)Ljava/util/regex/Pattern$Node;' in 'java/util/regex/Pattern')}
  0x00007f3f3d5e3c7c: 48ba 085b | 27db 3e7f | 0000 ff82 | 2808 0000 | e9eb 1100 | 0048 8b74 | 2468 488b 

  0x00007f3f3d5e3c98: ;   {metadata(method data for {method} {0x00007f3edf0e6180} 'sequence' '(Ljava/util/regex/Pattern$Node;)Ljava/util/regex/Pattern$Node;' in 'java/util/regex/Pattern')}
  0x00007f3f3d5e3c98: d648 bf08 | 5b27 db3e | 7f00 0048 | 8387 3003 

  0x00007f3f3d5e3ca8: ;   {metadata(method data for {method} {0x00007f3edf0e67b0} 'has' '(I)Z' in 'java/util/regex/Pattern')}
  0x00007f3f3d5e3ca8: 0000 0148 | ba20 a60e | db3e 7f00 | 008b baf4 | 0000 0083 | c702 89ba | f400 0000 | 81e7 feff 
  0x00007f3f3d5e3cc8: 1f00 83ff | 000f 844e | 1a00 008b | 5610 488b | fa81 e780 | 0000 0083 

  0x00007f3f3d5e3ce0: ;   {metadata(method data for {method} {0x00007f3edf0e67b0} 'has' '(I)Z' in 'java/util/regex/Pattern')}
  0x00007f3f3d5e3ce0: ff00 48bf | 20a6 0edb | 3e7f 0000 | 48c7 c338 | 0100 000f | 8407 0000 | 0048 c7c3 | 4801 0000 
  0x00007f3f3d5e3d00: 488b 041f | 488d 4001 | 4889 041f | 0f84 1a00 

  0x00007f3f3d5e3d10: ;   {metadata(method data for {method} {0x00007f3edf0e67b0} 'has' '(I)Z' in 'java/util/regex/Pattern')}
  0x00007f3f3d5e3d10: 0000 48bf | 20a6 0edb | 3e7f 0000 | ff87 5801 | 0000 bf01 | 0000 00e9 | 0500 0000 | bf00 0000 
  0x00007f3f3d5e3d30: 0083 e701 

  0x00007f3f3d5e3d34: ;   {metadata(method data for {method} {0x00007f3edf0e6180} 'sequence' '(Ljava/util/regex/Pattern$Node;)Ljava/util/regex/Pattern$Node;' in 'java/util/regex/Pattern')}
  0x00007f3f3d5e3d34: 83ff 0048 | bf08 5b27 | db3e 7f00 | 0048 c7c3 | 6803 0000 | 0f84 0700 | 0000 48c7 | c378 0300 
  0x00007f3f3d5e3d54: 0048 8b04 | 1f48 8d40 | 0148 8904 | 1f0f 84c8 | 0000 0048 

  0x00007f3f3d5e3d68: ;   {metadata(method data for {method} {0x00007f3edf0e6180} 'sequence' '(Ljava/util/regex/Pattern$Node;)Ljava/util/regex/Pattern$Node;' in 'java/util/regex/Pattern')}
  0x00007f3f3d5e3d68: 8bfe 48bb | 085b 27db | 3e7f 0000 | 4883 8388 | 0300 0001 

  0x00007f3f3d5e3d7c: ;   {metadata(method data for {method} {0x00007f3edf0e67b0} 'has' '(I)Z' in 'java/util/regex/Pattern')}
  0x00007f3f3d5e3d7c: 48bf 20a6 | 0edb 3e7f | 0000 8b9f | f400 0000 | 83c3 0289 | 9ff4 0000 | 0081 e3fe | ff1f 0083 
  0x00007f3f3d5e3d9c: fb00 0f84 | 9e19 0000 | 83e2 1083 

  0x00007f3f3d5e3da8: ;   {metadata(method data for {method} {0x00007f3edf0e67b0} 'has' '(I)Z' in 'java/util/regex/Pattern')}
  0x00007f3f3d5e3da8: fa00 48ba | 20a6 0edb | 3e7f 0000 | 48c7 c738 | 0100 000f | 8407 0000 | 0048 c7c7 | 4801 0000 
  0x00007f3f3d5e3dc8: 488b 1c3a | 488d 5b01 | 4889 1c3a | 0f84 1a00 

  0x00007f3f3d5e3dd8: ;   {metadata(method data for {method} {0x00007f3edf0e67b0} 'has' '(I)Z' in 'java/util/regex/Pattern')}
  0x00007f3f3d5e3dd8: 0000 48ba | 20a6 0edb | 3e7f 0000 | ff82 5801 | 0000 ba01 | 0000 00e9 | 0500 0000 | ba00 0000 
  0x00007f3f3d5e3df8: 0083 e201 

  0x00007f3f3d5e3dfc: ;   {metadata(method data for {method} {0x00007f3edf0e6180} 'sequence' '(Ljava/util/regex/Pattern$Node;)Ljava/util/regex/Pattern$Node;' in 'java/util/regex/Pattern')}
  0x00007f3f3d5e3dfc: 83fa 0048 | ba08 5b27 | db3e 7f00 | 0048 c7c7 | d003 0000 | 0f84 0700 | 0000 48c7 | c7c0 0300 
  0x00007f3f3d5e3e1c: 0048 8b1c | 3a48 8d5b | 0148 891c | 3a0f 8462 | 0000 0048 

  0x00007f3f3d5e3e30: ;   {metadata(method data for {method} {0x00007f3edf0e6180} 'sequence' '(Ljava/util/regex/Pattern$Node;)Ljava/util/regex/Pattern$Node;' in 'java/util/regex/Pattern')}
  0x00007f3f3d5e3e30: 8bd6 48bf | 085b 27db | 3e7f 0000 | 4883 8740 | 0400 0001 | ba01 0000 | 0048 8bfe 

  0x00007f3f3d5e3e4c: ;   {optimized virtual_call}
  0x00007f3f3d5e3e4c: 488b f7e8 

  0x00007f3f3d5e3e50: ; ImmutableOopMap {[128]=Oop [120]=Oop [112]=Oop [104]=Oop }
                      ;*invokevirtual clazz {reexecute=0 rethrow=0 return_oop=0}
                      ; - java.util.regex.Pattern::sequence@213 (line 2139)
  0x00007f3f3d5e3e50: 8121 0000 | 488b 7424 

  0x00007f3f3d5e3e58: ;   {metadata(method data for {method} {0x00007f3edf0e6180} 'sequence' '(Ljava/util/regex/Pattern$Node;)Ljava/util/regex/Pattern$Node;' in 'java/util/regex/Pattern')}
  0x00007f3f3d5e3e58: 6848 ba08 | 5b27 db3e | 7f00 0048 | 8382 7804 | 0000 0148 | 8bd0 488b | 7424 680f 

  0x00007f3f3d5e3e74: ;   {optimized virtual_call}
  0x00007f3f3d5e3e74: 1f40 00e8 

  0x00007f3f3d5e3e78: ; ImmutableOopMap {[128]=Oop [120]=Oop [112]=Oop [104]=Oop }
                      ;*invokevirtual newCharProperty {reexecute=0 rethrow=0 return_oop=0}
                      ; - java.util.regex.Pattern::sequence@216 (line 2139)
  0x00007f3f3d5e3e78: 6921 0000 

  0x00007f3f3d5e3e7c: ;   {metadata(method data for {method} {0x00007f3edf0e6180} 'sequence' '(Ljava/util/regex/Pattern$Node;)Ljava/util/regex/Pattern$Node;' in 'java/util/regex/Pattern')}
  0x00007f3f3d5e3e7c: 48ba 085b | 27db 3e7f | 0000 ff82 | b004 0000 | e9eb 0f00 | 000f 1f80 | 0000 0000 

  0x00007f3f3d5e3e98: ;   {no_reloc}
  0x00007f3f3d5e3e98: e9d5 1800 | 0000 0000 | 0000 e9d5 | 1800 0048 | 8b74 2468 

  0x00007f3f3d5e3eac: ;   {metadata(method data for {method} {0x00007f3edf0e6180} 'sequence' '(Ljava/util/regex/Pattern$Node;)Ljava/util/regex/Pattern$Node;' in 'java/util/regex/Pattern')}
  0x00007f3f3d5e3eac: 48ba 085b | 27db 3e7f | 0000 4883 | 82e0 0300 | 0001 ba01 | 0000 0048 | 8b74 2468 | 4889 8424 
  0x00007f3f3d5e3ecc: b000 0000 | 0f1f 8000 

  0x00007f3f3d5e3ed4: ;   {optimized virtual_call}
  0x00007f3f3d5e3ed4: 0000 00e8 

  0x00007f3f3d5e3ed8: ; ImmutableOopMap {[128]=Oop [120]=Oop [112]=Oop [104]=Oop [176]=Oop }
                      ;*invokevirtual clazz {reexecute=0 rethrow=0 return_oop=0}
                      ; - java.util.regex.Pattern::sequence@199 (line 2137)
  0x00007f3f3d5e3ed8: a447 3a07 | 488b 9424 | b000 0000 

  0x00007f3f3d5e3ee4: ;   {metadata(method data for {method} {0x00007f3edf0e6180} 'sequence' '(Ljava/util/regex/Pattern$Node;)Ljava/util/regex/Pattern$Node;' in 'java/util/regex/Pattern')}
  0x00007f3f3d5e3ee4: 48be 085b | 27db 3e7f | 0000 4883 | 8618 0400 | 0001 488b | d048 8bb4 | 24b0 0000 | 0066 0f1f 
  0x00007f3f3d5e3f04: ;   {optimized virtual_call}
  0x00007f3f3d5e3f04: 4400 00e8 

  0x00007f3f3d5e3f08: ; ImmutableOopMap {[128]=Oop [120]=Oop [112]=Oop [104]=Oop [176]=Oop }
                      ;*invokespecial <init> {reexecute=0 rethrow=0 return_oop=0}
                      ; - java.util.regex.Pattern::sequence@202 (line 2137)
  0x00007f3f3d5e3f08: 7447 3a07 

  0x00007f3f3d5e3f0c: ;   {metadata(method data for {method} {0x00007f3edf0e6180} 'sequence' '(Ljava/util/regex/Pattern$Node;)Ljava/util/regex/Pattern$Node;' in 'java/util/regex/Pattern')}
  0x00007f3f3d5e3f0c: 48be 085b | 27db 3e7f | 0000 ff86 | 2804 0000 | 488b 8424 | b000 0000 | e953 0f00 | 0048 8b74 
  0x00007f3f3d5e3f2c: 2468 488b 

  0x00007f3f3d5e3f30: ;   {metadata(method data for {method} {0x00007f3edf0e6180} 'sequence' '(Ljava/util/regex/Pattern$Node;)Ljava/util/regex/Pattern$Node;' in 'java/util/regex/Pattern')}
  0x00007f3f3d5e3f30: fe48 bb08 | 5b27 db3e | 7f00 0048 | 8383 f00a | 0000 0148 | 8bfe 488b | f766 0f1f 

  0x00007f3f3d5e3f4c: ;   {optimized virtual_call}
  0x00007f3f3d5e3f4c: 4400 00e8 

  0x00007f3f3d5e3f50: ; ImmutableOopMap {[128]=Oop [120]=Oop [112]=Oop [104]=Oop }
                      ;*invokevirtual next {reexecute=0 rethrow=0 return_oop=0}
                      ; - java.util.regex.Pattern::sequence@461 (line 2181)
  0x00007f3f3d5e3f50: 6c05 8f07 | 488b 7424 

  0x00007f3f3d5e3f58: ;   {metadata(method data for {method} {0x00007f3edf0e6180} 'sequence' '(Ljava/util/regex/Pattern$Node;)Ljava/util/regex/Pattern$Node;' in 'java/util/regex/Pattern')}
  0x00007f3f3d5e3f58: 6848 ba08 | 5b27 db3e | 7f00 0048 | 8382 280b 

  0x00007f3f3d5e3f68: ;   {metadata(method data for {method} {0x00007f3edf0e67b0} 'has' '(I)Z' in 'java/util/regex/Pattern')}
  0x00007f3f3d5e3f68: 0000 0148 | ba20 a60e | db3e 7f00 | 008b b2f4 | 0000 0083 | c602 89b2 | f400 0000 | 81e6 feff 
  0x00007f3f3d5e3f88: 1f00 83fe | 000f 84f6 | 1700 0048 | 8b74 2468 | 8b5e 1048 | 8bd3 83e2 | 2083 fa00 

  0x00007f3f3d5e3fa4: ;   {metadata(method data for {method} {0x00007f3edf0e67b0} 'has' '(I)Z' in 'java/util/regex/Pattern')}
  0x00007f3f3d5e3fa4: 48ba 20a6 | 0edb 3e7f | 0000 48c7 | c738 0100 | 000f 8407 | 0000 0048 | c7c7 4801 | 0000 488b 
  0x00007f3f3d5e3fc4: 043a 488d | 4001 4889 | 043a 0f84 | 1a00 0000 

  0x00007f3f3d5e3fd4: ;   {metadata(method data for {method} {0x00007f3edf0e67b0} 'has' '(I)Z' in 'java/util/regex/Pattern')}
  0x00007f3f3d5e3fd4: 48ba 20a6 | 0edb 3e7f | 0000 ff82 | 5801 0000 | ba01 0000 | 00e9 0500 | 0000 ba00 | 0000 0083 
  0x00007f3f3d5e3ff4: e201 83fa 

  0x00007f3f3d5e3ff8: ;   {metadata(method data for {method} {0x00007f3edf0e6180} 'sequence' '(Ljava/util/regex/Pattern$Node;)Ljava/util/regex/Pattern$Node;' in 'java/util/regex/Pattern')}
  0x00007f3f3d5e3ff8: 0048 ba08 | 5b27 db3e | 7f00 0048 | c7c7 600b | 0000 0f84 | 0700 0000 | 48c7 c770 | 0b00 0048 
  0x00007f3f3d5e4018: 8b04 3a48 | 8d40 0148 | 8904 3a0f | 842a 0300 

  0x00007f3f3d5e4028: ;   {metadata('java/util/regex/Pattern$CharProperty')}
  0x00007f3f3d5e4028: 0048 ba60 | 9729 df3e | 7f00 004c | 8bc6 498b | 8708 0100 | 0048 8d78 | 1849 3bbf | 1801 0000 
  0x00007f3f3d5e4048: 0f87 5c17 | 0000 4989 | bf08 0100 | 0048 c700 | 0100 0000 | 488b ca49 | ba00 0000 | df3e 7f00 
  0x00007f3f3d5e4068: 0049 2bca | 8948 0848 | 33c9 8948 | 0c48 33c9 | 4889 4810 

  0x00007f3f3d5e407c: ;   {metadata(method data for {method} {0x00007f3edf0e6180} 'sequence' '(Ljava/util/regex/Pattern$Node;)Ljava/util/regex/Pattern$Node;' in 'java/util/regex/Pattern')}
  0x00007f3f3d5e407c: 48ba 085b | 27db 3e7f | 0000 4883 | 8280 0b00 

  0x00007f3f3d5e408c: ;   {metadata(method data for {method} {0x00007f3edf0e62e0} 'ALL' '()Ljava/util/regex/Pattern$CharPredicate;' in 'java/util/regex/Pattern')}
  0x00007f3f3d5e408c: 0001 48ba | 1880 27db | 3e7f 0000 | 8bb2 f400 | 0000 83c6 | 0289 b2f4 | 0000 0081 | e6fe ff1f 
  0x00007f3f3d5e40ac: 0083 fe00 | 0f84 0117 

  0x00007f3f3d5e40b4: ;   {metadata(method data for {method} {0x00007f3edf0da100} 'linkToTargetMethod' '(Ljava/lang/Object;)Ljava/lang/Object;' in 'java/lang/invoke/Invokers$Holder')}
  0x00007f3f3d5e40b4: 0000 48ba | 3867 11db | 3e7f 0000 | 488d 9210 

  0x00007f3f3d5e40c4: ;   {oop(a 'java/lang/invoke/BoundMethodHandle$Species_L'{0x00000000fe6476c8})}
  0x00007f3f3d5e40c4: 0200 0048 | bec8 7664 | fe00 0000 | 0048 85f6 | 750e 48f7 | 0201 0000 | 0075 05f0 | 4883 0a01 
  0x00007f3f3d5e40e4: ;   {metadata(method data for {method} {0x00007f3edf0e62e0} 'ALL' '()Ljava/util/regex/Pattern$CharPredicate;' in 'java/util/regex/Pattern')}
  0x00007f3f3d5e40e4: 48ba 1880 | 27db 3e7f | 0000 4883 | 8238 0100 

  0x00007f3f3d5e40f4: ;   {metadata(method data for {method} {0x00007f3edf0da100} 'linkToTargetMethod' '(Ljava/lang/Object;)Ljava/lang/Object;' in 'java/lang/invoke/Invokers$Holder')}
  0x00007f3f3d5e40f4: 0001 48ba | 3867 11db | 3e7f 0000 | 8bba f400 | 0000 83c7 | 0289 baf4 | 0000 0081 | e7fe ff1f 
  0x00007f3f3d5e4114: 0083 ff00 | 0f84 ba16 

  0x00007f3f3d5e411c: ;   {metadata(method data for {method} {0x00007f3edb40a268} 'invoke' '(Ljava/lang/Object;)Ljava/lang/Object;' in 'java/lang/invoke/LambdaForm$MH+0x00007f3ee0004000')}
  0x00007f3f3d5e411c: 0000 48ba | 90a4 40db | 3e7f 0000 | 488d 92c8 | 0100 0048 | 85f6 750e | 48f7 0201 | 0000 0075 
  0x00007f3f3d5e413c: 05f0 4883 

  0x00007f3f3d5e4140: ;   {metadata(method data for {method} {0x00007f3edf0da100} 'linkToTargetMethod' '(Ljava/lang/Object;)Ljava/lang/Object;' in 'java/lang/invoke/Invokers$Holder')}
  0x00007f3f3d5e4140: 0a01 48ba | 3867 11db | 3e7f 0000 | 4883 8270 | 0100 0001 

  0x00007f3f3d5e4154: ;   {metadata(method data for {method} {0x00007f3edb40a268} 'invoke' '(Ljava/lang/Object;)Ljava/lang/Object;' in 'java/lang/invoke/LambdaForm$MH+0x00007f3ee0004000')}
  0x00007f3f3d5e4154: 48ba 90a4 | 40db 3e7f | 0000 8bb2 | f400 0000 | 83c6 0289 | b2f4 0000 | 0081 e6fe | ff1f 0083 
  0x00007f3f3d5e4174: fe00 0f84 | 7d16 0000 

  0x00007f3f3d5e417c: ;   {metadata(method data for {method} {0x00007f3edf0da100} 'linkToTargetMethod' '(Ljava/lang/Object;)Ljava/lang/Object;' in 'java/lang/invoke/Invokers$Holder')}
  0x00007f3f3d5e417c: 48ba 3867 | 11db 3e7f | 0000 488d | 92a8 0100 

  0x00007f3f3d5e418c: ;   {oop(a 'java/util/regex/Pattern$$Lambda$4+0x00007f3ee00435a8'{0x00000000fe647710})}
  0x00007f3f3d5e418c: 0048 be10 | 7764 fe00 | 0000 0048 | 85f6 750e | 48f7 0201 | 0000 0075 | 05f0 4883 

  0x00007f3f3d5e41a8: ;   {metadata(method data for {method} {0x00007f3edf0e62e0} 'ALL' '()Ljava/util/regex/Pattern$CharPredicate;' in 'java/util/regex/Pattern')}
  0x00007f3f3d5e41a8: 0a01 48ba | 1880 27db | 3e7f 0000 | 488d 9248 | 0100 0048 | 85f6 7510 | 48f7 0201 | 0000 0075 
  0x00007f3f3d5e41c8: 4af0 4883 | 0a01 eb43 

  0x00007f3f3d5e41d0: ;   {metadata('java/util/regex/Pattern$$Lambda$4+0x00007f3ee00435a8')}
  0x00007f3f3d5e41d0: 48be a835 | 04e0 3e7f | 0000 4c8b | d648 3332 | 48f7 c6fc | ffff ff74 | 2a48 f7c6 | 0200 0000 
  0x00007f3f3d5e41f0: 7521 48f7 | 02fe ffff | ff74 1549 | 8bf2 4833 | 3248 f7c6 | fcff ffff | 7409 4883 | 0a02 eb03 
  0x00007f3f3d5e4210: 4889 3248 

  0x00007f3f3d5e4214: ;   {metadata(method data for {method} {0x00007f3edf0e6180} 'sequence' '(Ljava/util/regex/Pattern$Node;)Ljava/util/regex/Pattern$Node;' in 'java/util/regex/Pattern')}
  0x00007f3f3d5e4214: 8bd0 48be | 085b 27db | 3e7f 0000 | 4883 8690 | 0b00 0001 

  0x00007f3f3d5e4228: ;   {metadata(method data for {method} {0x00007f3edf2c6648} '<init>' '(Ljava/util/regex/Pattern$CharPredicate;)V' in 'java/util/regex/Pattern$CharProperty')}
  0x00007f3f3d5e4228: 48ba 685c | 13db 3e7f | 0000 8bb2 | f400 0000 | 83c6 0289 | b2f4 0000 | 0081 e6fe | ff1f 0083 
  0x00007f3f3d5e4248: fe00 0f84 | ca15 0000 

  0x00007f3f3d5e4250: ;   {metadata(method data for {method} {0x00007f3edf2c6648} '<init>' '(Ljava/util/regex/Pattern$CharPredicate;)V' in 'java/util/regex/Pattern$CharProperty')}
  0x00007f3f3d5e4250: 488b d048 | be68 5c13 | db3e 7f00 | 0048 8386 | 3801 0000 

  0x00007f3f3d5e4264: ;   {metadata(method data for {method} {0x00007f3edf2cc4d0} '<init>' '()V' in 'java/util/regex/Pattern$Node')}
  0x00007f3f3d5e4264: 0148 ba48 | c50e db3e | 7f00 008b | b2f4 0000 | 0083 c602 | 89b2 f400 | 0000 81e6 | feff 1f00 
  0x00007f3f3d5e4284: 83fe 000f | 84ae 1500 | 0048 8bd0 

  0x00007f3f3d5e4290: ;   {metadata(method data for {method} {0x00007f3edf2cc4d0} '<init>' '()V' in 'java/util/regex/Pattern$Node')}
  0x00007f3f3d5e4290: 48be 48c5 | 0edb 3e7f | 0000 4883 | 8638 0100 

  0x00007f3f3d5e42a0: ;   {metadata(method data for {method} {0x00007f3edf445468} '<init>' '()V' in 'java/lang/Object')}
  0x00007f3f3d5e42a0: 0001 48ba | 1083 00db | 3e7f 0000 | 8bb2 f400 | 0000 83c6 | 0289 b2f4 | 0000 0081 | e6fe ff1f 
  0x00007f3f3d5e42c0: 0083 fe00 | 0f84 9215 | 0000 410f | be57 3883 | fa00 0f85 | a515 0000 

  0x00007f3f3d5e42d8: ;   {oop(a 'java/util/regex/Pattern$Node'{0x00000000fe808708})}
  0x00007f3f3d5e42d8: 49ba 0887 | 80fe 0000 | 0000 4489 

  0x00007f3f3d5e42e4: ;   {oop(a 'java/util/regex/Pattern$Node'{0x00000000fe808708})}
  0x00007f3f3d5e42e4: 500c 48ba | 0887 80fe | 0000 0000 | 488b f048 | 33f2 48c1 | ee14 4883 | fe00 0f85 | 9415 0000 
  0x00007f3f3d5e4304: 410f be57 | 3883 fa00 | 0f85 9e15 

  0x00007f3f3d5e4310: ;   {oop(a 'java/util/regex/Pattern$$Lambda$4+0x00007f3ee00435a8'{0x00000000fe647710})}
  0x00007f3f3d5e4310: 0000 49ba | 1077 64fe | 0000 0000 | 4489 5010 

  0x00007f3f3d5e4320: ;   {oop(a 'java/util/regex/Pattern$$Lambda$4+0x00007f3ee00435a8'{0x00000000fe647710})}
  0x00007f3f3d5e4320: 48ba 1077 | 64fe 0000 | 0000 488b | f048 33f2 | 48c1 ee14 | 4883 fe00 | 0f85 8d15 

  0x00007f3f3d5e433c: ;   {metadata(method data for {method} {0x00007f3edf0e6180} 'sequence' '(Ljava/util/regex/Pattern$Node;)Ljava/util/regex/Pattern$Node;' in 'java/util/regex/Pattern')}
  0x00007f3f3d5e433c: 0000 48ba | 085b 27db | 3e7f 0000 | ff82 a00b | 0000 e929 | 0b00 004c | 8bc6 498b 

  0x00007f3f3d5e4358: ;   {metadata(method data for {method} {0x00007f3edf0e6180} 'sequence' '(Ljava/util/regex/Pattern$Node;)Ljava/util/regex/Pattern$Node;' in 'java/util/regex/Pattern')}
  0x00007f3f3d5e4358: f048 ba08 | 5b27 db3e | 7f00 0048 | 8382 b80b 

  0x00007f3f3d5e4368: ;   {metadata(method data for {method} {0x00007f3edf0e67b0} 'has' '(I)Z' in 'java/util/regex/Pattern')}
  0x00007f3f3d5e4368: 0000 0148 | ba20 a60e | db3e 7f00 | 008b b2f4 | 0000 0083 | c602 89b2 | f400 0000 | 81e6 feff 
  0x00007f3f3d5e4388: 1f00 83fe | 000f 8450 | 1500 0083 | e301 83fb 

  0x00007f3f3d5e4398: ;   {metadata(method data for {method} {0x00007f3edf0e67b0} 'has' '(I)Z' in 'java/util/regex/Pattern')}
  0x00007f3f3d5e4398: 0048 ba20 | a60e db3e | 7f00 0048 | c7c6 3801 | 0000 0f84 | 0700 0000 | 48c7 c648 | 0100 0048 
  0x00007f3f3d5e43b8: 8b3c 3248 | 8d7f 0148 | 893c 320f | 841a 0000 

  0x00007f3f3d5e43c8: ;   {metadata(method data for {method} {0x00007f3edf0e67b0} 'has' '(I)Z' in 'java/util/regex/Pattern')}
  0x00007f3f3d5e43c8: 0048 ba20 | a60e db3e | 7f00 00ff | 8258 0100 | 00ba 0100 | 0000 e905 | 0000 00ba | 0000 0000 
  0x00007f3f3d5e43e8: 83e2 0183 

  0x00007f3f3d5e43ec: ;   {metadata(method data for {method} {0x00007f3edf0e6180} 'sequence' '(Ljava/util/regex/Pattern$Node;)Ljava/util/regex/Pattern$Node;' in 'java/util/regex/Pattern')}
  0x00007f3f3d5e43ec: fa00 48ba | 085b 27db | 3e7f 0000 | 48c7 c6f0 | 0b00 000f | 8407 0000 | 0048 c7c6 | 000c 0000 
  0x00007f3f3d5e440c: 488b 3c32 | 488d 7f01 | 4889 3c32 | 0f84 5e02 

  0x00007f3f3d5e441c: ;   {metadata('java/util/regex/Pattern$CharProperty')}
  0x00007f3f3d5e441c: 0000 48ba | 6097 29df | 3e7f 0000 | 498b 8708 | 0100 0048 | 8d78 1849 | 3bbf 1801 | 0000 0f87 
  0x00007f3f3d5e443c: c414 0000 | 4989 bf08 | 0100 0048 | c700 0100 | 0000 488b | ca49 ba00 | 0000 df3e | 7f00 0049 
  0x00007f3f3d5e445c: 2bca 8948 | 0848 33c9 | 8948 0c48 | 33c9 4889 

  0x00007f3f3d5e446c: ;   {metadata(method data for {method} {0x00007f3edf0e6180} 'sequence' '(Ljava/util/regex/Pattern$Node;)Ljava/util/regex/Pattern$Node;' in 'java/util/regex/Pattern')}
  0x00007f3f3d5e446c: 4810 48be | 085b 27db | 3e7f 0000 | 4883 8610 | 0c00 0001 

  0x00007f3f3d5e4480: ;   {metadata(method data for {method} {0x00007f3edf0e6c28} 'UNIXDOT' '()Ljava/util/regex/Pattern$CharPredicate;' in 'java/util/regex/Pattern')}
  0x00007f3f3d5e4480: 48be 8081 | 27db 3e7f | 0000 8bbe | f400 0000 | 83c7 0289 | bef4 0000 | 0081 e7fe | ff1f 0083 
  0x00007f3f3d5e44a0: ff00 0f84 | 6914 0000 

  0x00007f3f3d5e44a8: ;   {no_reloc}
  0x00007f3f3d5e44a8: e994 1400 | 0090 9090 | 9090 4889 | 8424 b800 | 0000 0f1f 

  0x00007f3f3d5e44bc: ;   {static_call}
  0x00007f3f3d5e44bc: 4400 00e8 

  0x00007f3f3d5e44c0: ; ImmutableOopMap {[128]=Oop [120]=Oop [112]=Oop [184]=Oop [104]=Oop }
                      ;*invokedynamic {reexecute=0 rethrow=0 return_oop=0}
                      ; - java.util.regex.Pattern::UNIXDOT@0 (line 5685)
                      ; - java.util.regex.Pattern::sequence@501 (line 2186)
  0x00007f3f3d5e44c0: bc4b 3a07 

  0x00007f3f3d5e44c4: ;   {metadata(method data for {method} {0x00007f3edf0e6c28} 'UNIXDOT' '()Ljava/util/regex/Pattern$CharPredicate;' in 'java/util/regex/Pattern')}
  0x00007f3f3d5e44c4: 48ba 8081 | 27db 3e7f | 0000 488d | 9248 0100 | 0048 85c0 | 7510 48f7 | 0201 0000 | 0075 50f0 
  0x00007f3f3d5e44e4: 4883 0a01 | eb49 8b70 | 0849 ba00 | 0000 df3e | 7f00 0049 | 03f2 4c8b | d648 3332 | 48f7 c6fc 
  0x00007f3f3d5e4504: ffff ff74 | 2a48 f7c6 | 0200 0000 | 7521 48f7 | 02fe ffff | ff74 1549 | 8bf2 4833 | 3248 f7c6 
  0x00007f3f3d5e4524: fcff ffff | 7409 4883 | 0a02 eb03 | 4889 3248 | 8b94 24b8 

  0x00007f3f3d5e4538: ;   {metadata(method data for {method} {0x00007f3edf0e6180} 'sequence' '(Ljava/util/regex/Pattern$Node;)Ljava/util/regex/Pattern$Node;' in 'java/util/regex/Pattern')}
  0x00007f3f3d5e4538: 0000 0048 | be08 5b27 | db3e 7f00 | 0048 8386 | 200c 0000 

  0x00007f3f3d5e454c: ;   {metadata(method data for {method} {0x00007f3edf2c6648} '<init>' '(Ljava/util/regex/Pattern$CharPredicate;)V' in 'java/util/regex/Pattern$CharProperty')}
  0x00007f3f3d5e454c: 0148 ba68 | 5c13 db3e | 7f00 008b | b2f4 0000 | 0083 c602 | 89b2 f400 | 0000 81e6 | feff 1f00 
  0x00007f3f3d5e456c: 83fe 000f | 84d6 1300 | 0048 8b94 | 24b8 0000 

  0x00007f3f3d5e457c: ;   {metadata(method data for {method} {0x00007f3edf2c6648} '<init>' '(Ljava/util/regex/Pattern$CharPredicate;)V' in 'java/util/regex/Pattern$CharProperty')}
  0x00007f3f3d5e457c: 0048 be68 | 5c13 db3e | 7f00 0048 | 8386 3801 

  0x00007f3f3d5e458c: ;   {metadata(method data for {method} {0x00007f3edf2cc4d0} '<init>' '()V' in 'java/util/regex/Pattern$Node')}
  0x00007f3f3d5e458c: 0000 0148 | ba48 c50e | db3e 7f00 | 008b b2f4 | 0000 0083 | c602 89b2 | f400 0000 | 81e6 feff 
  0x00007f3f3d5e45ac: 1f00 83fe | 000f 84b5 | 1300 0048 | 8b94 24b8 

  0x00007f3f3d5e45bc: ;   {metadata(method data for {method} {0x00007f3edf2cc4d0} '<init>' '()V' in 'java/util/regex/Pattern$Node')}
  0x00007f3f3d5e45bc: 0000 0048 | be48 c50e | db3e 7f00 | 0048 8386 | 3801 0000 

  0x00007f3f3d5e45d0: ;   {metadata(method data for {method} {0x00007f3edf445468} '<init>' '()V' in 'java/lang/Object')}
  0x00007f3f3d5e45d0: 0148 ba10 | 8300 db3e | 7f00 008b | b2f4 0000 | 0083 c602 | 89b2 f400 | 0000 81e6 | feff 1f00 
  0x00007f3f3d5e45f0: 83fe 000f | 8494 1300 | 0041 0fbe | 5738 83fa | 0048 8b94 | 24b8 0000 | 000f 859f 

  0x00007f3f3d5e460c: ;   {oop(a 'java/util/regex/Pattern$Node'{0x00000000fe808708})}
  0x00007f3f3d5e460c: 1300 0049 | ba08 8780 | fe00 0000 | 0044 8952 

  0x00007f3f3d5e461c: ;   {oop(a 'java/util/regex/Pattern$Node'{0x00000000fe808708})}
  0x00007f3f3d5e461c: 0c48 be08 | 8780 fe00 | 0000 0048 | 8bfa 4833 | fe48 c1ef | 1448 83ff | 000f 858e | 1300 0041 
  0x00007f3f3d5e463c: 0fbe 7738 | 83fe 000f | 8598 1300 | 004c 8bd0 | 4489 5210 | 488b f248 | 33f0 48c1 | ee14 4883 
  0x00007f3f3d5e465c: fe00 0f85 | 9813 0000 

  0x00007f3f3d5e4664: ;   {metadata(method data for {method} {0x00007f3edf0e6180} 'sequence' '(Ljava/util/regex/Pattern$Node;)Ljava/util/regex/Pattern$Node;' in 'java/util/regex/Pattern')}
  0x00007f3f3d5e4664: 48be 085b | 27db 3e7f | 0000 ff86 | 300c 0000 | 488b c2e9 | 0008 0000 

  0x00007f3f3d5e467c: ;   {metadata('java/util/regex/Pattern$CharProperty')}
  0x00007f3f3d5e467c: 48ba 6097 | 29df 3e7f | 0000 498b | 8708 0100 | 0048 8d78 | 1849 3bbf | 1801 0000 | 0f87 7613 
  0x00007f3f3d5e469c: 0000 4989 | bf08 0100 | 0048 c700 | 0100 0000 | 488b ca49 | ba00 0000 | df3e 7f00 | 0049 2bca 
  0x00007f3f3d5e46bc: 8948 0848 | 33c9 8948 | 0c48 33c9 | 4889 4810 

  0x00007f3f3d5e46cc: ;   {metadata(method data for {method} {0x00007f3edf0e6180} 'sequence' '(Ljava/util/regex/Pattern$Node;)Ljava/util/regex/Pattern$Node;' in 'java/util/regex/Pattern')}
  0x00007f3f3d5e46cc: 48be 085b | 27db 3e7f | 0000 4883 | 8648 0c00 

  0x00007f3f3d5e46dc: ;   {metadata(method data for {method} {0x00007f3edf0e6c80} 'DOT' '()Ljava/util/regex/Pattern$CharPredicate;' in 'java/util/regex/Pattern')}
  0x00007f3f3d5e46dc: 0001 48be | b85f 12db | 3e7f 0000 | 8bbe f400 | 0000 83c7 | 0289 bef4 | 0000 0081 | e7fe ff1f 
  0x00007f3f3d5e46fc: 0083 ff00 | 0f84 1b13 

  0x00007f3f3d5e4704: ;   {metadata(method data for {method} {0x00007f3edf0da100} 'linkToTargetMethod' '(Ljava/lang/Object;)Ljava/lang/Object;' in 'java/lang/invoke/Invokers$Holder')}
  0x00007f3f3d5e4704: 0000 48be | 3867 11db | 3e7f 0000 | 488d b610 

  0x00007f3f3d5e4714: ;   {oop(a 'java/lang/invoke/BoundMethodHandle$Species_L'{0x00000000fe647720})}
  0x00007f3f3d5e4714: 0200 0048 | bf20 7764 | fe00 0000 | 0048 85ff | 750e 48f7 | 0601 0000 | 0075 05f0 | 4883 0e01 
  0x00007f3f3d5e4734: ;   {metadata(method data for {method} {0x00007f3edf0e6c80} 'DOT' '()Ljava/util/regex/Pattern$CharPredicate;' in 'java/util/regex/Pattern')}
  0x00007f3f3d5e4734: 48be b85f | 12db 3e7f | 0000 4883 | 8638 0100 

  0x00007f3f3d5e4744: ;   {metadata(method data for {method} {0x00007f3edf0da100} 'linkToTargetMethod' '(Ljava/lang/Object;)Ljava/lang/Object;' in 'java/lang/invoke/Invokers$Holder')}
  0x00007f3f3d5e4744: 0001 48be | 3867 11db | 3e7f 0000 | 8b9e f400 | 0000 83c3 | 0289 9ef4 | 0000 0081 | e3fe ff1f 
  0x00007f3f3d5e4764: 0083 fb00 | 0f84 d412 

  0x00007f3f3d5e476c: ;   {metadata(method data for {method} {0x00007f3edb40a268} 'invoke' '(Ljava/lang/Object;)Ljava/lang/Object;' in 'java/lang/invoke/LambdaForm$MH+0x00007f3ee0004000')}
  0x00007f3f3d5e476c: 0000 48be | 90a4 40db | 3e7f 0000 | 488d b6c8 | 0100 0048 | 85ff 750e | 48f7 0601 | 0000 0075 
  0x00007f3f3d5e478c: 05f0 4883 

  0x00007f3f3d5e4790: ;   {metadata(method data for {method} {0x00007f3edf0da100} 'linkToTargetMethod' '(Ljava/lang/Object;)Ljava/lang/Object;' in 'java/lang/invoke/Invokers$Holder')}
  0x00007f3f3d5e4790: 0e01 48be | 3867 11db | 3e7f 0000 | 4883 8670 | 0100 0001 

  0x00007f3f3d5e47a4: ;   {metadata(method data for {method} {0x00007f3edb40a268} 'invoke' '(Ljava/lang/Object;)Ljava/lang/Object;' in 'java/lang/invoke/LambdaForm$MH+0x00007f3ee0004000')}
  0x00007f3f3d5e47a4: 48be 90a4 | 40db 3e7f | 0000 8bbe | f400 0000 | 83c7 0289 | bef4 0000 | 0081 e7fe | ff1f 0083 
  0x00007f3f3d5e47c4: ff00 0f84 | 9712 0000 

  0x00007f3f3d5e47cc: ;   {metadata(method data for {method} {0x00007f3edf0da100} 'linkToTargetMethod' '(Ljava/lang/Object;)Ljava/lang/Object;' in 'java/lang/invoke/Invokers$Holder')}
  0x00007f3f3d5e47cc: 48be 3867 | 11db 3e7f | 0000 488d | b6a8 0100 

  0x00007f3f3d5e47dc: ;   {oop(a 'java/util/regex/Pattern$$Lambda$7+0x00007f3ee005a400'{0x00000000fe647740})}
  0x00007f3f3d5e47dc: 0048 bf40 | 7764 fe00 | 0000 0048 | 85ff 750e | 48f7 0601 | 0000 0075 | 05f0 4883 

  0x00007f3f3d5e47f8: ;   {metadata(method data for {method} {0x00007f3edf0e6c80} 'DOT' '()Ljava/util/regex/Pattern$CharPredicate;' in 'java/util/regex/Pattern')}
  0x00007f3f3d5e47f8: 0e01 48be | b85f 12db | 3e7f 0000 | 488d b648 | 0100 0048 | 85ff 750e | 48f7 0601 | 0000 0075 
  0x00007f3f3d5e4818: 05f0 4883 | 0e01 488b 

  0x00007f3f3d5e4820: ;   {metadata(method data for {method} {0x00007f3edf0e6180} 'sequence' '(Ljava/util/regex/Pattern$Node;)Ljava/util/regex/Pattern$Node;' in 'java/util/regex/Pattern')}
  0x00007f3f3d5e4820: f048 bf08 | 5b27 db3e | 7f00 0048 | 8387 580c 

  0x00007f3f3d5e4830: ;   {metadata(method data for {method} {0x00007f3edf2c6648} '<init>' '(Ljava/util/regex/Pattern$CharPredicate;)V' in 'java/util/regex/Pattern$CharProperty')}
  0x00007f3f3d5e4830: 0000 0148 | be68 5c13 | db3e 7f00 | 008b bef4 | 0000 0083 | c702 89be | f400 0000 | 81e7 feff 
  0x00007f3f3d5e4850: 1f00 83ff | 000f 8429 | 1200 0048 

  0x00007f3f3d5e485c: ;   {metadata(method data for {method} {0x00007f3edf2c6648} '<init>' '(Ljava/util/regex/Pattern$CharPredicate;)V' in 'java/util/regex/Pattern$CharProperty')}
  0x00007f3f3d5e485c: 8bf0 48bf | 685c 13db | 3e7f 0000 | 4883 8738 | 0100 0001 

  0x00007f3f3d5e4870: ;   {metadata(method data for {method} {0x00007f3edf2cc4d0} '<init>' '()V' in 'java/util/regex/Pattern$Node')}
  0x00007f3f3d5e4870: 48be 48c5 | 0edb 3e7f | 0000 8bbe | f400 0000 | 83c7 0289 | bef4 0000 | 0081 e7fe | ff1f 0083 
  0x00007f3f3d5e4890: ff00 0f84 | 0d12 0000 

  0x00007f3f3d5e4898: ;   {metadata(method data for {method} {0x00007f3edf2cc4d0} '<init>' '()V' in 'java/util/regex/Pattern$Node')}
  0x00007f3f3d5e4898: 488b f048 | bf48 c50e | db3e 7f00 | 0048 8387 | 3801 0000 

  0x00007f3f3d5e48ac: ;   {metadata(method data for {method} {0x00007f3edf445468} '<init>' '()V' in 'java/lang/Object')}
  0x00007f3f3d5e48ac: 0148 be10 | 8300 db3e | 7f00 008b | bef4 0000 | 0083 c702 | 89be f400 | 0000 81e7 | feff 1f00 
  0x00007f3f3d5e48cc: 83ff 000f | 84f1 1100 | 0041 0fbe | 7738 83fe | 000f 8504 

  0x00007f3f3d5e48e0: ;   {oop(a 'java/util/regex/Pattern$Node'{0x00000000fe808708})}
  0x00007f3f3d5e48e0: 1200 0049 | ba08 8780 | fe00 0000 | 0044 8950 

  0x00007f3f3d5e48f0: ;   {oop(a 'java/util/regex/Pattern$Node'{0x00000000fe808708})}
  0x00007f3f3d5e48f0: 0c48 be08 | 8780 fe00 | 0000 0048 | 8bf8 4833 | fe48 c1ef | 1448 83ff | 000f 85f3 | 1100 0041 
  0x00007f3f3d5e4910: 0fbe 7738 | 83fe 000f | 85fd 1100 

  0x00007f3f3d5e491c: ;   {oop(a 'java/util/regex/Pattern$$Lambda$7+0x00007f3ee005a400'{0x00000000fe647740})}
  0x00007f3f3d5e491c: 0049 ba40 | 7764 fe00 | 0000 0044 

  0x00007f3f3d5e4928: ;   {oop(a 'java/util/regex/Pattern$$Lambda$7+0x00007f3ee005a400'{0x00000000fe647740})}
  0x00007f3f3d5e4928: 8950 1048 | be40 7764 | fe00 0000 | 0048 8bf8 | 4833 fe48 | c1ef 1448 | 83ff 000f | 85ec 1100 
  0x00007f3f3d5e4948: ;   {metadata(method data for {method} {0x00007f3edf0e6180} 'sequence' '(Ljava/util/regex/Pattern$Node;)Ljava/util/regex/Pattern$Node;' in 'java/util/regex/Pattern')}
  0x00007f3f3d5e4948: 0048 be08 | 5b27 db3e | 7f00 00ff | 8668 0c00 | 00e9 1e05 | 0000 488b 

  0x00007f3f3d5e4960: ;   {metadata(method data for {method} {0x00007f3edf0e6180} 'sequence' '(Ljava/util/regex/Pattern$Node;)Ljava/util/regex/Pattern$Node;' in 'java/util/regex/Pattern')}
  0x00007f3f3d5e4960: 7424 6848 | bf08 5b27 | db3e 7f00 | 0048 8387 | 7002 0000 | 0148 8b74 | 2468 0f1f 

  0x00007f3f3d5e497c: ;   {optimized virtual_call}
  0x00007f3f3d5e497c: 4400 00e8 

  0x00007f3f3d5e4980: ; ImmutableOopMap {[128]=Oop [120]=Oop [112]=Oop [104]=Oop }
                      ;*invokevirtual group0 {reexecute=0 rethrow=0 return_oop=0}
                      ; - java.util.regex.Pattern::sequence@137 (line 2124)
  0x00007f3f3d5e4980: b116 0000 | 4883 f800 

  0x00007f3f3d5e4988: ;   {metadata(method data for {method} {0x00007f3edf0e6180} 'sequence' '(Ljava/util/regex/Pattern$Node;)Ljava/util/regex/Pattern$Node;' in 'java/util/regex/Pattern')}
  0x00007f3f3d5e4988: 48be 085b | 27db 3e7f | 0000 48c7 | c7b8 0200 | 000f 8407 | 0000 0048 | c7c7 a802 | 0000 488b 
  0x00007f3f3d5e49a8: 1c3e 488d | 5b01 4889 | 1c3e 0f84 | 2606 0000 | 488b 5c24 | 7048 83fb 

  0x00007f3f3d5e49c0: ;   {metadata(method data for {method} {0x00007f3edf0e6180} 'sequence' '(Ljava/util/regex/Pattern$Node;)Ljava/util/regex/Pattern$Node;' in 'java/util/regex/Pattern')}
  0x00007f3f3d5e49c0: 0048 be08 | 5b27 db3e | 7f00 0048 | c7c7 e002 | 0000 0f85 | 0700 0000 | 48c7 c7f0 | 0200 0048 
  0x00007f3f3d5e49e0: 8b14 3e48 | 8d52 0148 | 8914 3e0f | 8515 0000 

  0x00007f3f3d5e49f0: ;   {metadata(method data for {method} {0x00007f3edf0e6180} 'sequence' '(Ljava/util/regex/Pattern$Node;)Ljava/util/regex/Pattern$Node;' in 'java/util/regex/Pattern')}
  0x00007f3f3d5e49f0: 0048 be08 | 5b27 db3e | 7f00 00ff | 8600 0300 | 00e9 7c05 | 0000 488b | 7c24 7841 | 0fbe 7738 
  0x00007f3f3d5e4a10: 83fe 000f | 8534 1100 | 004c 8bd0 

  0x00007f3f3d5e4a1c: ; implicit exception: dispatches to 0x00007f3f3d5e5b68
  0x00007f3f3d5e4a1c: 4489 570c | 488b f748 | 33f0 48c1 | ee14 4883 | fe00 0f85 | 3911 0000 | 488b c3e9 | 4605 0000 
  0x00007f3f3d5e4a3c: 488b 7424 | 6848 8bc6 

  0x00007f3f3d5e4a44: ;   {metadata(method data for {method} {0x00007f3edf0e6180} 'sequence' '(Ljava/util/regex/Pattern$Node;)Ljava/util/regex/Pattern$Node;' in 'java/util/regex/Pattern')}
  0x00007f3f3d5e4a44: 48ba 085b | 27db 3e7f | 0000 4883 | 82a0 0900 | 0001 488b | c648 8bf0 

  0x00007f3f3d5e4a5c: ;   {optimized virtual_call}
  0x00007f3f3d5e4a5c: 6666 90e8 

  0x00007f3f3d5e4a60: ; ImmutableOopMap {[128]=Oop [104]=Oop [120]=Oop [112]=Oop }
                      ;*invokevirtual next {reexecute=0 rethrow=0 return_oop=0}
                      ; - java.util.regex.Pattern::sequence@412 (line 2174)
  0x00007f3f3d5e4a60: 5cfa 8e07 | 488b 7424 

  0x00007f3f3d5e4a68: ;   {metadata(method data for {method} {0x00007f3edf0e6180} 'sequence' '(Ljava/util/regex/Pattern$Node;)Ljava/util/regex/Pattern$Node;' in 'java/util/regex/Pattern')}
  0x00007f3f3d5e4a68: 6848 ba08 | 5b27 db3e | 7f00 0048 | 8382 d809 

  0x00007f3f3d5e4a78: ;   {metadata(method data for {method} {0x00007f3edf0e67b0} 'has' '(I)Z' in 'java/util/regex/Pattern')}
  0x00007f3f3d5e4a78: 0000 0148 | ba20 a60e | db3e 7f00 | 008b 82f4 | 0000 0083 | c002 8982 | f400 0000 | 81e0 feff 
  0x00007f3f3d5e4a98: 1f00 83f8 | 000f 84e2 | 1000 0048 | 8b74 2468 | 8b5e 1048 | 8bd3 83e2 | 0183 fa00 

  0x00007f3f3d5e4ab4: ;   {metadata(method data for {method} {0x00007f3edf0e67b0} 'has' '(I)Z' in 'java/util/regex/Pattern')}
  0x00007f3f3d5e4ab4: 48ba 20a6 | 0edb 3e7f | 0000 48c7 | c038 0100 | 000f 8407 | 0000 0048 | c7c0 4801 | 0000 488b 
  0x00007f3f3d5e4ad4: 3c02 488d | 7f01 4889 | 3c02 0f84 | 1a00 0000 

  0x00007f3f3d5e4ae4: ;   {metadata(method data for {method} {0x00007f3edf0e67b0} 'has' '(I)Z' in 'java/util/regex/Pattern')}
  0x00007f3f3d5e4ae4: 48ba 20a6 | 0edb 3e7f | 0000 ff82 | 5801 0000 | ba01 0000 | 00e9 0500 | 0000 ba00 | 0000 0083 
  0x00007f3f3d5e4b04: e201 83fa 

  0x00007f3f3d5e4b08: ;   {metadata(method data for {method} {0x00007f3edf0e6180} 'sequence' '(Ljava/util/regex/Pattern$Node;)Ljava/util/regex/Pattern$Node;' in 'java/util/regex/Pattern')}
  0x00007f3f3d5e4b08: 0048 ba08 | 5b27 db3e | 7f00 0048 | c7c0 100a | 0000 0f84 | 0700 0000 | 48c7 c020 | 0a00 0048 
  0x00007f3f3d5e4b28: 8b3c 0248 | 8d7f 0148 | 893c 020f | 84f0 0000 | 000f 1f80 | 0000 0000 

  0x00007f3f3d5e4b40: ;   {no_reloc}
  0x00007f3f3d5e4b40: e970 1000 | 0000 0000 | 0000 e970 | 1000 0048 

  0x00007f3f3d5e4b50: ;   {metadata(method data for {method} {0x00007f3edf0e6180} 'sequence' '(Ljava/util/regex/Pattern$Node;)Ljava/util/regex/Pattern$Node;' in 'java/util/regex/Pattern')}
  0x00007f3f3d5e4b50: 8bd6 48bf | 085b 27db | 3e7f 0000 | 4883 8730 | 0a00 0001 

  0x00007f3f3d5e4b64: ;   {metadata(method data for {method} {0x00007f3edf0e67b0} 'has' '(I)Z' in 'java/util/regex/Pattern')}
  0x00007f3f3d5e4b64: 48ba 20a6 | 0edb 3e7f | 0000 8bba | f400 0000 | 83c7 0289 | baf4 0000 | 0081 e7fe | ff1f 0083 
  0x00007f3f3d5e4b84: ff00 0f84 | 4010 0000 | 83e3 0883 

  0x00007f3f3d5e4b90: ;   {metadata(method data for {method} {0x00007f3edf0e67b0} 'has' '(I)Z' in 'java/util/regex/Pattern')}
  0x00007f3f3d5e4b90: fb00 48ba | 20a6 0edb | 3e7f 0000 | 48c7 c738 | 0100 000f | 8407 0000 | 0048 c7c7 | 4801 0000 
  0x00007f3f3d5e4bb0: 488b 1c3a | 488d 5b01 | 4889 1c3a | 0f84 1a00 

  0x00007f3f3d5e4bc0: ;   {metadata(method data for {method} {0x00007f3edf0e67b0} 'has' '(I)Z' in 'java/util/regex/Pattern')}
  0x00007f3f3d5e4bc0: 0000 48ba | 20a6 0edb | 3e7f 0000 | ff82 5801 | 0000 ba01 | 0000 00e9 | 0500 0000 | ba00 0000 
  0x00007f3f3d5e4be0: 0083 e201 

  0x00007f3f3d5e4be4: ;   {metadata(method data for {method} {0x00007f3edf0e6180} 'sequence' '(Ljava/util/regex/Pattern$Node;)Ljava/util/regex/Pattern$Node;' in 'java/util/regex/Pattern')}
  0x00007f3f3d5e4be4: 488b f848 | bb08 5b27 | db3e 7f00 | 0048 8383 | 680a 0000 | 0148 8bf0 | 4889 8424 | c000 0000 
  0x00007f3f3d5e4c04: ;   {optimized virtual_call}
  0x00007f3f3d5e4c04: 6666 90e8 

  0x00007f3f3d5e4c08: ; ImmutableOopMap {[128]=Oop [120]=Oop [112]=Oop [104]=Oop [192]=Oop }
                      ;*invokespecial <init> {reexecute=0 rethrow=0 return_oop=0}
                      ; - java.util.regex.Pattern::sequence@434 (line 2176)
  0x00007f3f3d5e4c08: 743a 3a07 

  0x00007f3f3d5e4c0c: ;   {metadata(method data for {method} {0x00007f3edf0e6180} 'sequence' '(Ljava/util/regex/Pattern$Node;)Ljava/util/regex/Pattern$Node;' in 'java/util/regex/Pattern')}
  0x00007f3f3d5e4c0c: 48ba 085b | 27db 3e7f | 0000 ff82 | 780a 0000 | 488b 8424 | c000 0000 | e953 0200 

  0x00007f3f3d5e4c28: ;   {metadata('java/util/regex/Pattern$Dollar')}
  0x00007f3f3d5e4c28: 0048 ba58 | 6c29 df3e | 7f00 0049 | 8b87 0801 | 0000 488d | 7818 493b | bf18 0100 | 000f 87a2 
  0x00007f3f3d5e4c48: 0f00 0049 | 89bf 0801 | 0000 48c7 | 0001 0000 | 0048 8bca | 49ba 0000 | 00df 3e7f | 0000 492b 
  0x00007f3f3d5e4c68: ca89 4808 | 4833 c989 | 480c 4833 | c948 8948 | 1048 8b74 

  0x00007f3f3d5e4c7c: ;   {metadata(method data for {method} {0x00007f3edf0e6180} 'sequence' '(Ljava/util/regex/Pattern$Node;)Ljava/util/regex/Pattern$Node;' in 'java/util/regex/Pattern')}
  0x00007f3f3d5e4c7c: 2468 48bf | 085b 27db | 3e7f 0000 | 4883 8790 | 0a00 0001 

  0x00007f3f3d5e4c90: ;   {metadata(method data for {method} {0x00007f3edf0e67b0} 'has' '(I)Z' in 'java/util/regex/Pattern')}
  0x00007f3f3d5e4c90: 48be 20a6 | 0edb 3e7f | 0000 8bbe | f400 0000 | 83c7 0289 | bef4 0000 | 0081 e7fe | ff1f 0083 
  0x00007f3f3d5e4cb0: ff00 0f84 | 420f 0000 | 83e3 0883 

  0x00007f3f3d5e4cbc: ;   {metadata(method data for {method} {0x00007f3edf0e67b0} 'has' '(I)Z' in 'java/util/regex/Pattern')}
  0x00007f3f3d5e4cbc: fb00 48be | 20a6 0edb | 3e7f 0000 | 48c7 c738 | 0100 000f | 8407 0000 | 0048 c7c7 | 4801 0000 
  0x00007f3f3d5e4cdc: 488b 1c3e | 488d 5b01 | 4889 1c3e | 0f84 1a00 

  0x00007f3f3d5e4cec: ;   {metadata(method data for {method} {0x00007f3edf0e67b0} 'has' '(I)Z' in 'java/util/regex/Pattern')}
  0x00007f3f3d5e4cec: 0000 48be | 20a6 0edb | 3e7f 0000 | ff86 5801 | 0000 be01 | 0000 00e9 | 0500 0000 | be00 0000 
  0x00007f3f3d5e4d0c: 0083 e601 

  0x00007f3f3d5e4d10: ;   {metadata(method data for {method} {0x00007f3edf0e6180} 'sequence' '(Ljava/util/regex/Pattern$Node;)Ljava/util/regex/Pattern$Node;' in 'java/util/regex/Pattern')}
  0x00007f3f3d5e4d10: 488b f848 | bb08 5b27 | db3e 7f00 | 0048 8383 | c80a 0000 

  0x00007f3f3d5e4d24: ;   {metadata(method data for {method} {0x00007f3edf2c7a88} '<init>' '(Z)V' in 'java/util/regex/Pattern$Dollar')}
  0x00007f3f3d5e4d24: 0148 bf38 | 9f12 db3e | 7f00 008b | 9ff4 0000 | 0083 c302 | 899f f400 | 0000 81e3 | feff 1f00 
  0x00007f3f3d5e4d44: 83fb 000f | 84ce 0e00 | 0048 8bf8 

  0x00007f3f3d5e4d50: ;   {metadata(method data for {method} {0x00007f3edf2c7a88} '<init>' '(Z)V' in 'java/util/regex/Pattern$Dollar')}
  0x00007f3f3d5e4d50: 48bb 389f | 12db 3e7f | 0000 4883 | 8338 0100 

  0x00007f3f3d5e4d60: ;   {metadata(method data for {method} {0x00007f3edf2cc4d0} '<init>' '()V' in 'java/util/regex/Pattern$Node')}
  0x00007f3f3d5e4d60: 0001 48bf | 48c5 0edb | 3e7f 0000 | 8b9f f400 | 0000 83c3 | 0289 9ff4 | 0000 0081 | e3fe ff1f 
  0x00007f3f3d5e4d80: 0083 fb00 | 0f84 b20e | 0000 488b 

  0x00007f3f3d5e4d8c: ;   {metadata(method data for {method} {0x00007f3edf2cc4d0} '<init>' '()V' in 'java/util/regex/Pattern$Node')}
  0x00007f3f3d5e4d8c: f848 bb48 | c50e db3e | 7f00 0048 | 8383 3801 

  0x00007f3f3d5e4d9c: ;   {metadata(method data for {method} {0x00007f3edf445468} '<init>' '()V' in 'java/lang/Object')}
  0x00007f3f3d5e4d9c: 0000 0148 | bf10 8300 | db3e 7f00 | 008b 9ff4 | 0000 0083 | c302 899f | f400 0000 | 81e3 feff 
  0x00007f3f3d5e4dbc: 1f00 83fb | 000f 8496 | 0e00 0041 | 0fbe 7f38 | 83ff 000f | 85a9 0e00 

  0x00007f3f3d5e4dd4: ;   {oop(a 'java/util/regex/Pattern$Node'{0x00000000fe808708})}
  0x00007f3f3d5e4dd4: 0049 ba08 | 8780 fe00 | 0000 0044 

  0x00007f3f3d5e4de0: ;   {oop(a 'java/util/regex/Pattern$Node'{0x00000000fe808708})}
  0x00007f3f3d5e4de0: 8950 0c48 | bf08 8780 | fe00 0000 | 0048 8bd8 | 4833 df48 | c1eb 1448 | 83fb 000f | 8598 0e00 
  0x00007f3f3d5e4e00: 0083 e601 | 4088 7010 

  0x00007f3f3d5e4e08: ;   {metadata(method data for {method} {0x00007f3edf0e6180} 'sequence' '(Ljava/util/regex/Pattern$Node;)Ljava/util/regex/Pattern$Node;' in 'java/util/regex/Pattern')}
  0x00007f3f3d5e4e08: 48be 085b | 27db 3e7f | 0000 ff86 | d80a 0000 | e95f 0000 | 0048 8b74 | 2468 8b7e | 208b 5e24 
  0x00007f3f3d5e4e28: ;   {metadata(method data for {method} {0x00007f3edf0e6180} 'sequence' '(Ljava/util/regex/Pattern$Node;)Ljava/util/regex/Pattern$Node;' in 'java/util/regex/Pattern')}
  0x00007f3f3d5e4e28: 3bfb 48bf | 085b 27db | 3e7f 0000 | 48c7 c358 | 0e00 000f | 8d07 0000 | 0048 c7c3 | 480e 0000 
  0x00007f3f3d5e4e48: 488b 041f | 488d 4001 | 4889 041f | 0f8d f405 | 0000 488b 

  0x00007f3f3d5e4e5c: ;   {metadata(method data for {method} {0x00007f3edf0e6180} 'sequence' '(Ljava/util/regex/Pattern$Node;)Ljava/util/regex/Pattern$Node;' in 'java/util/regex/Pattern')}
  0x00007f3f3d5e4e5c: fe48 bb08 | 5b27 db3e | 7f00 0048 | 8383 800e | 0000 0148 | 8bfe 488b 

  0x00007f3f3d5e4e74: ;   {optimized virtual_call}
  0x00007f3f3d5e4e74: f766 90e8 

  0x00007f3f3d5e4e78: ; ImmutableOopMap {[128]=Oop [120]=Oop [112]=Oop [104]=Oop }
                      ;*invokevirtual atom {reexecute=0 rethrow=0 return_oop=0}
                      ; - java.util.regex.Pattern::sequence@592 (line 2210)
  0x00007f3f3d5e4e78: a4de e4ff | 488b 7424 

  0x00007f3f3d5e4e80: ;   {metadata(method data for {method} {0x00007f3edf0e6180} 'sequence' '(Ljava/util/regex/Pattern$Node;)Ljava/util/regex/Pattern$Node;' in 'java/util/regex/Pattern')}
  0x00007f3f3d5e4e80: 6848 ba08 | 5b27 db3e | 7f00 0048 | 8382 b80e | 0000 0148 | 8bd0 488b | 7424 680f 

  0x00007f3f3d5e4e9c: ;   {optimized virtual_call}
  0x00007f3f3d5e4e9c: 1f40 00e8 

  0x00007f3f3d5e4ea0: ; ImmutableOopMap {[128]=Oop [120]=Oop [104]=Oop [112]=Oop }
                      ;*invokevirtual closure {reexecute=0 rethrow=0 return_oop=0}
                      ; - java.util.regex.Pattern::sequence@600 (line 2214)
  0x00007f3f3d5e4ea0: 5cb5 e4ff | 488b 5c24 | 7048 83fb 

  0x00007f3f3d5e4eac: ;   {metadata(method data for {method} {0x00007f3edf0e6180} 'sequence' '(Ljava/util/regex/Pattern$Node;)Ljava/util/regex/Pattern$Node;' in 'java/util/regex/Pattern')}
  0x00007f3f3d5e4eac: 0048 be08 | 5b27 db3e | 7f00 0048 | c7c7 f00e | 0000 0f85 | 0700 0000 | 48c7 c700 | 0f00 0048 
  0x00007f3f3d5e4ecc: 8b14 3e48 | 8d52 0148 | 8914 3e0f | 8518 0000 

  0x00007f3f3d5e4edc: ;   {metadata(method data for {method} {0x00007f3edf0e6180} 'sequence' '(Ljava/util/regex/Pattern$Node;)Ljava/util/regex/Pattern$Node;' in 'java/util/regex/Pattern')}
  0x00007f3f3d5e4edc: 0048 be08 | 5b27 db3e | 7f00 00ff | 8610 0f00 | 0048 8bf0 | e931 0000 | 0048 8b7c | 2478 410f 
  0x00007f3f3d5e4efc: be77 3883 | fe00 0f85 | a90d 0000 | 4c8b d044 | 8957 0c48 | 8bf7 4833 | f048 c1ee | 1448 83fe 
  0x00007f3f3d5e4f1c: 000f 85ae | 0d00 0048 

  0x00007f3f3d5e4f24: ;   {metadata(method data for {method} {0x00007f3edf0e6180} 'sequence' '(Ljava/util/regex/Pattern$Node;)Ljava/util/regex/Pattern$Node;' in 'java/util/regex/Pattern')}
  0x00007f3f3d5e4f24: 8bf3 48bf | 085b 27db | 3e7f 0000 | 8b9f f800 | 0000 83c3 | 0289 9ff8 | 0000 0081 | e3fe 3f00 
  0x00007f3f3d5e4f44: 0083 fb00 | 0f84 9b0d | 0000 4d8b | 9748 0300 

  0x00007f3f3d5e4f54: ; ImmutableOopMap {[128]=Oop [104]=Oop rax=Oop rsi=Oop }
                      ;*goto {reexecute=1 rethrow=0 return_oop=0}
                      ; - (reexecute) java.util.regex.Pattern::sequence@626 (line 2227)
                      ;   {poll}
  0x00007f3f3d5e4f54: 0041 8502 

  0x00007f3f3d5e4f58: ;   {metadata(method data for {method} {0x00007f3edf0e6180} 'sequence' '(Ljava/util/regex/Pattern$Node;)Ljava/util/regex/Pattern$Node;' in 'java/util/regex/Pattern')}
  0x00007f3f3d5e4f58: 48bf 085b | 27db 3e7f | 0000 ff87 | 280f 0000 | 488b f848 | 8bde 4889 | 7c24 7848 | 895c 2470 
  0x00007f3f3d5e4f78: 488b 7424 | 68e9 26e2 | ffff 488b | 7424 688b 

  0x00007f3f3d5e4f88: ;   {metadata(method data for {method} {0x00007f3edf0e6180} 'sequence' '(Ljava/util/regex/Pattern$Node;)Ljava/util/regex/Pattern$Node;' in 'java/util/regex/Pattern')}
  0x00007f3f3d5e4f88: 7e34 48bb | 085b 27db | 3e7f 0000 | 8b93 f800 | 0000 83c2 | 0289 93f8 | 0000 0081 | e2fe 3f00 
  0x00007f3f3d5e4fa8: 0083 fa00 | 0f84 580d | 0000 4d8b | 9748 0300 

  0x00007f3f3d5e4fb8: ; ImmutableOopMap {[128]=Oop rsi=Oop [104]=Oop rax=Oop rdi=Oop }
                      ;*goto {reexecute=1 rethrow=0 return_oop=0}
                      ; - (reexecute) java.util.regex.Pattern::sequence@171 (line 2134)
                      ;   {poll}
  0x00007f3f3d5e4fb8: 0041 8502 

  0x00007f3f3d5e4fbc: ;   {metadata(method data for {method} {0x00007f3edf0e6180} 'sequence' '(Ljava/util/regex/Pattern$Node;)Ljava/util/regex/Pattern$Node;' in 'java/util/regex/Pattern')}
  0x00007f3f3d5e4fbc: 48bb 085b | 27db 3e7f | 0000 ff83 | 1803 0000 | 488b d848 | 897c 2478 | 4889 5c24 | 70e9 cae1 
  0x00007f3f3d5e4fdc: ffff 488b | 7c24 7848 | 8b5c 2470 | 488b 7424 

  0x00007f3f3d5e4fec: ;   {metadata(method data for {method} {0x00007f3edf0e6180} 'sequence' '(Ljava/util/regex/Pattern$Node;)Ljava/util/regex/Pattern$Node;' in 'java/util/regex/Pattern')}
  0x00007f3f3d5e4fec: 6848 b808 | 5b27 db3e | 7f00 008b | 90f8 0000 | 0083 c202 | 8990 f800 | 0000 81e2 | fe3f 0000 
  0x00007f3f3d5e500c: 83fa 000f | 8416 0d00 | 004d 8b97 

  0x00007f3f3d5e5018: ; ImmutableOopMap {[128]=Oop rsi=Oop [104]=Oop rdi=Oop rbx=Oop }
                      ;*goto {reexecute=1 rethrow=0 return_oop=0}
                      ; - (reexecute) java.util.regex.Pattern::sequence@147 (line 2127)
  0x00007f3f3d5e5018: 4803 0000 

  0x00007f3f3d5e501c: ;   {poll}
  0x00007f3f3d5e501c: 4185 0248 | b808 5b27 | db3e 7f00 | 00ff 80c8 | 0200 0048 | 897c 2478 | 4889 5c24 | 70e9 6ae1 
  0x00007f3f3d5e503c: ffff 488b | 7c24 7848 | 8b5c 2470 | 488b 7424 | 68e9 e703 | 0000 488b | 7424 6889 | 8424 a400 
  0x00007f3f3d5e505c: 0000 488b 

  0x00007f3f3d5e5060: ;   {metadata(method data for {method} {0x00007f3edf0e6180} 'sequence' '(Ljava/util/regex/Pattern$Node;)Ljava/util/regex/Pattern$Node;' in 'java/util/regex/Pattern')}
  0x00007f3f3d5e5060: fe48 bb08 | 5b27 db3e | 7f00 0048 | 8383 e80c | 0000 0148 | 8bfe 488b | f766 0f1f 

  0x00007f3f3d5e507c: ;   {optimized virtual_call}
  0x00007f3f3d5e507c: 4400 00e8 

  0x00007f3f3d5e5080: ; ImmutableOopMap {[104]=Oop }
                      ;*invokevirtual next {reexecute=0 rethrow=0 return_oop=0}
                      ; - java.util.regex.Pattern::sequence@540 (line 2202)
  0x00007f3f3d5e5080: fc35 3a07 

  0x00007f3f3d5e5084: ;   {metadata('java/lang/StringBuilder')}
  0x00007f3f3d5e5084: 48ba 48f7 | 00df 3e7f | 0000 498b | 8708 0100 | 0048 8d78 | 1849 3bbf | 1801 0000 | 0f87 a60c 
  0x00007f3f3d5e50a4: 0000 4989 | bf08 0100 | 0048 c700 | 0100 0000 | 488b ca49 | ba00 0000 | df3e 7f00 | 0049 2bca 
  0x00007f3f3d5e50c4: 8948 0848 | 33c9 8948 | 0c48 33c9 | 4889 4810 

  0x00007f3f3d5e50d4: ;   {metadata(method data for {method} {0x00007f3edf0e6180} 'sequence' '(Ljava/util/regex/Pattern$Node;)Ljava/util/regex/Pattern$Node;' in 'java/util/regex/Pattern')}
  0x00007f3f3d5e50d4: 488b d048 | be08 5b27 | db3e 7f00 | 0048 8386 | 200d 0000 

  0x00007f3f3d5e50e8: ;   {metadata(method data for {method} {0x00007f3edf422df8} '<init>' '()V' in 'java/lang/StringBuilder')}
  0x00007f3f3d5e50e8: 0148 baa0 | de02 db3e | 7f00 008b | b2f4 0000 | 0083 c602 | 89b2 f400 | 0000 81e6 | feff 1f00 
  0x00007f3f3d5e5108: 83fe 000f | 8448 0c00 | 0048 8bd0 

  0x00007f3f3d5e5114: ;   {metadata(method data for {method} {0x00007f3edf422df8} '<init>' '()V' in 'java/lang/StringBuilder')}
  0x00007f3f3d5e5114: 48be a0de | 02db 3e7f | 0000 4883 | 8638 0100 | 0001 ba10 | 0000 0048 | 8bf0 4889 | 8424 c800 
  0x00007f3f3d5e5134: ;   {optimized virtual_call}
  0x00007f3f3d5e5134: 0000 90e8 

  0x00007f3f3d5e5138: ; ImmutableOopMap {[104]=Oop [200]=Oop }
                      ;*invokespecial <init> {reexecute=0 rethrow=0 return_oop=0}
                      ; - java.lang.StringBuilder::<init>@3 (line 106)
                      ; - java.util.regex.Pattern::sequence@549 (line 2203)
  0x00007f3f3d5e5138: 4435 3a07 | 488b 8424 | c800 0000 

  0x00007f3f3d5e5144: ;   {metadata(method data for {method} {0x00007f3edf0e6180} 'sequence' '(Ljava/util/regex/Pattern$Node;)Ljava/util/regex/Pattern$Node;' in 'java/util/regex/Pattern')}
  0x00007f3f3d5e5144: 48ba 085b | 27db 3e7f | 0000 4883 | 8230 0d00 

  0x00007f3f3d5e5154: ;   {metadata(method data for {method} {0x00007f3edf423530} 'append' '(Ljava/lang/String;)Ljava/lang/StringBuilder;' in 'java/lang/StringBuilder')}
  0x00007f3f3d5e5154: 0001 48ba | 90e6 02db | 3e7f 0000 | 8bb2 f400 | 0000 83c6 | 0289 b2f4 | 0000 0081 | e6fe ff1f 
  0x00007f3f3d5e5174: 0083 fe00 | 0f84 fc0b | 0000 488b | 8424 c800 

  0x00007f3f3d5e5184: ;   {metadata(method data for {method} {0x00007f3edf423530} 'append' '(Ljava/lang/String;)Ljava/lang/StringBuilder;' in 'java/lang/StringBuilder')}
  0x00007f3f3d5e5184: 0000 48ba | 90e6 02db | 3e7f 0000 | 4883 8238 | 0100 0001 

  0x00007f3f3d5e5198: ;   {oop("Dangling meta character '"{0x00000000fff49160})}
  0x00007f3f3d5e5198: 48ba 6091 | f4ff 0000 | 0000 488b | b424 c800 | 0000 0f1f 

  0x00007f3f3d5e51ac: ;   {optimized virtual_call}
  0x00007f3f3d5e51ac: 4400 00e8 

  0x00007f3f3d5e51b0: ; ImmutableOopMap {[104]=Oop [200]=Oop }
                      ;*invokespecial append {reexecute=0 rethrow=0 return_oop=0}
                      ; - java.lang.StringBuilder::append@2 (line 179)
                      ; - java.util.regex.Pattern::sequence@555 (line 2203)
  0x00007f3f3d5e51b0: cc34 3a07 | 488b 8424 | c800 0000 

  0x00007f3f3d5e51bc: ;   {metadata(method data for {method} {0x00007f3edf0e6180} 'sequence' '(Ljava/util/regex/Pattern$Node;)Ljava/util/regex/Pattern$Node;' in 'java/util/regex/Pattern')}
  0x00007f3f3d5e51bc: 48ba 085b | 27db 3e7f | 0000 4883 | 8268 0d00 | 0001 8b84 | 24a4 0000 | 0081 e0ff 

  0x00007f3f3d5e51d8: ;   {metadata(method data for {method} {0x00007f3edf423690} 'append' '(C)Ljava/lang/StringBuilder;' in 'java/lang/StringBuilder')}
  0x00007f3f3d5e51d8: ff00 0048 | bac8 2406 | db3e 7f00 | 008b b2f4 | 0000 0083 | c602 89b2 | f400 0000 | 81e6 feff 
  0x00007f3f3d5e51f8: 1f00 83fe | 000f 8498 | 0b00 0048 | 8b94 24c8 

  0x00007f3f3d5e5208: ;   {metadata(method data for {method} {0x00007f3edf423690} 'append' '(C)Ljava/lang/StringBuilder;' in 'java/lang/StringBuilder')}
  0x00007f3f3d5e5208: 0000 0048 | bec8 2406 | db3e 7f00 | 0048 8386 | 3801 0000 | 0148 8bd0 | 488b b424 | c800 0000 
  0x00007f3f3d5e5228: 0f1f 8000 

  0x00007f3f3d5e522c: ;   {optimized virtual_call}
  0x00007f3f3d5e522c: 0000 00e8 

  0x00007f3f3d5e5230: ; ImmutableOopMap {[104]=Oop [200]=Oop }
                      ;*invokespecial append {reexecute=0 rethrow=0 return_oop=0}
                      ; - java.lang.StringBuilder::append@2 (line 246)
                      ; - java.util.regex.Pattern::sequence@561 (line 2203)
  0x00007f3f3d5e5230: 4c34 3a07 | 488b 8424 | c800 0000 

  0x00007f3f3d5e523c: ;   {metadata(method data for {method} {0x00007f3edf0e6180} 'sequence' '(Ljava/util/regex/Pattern$Node;)Ljava/util/regex/Pattern$Node;' in 'java/util/regex/Pattern')}
  0x00007f3f3d5e523c: 48ba 085b | 27db 3e7f | 0000 4883 | 82a0 0d00 

  0x00007f3f3d5e524c: ;   {metadata(method data for {method} {0x00007f3edf423530} 'append' '(Ljava/lang/String;)Ljava/lang/StringBuilder;' in 'java/lang/StringBuilder')}
  0x00007f3f3d5e524c: 0001 48ba | 90e6 02db | 3e7f 0000 | 8bb2 f400 | 0000 83c6 | 0289 b2f4 | 0000 0081 | e6fe ff1f 
  0x00007f3f3d5e526c: 0083 fe00 | 0f84 460b | 0000 488b | 8424 c800 

  0x00007f3f3d5e527c: ;   {metadata(method data for {method} {0x00007f3edf423530} 'append' '(Ljava/lang/String;)Ljava/lang/StringBuilder;' in 'java/lang/StringBuilder')}
  0x00007f3f3d5e527c: 0000 48ba | 90e6 02db | 3e7f 0000 | 4883 8238 | 0100 0001 

  0x00007f3f3d5e5290: ;   {oop("'"{0x00000000fff00610})}
  0x00007f3f3d5e5290: 48ba 1006 | f0ff 0000 | 0000 488b | b424 c800 | 0000 0f1f 

  0x00007f3f3d5e52a4: ;   {optimized virtual_call}
  0x00007f3f3d5e52a4: 4400 00e8 

  0x00007f3f3d5e52a8: ; ImmutableOopMap {[104]=Oop [200]=Oop }
                      ;*invokespecial append {reexecute=0 rethrow=0 return_oop=0}
                      ; - java.lang.StringBuilder::append@2 (line 179)
                      ; - java.util.regex.Pattern::sequence@567 (line 2203)
  0x00007f3f3d5e52a8: d433 3a07 | 488b 8424 | c800 0000 

  0x00007f3f3d5e52b4: ;   {metadata(method data for {method} {0x00007f3edf0e6180} 'sequence' '(Ljava/util/regex/Pattern$Node;)Ljava/util/regex/Pattern$Node;' in 'java/util/regex/Pattern')}
  0x00007f3f3d5e52b4: 48be 085b | 27db 3e7f | 0000 4883 | 86d8 0d00 

  0x00007f3f3d5e52c4: ;   {metadata(method data for {method} {0x00007f3edf422e50} 'toString' '()Ljava/lang/String;' in 'java/lang/StringBuilder')}
  0x00007f3f3d5e52c4: 0001 48be | 88ea 02db | 3e7f 0000 | 8b96 f400 | 0000 83c2 | 0289 96f4 | 0000 0081 | e2fe ff1f 
  0x00007f3f3d5e52e4: 0083 fa00 | 0f84 ef0a | 0000 488b | 8424 c800 

  0x00007f3f3d5e52f4: ;   {metadata(method data for {method} {0x00007f3edf422e50} 'toString' '()Ljava/lang/String;' in 'java/lang/StringBuilder')}
  0x00007f3f3d5e52f4: 0000 48be | 88ea 02db | 3e7f 0000 | 4883 8638 | 0100 0001 

  0x00007f3f3d5e5308: ;   {metadata(method data for {method} {0x00007f3edf05f518} 'isLatin1' '()Z' in 'java/lang/AbstractStringBuilder')}
  0x00007f3f3d5e5308: 48be 90ec | 02db 3e7f | 0000 8b96 | f400 0000 | 83c2 0289 | 96f4 0000 | 0081 e2fe | ff1f 0083 
  0x00007f3f3d5e5328: fa00 0f84 | ce0a 0000 

  0x00007f3f3d5e5330: ;   {metadata(method data for {method} {0x00007f3edf05f518} 'isLatin1' '()Z' in 'java/lang/AbstractStringBuilder')}
  0x00007f3f3d5e5330: 48be 90ec | 02db 3e7f | 0000 ff86 | 4801 0000 | 488b 8424 | c800 0000 | 0fbe 7010 

  0x00007f3f3d5e534c: ;   {metadata(method data for {method} {0x00007f3edf05f518} 'isLatin1' '()Z' in 'java/lang/AbstractStringBuilder')}
  0x00007f3f3d5e534c: 83fe 0048 | be90 ec02 | db3e 7f00 | 0048 c7c2 | 5801 0000 | 0f85 0700 | 0000 48c7 | c268 0100 
  0x00007f3f3d5e536c: 0048 8b0c | 1648 8d49 | 0148 890c | 160f 851a 

  0x00007f3f3d5e537c: ;   {metadata(method data for {method} {0x00007f3edf05f518} 'isLatin1' '()Z' in 'java/lang/AbstractStringBuilder')}
  0x00007f3f3d5e537c: 0000 0048 | be90 ec02 | db3e 7f00 | 00ff 8678 | 0100 00be | 0100 0000 | e905 0000 | 00be 0000 
  0x00007f3f3d5e539c: 0000 83e6 | 0183 fe00 

  0x00007f3f3d5e53a4: ;   {metadata(method data for {method} {0x00007f3edf422e50} 'toString' '()Ljava/lang/String;' in 'java/lang/StringBuilder')}
  0x00007f3f3d5e53a4: 48be 88ea | 02db 3e7f | 0000 48c7 | c270 0100 | 000f 8407 | 0000 0048 | c7c2 8001 | 0000 488b 
  0x00007f3f3d5e53c4: 0c16 488d | 4901 4889 | 0c16 0f84 | 3d00 0000 | 8b70 148b 

  0x00007f3f3d5e53d8: ;   {metadata(method data for {method} {0x00007f3edf422e50} 'toString' '()Ljava/lang/String;' in 'java/lang/StringBuilder')}
  0x00007f3f3d5e53d8: 480c 48ba | 88ea 02db | 3e7f 0000 | 4883 8290 | 0100 0001 | ba00 0000 | 0066 0f1f 

  0x00007f3f3d5e53f4: ;   {static_call}
  0x00007f3f3d5e53f4: 4400 00e8 

  0x00007f3f3d5e53f8: ; ImmutableOopMap {[104]=Oop }
                      ;*invokestatic newString {reexecute=0 rethrow=0 return_oop=0}
                      ; - java.lang.StringBuilder::toString@16 (line 453)
                      ; - java.util.regex.Pattern::sequence@570 (line 2203)
  0x00007f3f3d5e53f8: 843c 3a07 

  0x00007f3f3d5e53fc: ;   {metadata(method data for {method} {0x00007f3edf422e50} 'toString' '()Ljava/lang/String;' in 'java/lang/StringBuilder')}
  0x00007f3f3d5e53fc: 48be 88ea | 02db 3e7f | 0000 ff86 | a001 0000 | e921 0100 | 008b 7014 

  0x00007f3f3d5e5414: ;   {metadata(method data for {method} {0x00007f3edf422e50} 'toString' '()Ljava/lang/String;' in 'java/lang/StringBuilder')}
  0x00007f3f3d5e5414: 8b48 0c48 | ba88 ea02 | db3e 7f00 | 0048 8382 | b801 0000 | 01ba 0000 

  0x00007f3f3d5e542c: ;   {static_call}
  0x00007f3f3d5e542c: 0000 90e8 

  0x00007f3f3d5e5430: ; ImmutableOopMap {[104]=Oop }
                      ;*invokestatic newString {reexecute=0 rethrow=0 return_oop=0}
                      ; - java.lang.StringBuilder::toString@31 (line 454)
                      ; - java.util.regex.Pattern::sequence@570 (line 2203)
  0x00007f3f3d5e5430: 4c3c 3a07 | e9f9 0000 

  0x00007f3f3d5e5438: ;   {metadata(method data for {method} {0x00007f3edf0e6180} 'sequence' '(Ljava/util/regex/Pattern$Node;)Ljava/util/regex/Pattern$Node;' in 'java/util/regex/Pattern')}
  0x00007f3f3d5e5438: 0048 b808 | 5b27 db3e | 7f00 00ff | 8080 0c00 | 00e9 1a00 | 0000 488b | 7c24 7848 | 8b5c 2470 
  0x00007f3f3d5e5458: ;   {metadata(method data for {method} {0x00007f3edf0e6180} 'sequence' '(Ljava/util/regex/Pattern$Node;)Ljava/util/regex/Pattern$Node;' in 'java/util/regex/Pattern')}
  0x00007f3f3d5e5458: 48b8 085b | 27db 3e7f | 0000 ff80 | 680e 0000 | 4883 fb00 

  0x00007f3f3d5e546c: ;   {metadata(method data for {method} {0x00007f3edf0e6180} 'sequence' '(Ljava/util/regex/Pattern$Node;)Ljava/util/regex/Pattern$Node;' in 'java/util/regex/Pattern')}
  0x00007f3f3d5e546c: 48b8 085b | 27db 3e7f | 0000 48c7 | c240 0f00 | 000f 8507 | 0000 0048 | c7c2 500f | 0000 488b 
  0x00007f3f3d5e548c: 3410 488d | 7601 4889 | 3410 0f85 | 1e00 0000 | 488b 8424 | 8000 0000 | 4881 c4e0 | 0000 005d 
  0x00007f3f3d5e54ac: ;   {poll_return}
  0x00007f3f3d5e54ac: 493b a740 | 0300 000f | 8766 0900 | 00c3 488b | 9424 8000 | 0000 488b | 7424 6841 | 0fbe 4738 
  0x00007f3f3d5e54cc: 83f8 000f | 8560 0900 | 004c 8bd2 

  0x00007f3f3d5e54d8: ; implicit exception: dispatches to 0x00007f3f3d5e5e50
  0x00007f3f3d5e54d8: 4489 570c | 488b c748 | 33c2 48c1 | e814 4883 | f800 0f85 | 6509 0000 | 410f be47 | 3883 f800 
  0x00007f3f3d5e54f8: 0f85 6f09 | 0000 4c8b | d744 8956 | 3448 8bc6 | 4833 c748 | c1e8 1448 | 83f8 000f | 856f 0900 
  0x00007f3f3d5e5518: 0048 8bc3 | 4881 c4e0 | 0000 005d 

  0x00007f3f3d5e5524: ;   {poll_return}
  0x00007f3f3d5e5524: 493b a740 | 0300 000f | 876f 0900 | 00c3 488b | 7424 6848 

  0x00007f3f3d5e5538: ;   {metadata(method data for {method} {0x00007f3edf0e6180} 'sequence' '(Ljava/util/regex/Pattern$Node;)Ljava/util/regex/Pattern$Node;' in 'java/util/regex/Pattern')}
  0x00007f3f3d5e5538: 8bd6 48bf | 085b 27db | 3e7f 0000 | 4883 8710 | 0e00 0001 

  0x00007f3f3d5e554c: ;   {optimized virtual_call}
  0x00007f3f3d5e554c: 488b d0e8 

  0x00007f3f3d5e5550: ; ImmutableOopMap {}
                      ;*invokevirtual error {reexecute=0 rethrow=0 return_oop=0}
                      ; - java.util.regex.Pattern::sequence@573 (line 2203)
  0x00007f3f3d5e5550: 2c31 3a07 

  0x00007f3f3d5e5554: ; implicit exception: dispatches to 0x00007f3f3d5e5eb6
  0x00007f3f3d5e5554: 483b 00e9 | 8d09 0000 

  0x00007f3f3d5e555c: ;   {metadata({method} {0x00007f3edf0e6180} 'sequence' '(Ljava/util/regex/Pattern$Node;)Ljava/util/regex/Pattern$Node;' in 'java/util/regex/Pattern')}
  0x00007f3f3d5e555c: 49ba 8061 | 0edf 3e7f | 0000 4c89 | 5424 0848 | c704 24ff 

  0x00007f3f3d5e5570: ;   {runtime_call counter_overflow Runtime1 stub}
  0x00007f3f3d5e5570: ffff ffe8 

  0x00007f3f3d5e5574: ; ImmutableOopMap {rsi=Oop [104]=Oop rdx=Oop [128]=Oop }
                      ;*synchronization entry
                      ; - java.util.regex.Pattern::sequence@-1 (line 2114)
  0x00007f3f3d5e5574: 88c3 4407 | e907 dcff 

  0x00007f3f3d5e557c: ;   {metadata({method} {0x00007f3edf0e5fc8} 'peek' '()I' in 'java/util/regex/Pattern')}
  0x00007f3f3d5e557c: ff49 bac8 | 5f0e df3e | 7f00 004c | 8954 2408 | 48c7 0424 | ffff ffff 

  0x00007f3f3d5e5594: ;   {runtime_call counter_overflow Runtime1 stub}
  0x00007f3f3d5e5594: e867 c344 

  0x00007f3f3d5e5598: ; ImmutableOopMap {rsi=Oop [104]=Oop [112]=Oop [120]=Oop [128]=Oop }
                      ;*synchronization entry
                      ; - java.util.regex.Pattern::peek@-1 (line 1893)
                      ; - java.util.regex.Pattern::sequence@5 (line 2119)
  0x00007f3f3d5e5598: 07e9 47dc 

  0x00007f3f3d5e559c: ;   {runtime_call throw_null_pointer_exception Runtime1 stub}
  0x00007f3f3d5e559c: ffff e8fd 

  0x00007f3f3d5e55a0: ; ImmutableOopMap {rsi=Oop [104]=Oop [112]=Oop [120]=Oop [128]=Oop rax=Oop }
                      ;*iaload {reexecute=0 rethrow=0 return_oop=0}
                      ; - java.util.regex.Pattern::peek@8 (line 1893)
                      ; - java.util.regex.Pattern::sequence@5 (line 2119)
                      ;   {runtime_call throw_null_pointer_exception Runtime1 stub}
  0x00007f3f3d5e55a0: 5544 07e8 

  0x00007f3f3d5e55a4: ; ImmutableOopMap {rsi=Oop [104]=Oop [112]=Oop [120]=Oop [128]=Oop rax=Oop }
                      ;*iaload {reexecute=0 rethrow=0 return_oop=0}
                      ; - java.util.regex.Pattern::peek@8 (line 1893)
                      ; - java.util.regex.Pattern::sequence@5 (line 2119)
  0x00007f3f3d5e55a4: f855 4407 | 4889 0c24 | 4889 4424 

  0x00007f3f3d5e55b0: ;   {runtime_call throw_range_check_failed Runtime1 stub}
  0x00007f3f3d5e55b0: 08e8 ea4c 

  0x00007f3f3d5e55b4: ; ImmutableOopMap {rsi=Oop [104]=Oop [112]=Oop [120]=Oop [128]=Oop rax=Oop }
                      ;*iaload {reexecute=0 rethrow=0 return_oop=0}
                      ; - java.util.regex.Pattern::peek@8 (line 1893)
                      ; - java.util.regex.Pattern::sequence@5 (line 2119)
                      ;   {metadata({method} {0x00007f3edf0e67b0} 'has' '(I)Z' in 'java/util/regex/Pattern')}
  0x00007f3f3d5e55b4: 4407 49ba | b067 0edf | 3e7f 0000 | 4c89 5424 | 0848 c704 | 24ff ffff 

  0x00007f3f3d5e55cc: ;   {runtime_call counter_overflow Runtime1 stub}
  0x00007f3f3d5e55cc: ffe8 2ec3 

  0x00007f3f3d5e55d0: ; ImmutableOopMap {rsi=Oop [104]=Oop [112]=Oop [120]=Oop [128]=Oop }
                      ;*synchronization entry
                      ; - java.util.regex.Pattern::has@-1 (line 1867)
                      ; - java.util.regex.Pattern::peek@12 (line 1894)
                      ; - java.util.regex.Pattern::sequence@5 (line 2119)
  0x00007f3f3d5e55d0: 4407 e966 

  0x00007f3f3d5e55d4: ;   {metadata({method} {0x00007f3edf0e67b0} 'has' '(I)Z' in 'java/util/regex/Pattern')}
  0x00007f3f3d5e55d4: dcff ff49 | bab0 670e | df3e 7f00 | 004c 8954 | 2408 48c7 | 0424 ffff 

  0x00007f3f3d5e55ec: ;   {runtime_call counter_overflow Runtime1 stub}
  0x00007f3f3d5e55ec: ffff e80d 

  0x00007f3f3d5e55f0: ; ImmutableOopMap {[128]=Oop [120]=Oop [112]=Oop [104]=Oop }
                      ;*synchronization entry
                      ; - java.util.regex.Pattern::has@-1 (line 1867)
                      ; - java.util.regex.Pattern::sequence@361 (line 2164)
  0x00007f3f3d5e55f0: c344 07e9 | 3bdf ffff 

  0x00007f3f3d5e55f8: ;   {metadata({method} {0x00007f3edf0e67b0} 'has' '(I)Z' in 'java/util/regex/Pattern')}
  0x00007f3f3d5e55f8: 49ba b067 | 0edf 3e7f | 0000 4c89 | 5424 0848 | c704 24ff 

  0x00007f3f3d5e560c: ;   {runtime_call counter_overflow Runtime1 stub}
  0x00007f3f3d5e560c: ffff ffe8 

  0x00007f3f3d5e5610: ; ImmutableOopMap {[128]=Oop [120]=Oop [112]=Oop rsi=Oop [104]=Oop }
                      ;*synchronization entry
                      ; - java.util.regex.Pattern::has@-1 (line 1867)
                      ; - java.util.regex.Pattern::sequence@369 (line 2165)
  0x00007f3f3d5e5610: ecc2 4407 | e9ed dfff 

  0x00007f3f3d5e5618: ;   {metadata(NULL)}
  0x00007f3f3d5e5618: ff48 ba00 | 0000 0000 | 0000 00b8 | 000f 050a 

  0x00007f3f3d5e5628: ;   {runtime_call load_klass_patching Runtime1 stub}
  0x00007f3f3d5e5628: e853 a944 

  0x00007f3f3d5e562c: ; ImmutableOopMap {[128]=Oop [120]=Oop [112]=Oop [104]=Oop }
                      ;*new {reexecute=1 rethrow=0 return_oop=0}
                      ; - (reexecute) java.util.regex.Pattern::sequence@375 (line 2166)
  0x00007f3f3d5e562c: 07e9 66e0 | ffff 488b 

  0x00007f3f3d5e5634: ;   {runtime_call new_instance Runtime1 stub}
  0x00007f3f3d5e5634: d2e8 c65b 

  0x00007f3f3d5e5638: ; ImmutableOopMap {[128]=Oop [120]=Oop [112]=Oop [104]=Oop }
                      ;*new {reexecute=0 rethrow=0 return_oop=0}
                      ; - java.util.regex.Pattern::sequence@375 (line 2166)
  0x00007f3f3d5e5638: 4407 e968 

  0x00007f3f3d5e563c: ;   {metadata(NULL)}
  0x00007f3f3d5e563c: e0ff ff48 | ba00 0000 | 0000 0000 | 00b8 000f 

  0x00007f3f3d5e564c: ;   {runtime_call load_klass_patching Runtime1 stub}
  0x00007f3f3d5e564c: 050a e82d 

  0x00007f3f3d5e5650: ; ImmutableOopMap {[128]=Oop [120]=Oop [112]=Oop [104]=Oop }
                      ;*new {reexecute=1 rethrow=0 return_oop=0}
                      ; - (reexecute) java.util.regex.Pattern::sequence@387 (line 2168)
  0x00007f3f3d5e5650: a944 07e9 | 98e0 ffff 

  0x00007f3f3d5e5658: ;   {runtime_call new_instance Runtime1 stub}
  0x00007f3f3d5e5658: 488b d2e8 

  0x00007f3f3d5e565c: ; ImmutableOopMap {[128]=Oop [120]=Oop [112]=Oop [104]=Oop }
                      ;*new {reexecute=0 rethrow=0 return_oop=0}
                      ; - java.util.regex.Pattern::sequence@387 (line 2168)
  0x00007f3f3d5e565c: a05b 4407 | e99a e0ff 

  0x00007f3f3d5e5664: ;   {runtime_call throw_null_pointer_exception Runtime1 stub}
  0x00007f3f3d5e5664: ffe8 3655 

  0x00007f3f3d5e5668: ; ImmutableOopMap {[128]=Oop [120]=Oop [112]=Oop [104]=Oop }
                      ;*new {reexecute=0 rethrow=0 return_oop=0}
                      ; - java.util.regex.Pattern::sequence@399 (line 2170)
  0x00007f3f3d5e5668: 4407 488b 

  0x00007f3f3d5e566c: ;   {runtime_call fast_new_instance_init_check Runtime1 stub}
  0x00007f3f3d5e566c: d2e8 8e68 

  0x00007f3f3d5e5670: ; ImmutableOopMap {[128]=Oop [120]=Oop [112]=Oop [104]=Oop }
                      ;*new {reexecute=0 rethrow=0 return_oop=0}
                      ; - java.util.regex.Pattern::sequence@399 (line 2170)
  0x00007f3f3d5e5670: 4407 e923 

  0x00007f3f3d5e5674: ;   {metadata({method} {0x00007f3edf0e6288} 'unread' '()V' in 'java/util/regex/Pattern')}
  0x00007f3f3d5e5674: e1ff ff49 | ba88 620e | df3e 7f00 | 004c 8954 | 2408 48c7 | 0424 ffff 

  0x00007f3f3d5e568c: ;   {runtime_call counter_overflow Runtime1 stub}
  0x00007f3f3d5e568c: ffff e86d 

  0x00007f3f3d5e5690: ; ImmutableOopMap {[128]=Oop [120]=Oop [112]=Oop rsi=Oop [104]=Oop }
                      ;*synchronization entry
                      ; - java.util.regex.Pattern::unread@-1 (line 2020)
                      ; - java.util.regex.Pattern::sequence@275 (line 2148)
  0x00007f3f3d5e5690: c244 07e9 | c1e2 ffff 

  0x00007f3f3d5e5698: ;   {metadata({method} {0x00007f3edf0e67b0} 'has' '(I)Z' in 'java/util/regex/Pattern')}
  0x00007f3f3d5e5698: 49ba b067 | 0edf 3e7f | 0000 4c89 | 5424 0848 | c704 24ff 

  0x00007f3f3d5e56ac: ;   {runtime_call counter_overflow Runtime1 stub}
  0x00007f3f3d5e56ac: ffff ffe8 

  0x00007f3f3d5e56b0: ; ImmutableOopMap {[128]=Oop [120]=Oop [112]=Oop rsi=Oop [104]=Oop }
                      ;*synchronization entry
                      ; - java.util.regex.Pattern::has@-1 (line 1867)
                      ; - java.util.regex.Pattern::sequence@288 (line 2153)
  0x00007f3f3d5e56b0: 4cc2 4407 | e904 e3ff 

  0x00007f3f3d5e56b8: ;   {metadata({method} {0x00007f3edf0e67b0} 'has' '(I)Z' in 'java/util/regex/Pattern')}
  0x00007f3f3d5e56b8: ff49 bab0 | 670e df3e | 7f00 004c | 8954 2408 | 48c7 0424 | ffff ffff 

  0x00007f3f3d5e56d0: ;   {runtime_call counter_overflow Runtime1 stub}
  0x00007f3f3d5e56d0: e82b c244 

  0x00007f3f3d5e56d4: ; ImmutableOopMap {[128]=Oop [120]=Oop [112]=Oop rsi=Oop [104]=Oop }
                      ;*synchronization entry
                      ; - java.util.regex.Pattern::has@-1 (line 1867)
                      ; - java.util.regex.Pattern::sequence@297 (line 2153)
  0x00007f3f3d5e56d4: 07e9 b4e3 

  0x00007f3f3d5e56d8: ;   {metadata(NULL)}
  0x00007f3f3d5e56d8: ffff 48ba | 0000 0000 | 0000 0000 | b800 0f05 

  0x00007f3f3d5e56e8: ;   {runtime_call load_klass_patching Runtime1 stub}
  0x00007f3f3d5e56e8: 0ae8 92a8 

  0x00007f3f3d5e56ec: ; ImmutableOopMap {[128]=Oop [120]=Oop [112]=Oop [104]=Oop }
                      ;*new {reexecute=1 rethrow=0 return_oop=0}
                      ; - (reexecute) java.util.regex.Pattern::sequence@303 (line 2154)
  0x00007f3f3d5e56ec: 4407 e985 | e4ff ff48 

  0x00007f3f3d5e56f4: ;   {runtime_call new_instance Runtime1 stub}
  0x00007f3f3d5e56f4: 8bd2 e805 

  0x00007f3f3d5e56f8: ; ImmutableOopMap {[128]=Oop [120]=Oop [112]=Oop [104]=Oop }
                      ;*new {reexecute=0 rethrow=0 return_oop=0}
                      ; - java.util.regex.Pattern::sequence@303 (line 2154)
  0x00007f3f3d5e56f8: 5b44 07e9 | 87e4 ffff 

  0x00007f3f3d5e5700: ;   {metadata({method} {0x00007f3edf0e6288} 'unread' '()V' in 'java/util/regex/Pattern')}
  0x00007f3f3d5e5700: 49ba 8862 | 0edf 3e7f | 0000 4c89 | 5424 0848 | c704 24ff 

  0x00007f3f3d5e5714: ;   {runtime_call counter_overflow Runtime1 stub}
  0x00007f3f3d5e5714: ffff ffe8 

  0x00007f3f3d5e5718: ; ImmutableOopMap {[128]=Oop [120]=Oop [112]=Oop rsi=Oop [104]=Oop }
                      ;*synchronization entry
                      ; - java.util.regex.Pattern::unread@-1 (line 2020)
                      ; - java.util.regex.Pattern::sequence@341 (line 2158)
  0x00007f3f3d5e5718: e4c1 4407 | e932 e5ff 

  0x00007f3f3d5e5720: ;   {metadata({method} {0x00007f3edf0e67b0} 'has' '(I)Z' in 'java/util/regex/Pattern')}
  0x00007f3f3d5e5720: ff49 bab0 | 670e df3e | 7f00 004c | 8954 2408 | 48c7 0424 | ffff ffff 

  0x00007f3f3d5e5738: ;   {runtime_call counter_overflow Runtime1 stub}
  0x00007f3f3d5e5738: e8c3 c144 

  0x00007f3f3d5e573c: ; ImmutableOopMap {[128]=Oop [120]=Oop [112]=Oop rsi=Oop [104]=Oop }
                      ;*synchronization entry
                      ; - java.util.regex.Pattern::has@-1 (line 1867)
                      ; - java.util.regex.Pattern::sequence@178 (line 2136)
  0x00007f3f3d5e573c: 07e9 91e5 

  0x00007f3f3d5e5740: ;   {metadata({method} {0x00007f3edf0e67b0} 'has' '(I)Z' in 'java/util/regex/Pattern')}
  0x00007f3f3d5e5740: ffff 49ba | b067 0edf | 3e7f 0000 | 4c89 5424 | 0848 c704 | 24ff ffff 

  0x00007f3f3d5e5758: ;   {runtime_call counter_overflow Runtime1 stub}
  0x00007f3f3d5e5758: ffe8 a2c1 

  0x00007f3f3d5e575c: ; ImmutableOopMap {[128]=Oop [120]=Oop [112]=Oop rsi=Oop [104]=Oop }
                      ;*synchronization entry
                      ; - java.util.regex.Pattern::has@-1 (line 1867)
                      ; - java.util.regex.Pattern::sequence@187 (line 2136)
  0x00007f3f3d5e575c: 4407 e941 

  0x00007f3f3d5e5760: ;   {metadata(NULL)}
  0x00007f3f3d5e5760: e6ff ff48 | ba00 0000 | 0000 0000 | 00b8 000f 

  0x00007f3f3d5e5770: ;   {runtime_call load_klass_patching Runtime1 stub}
  0x00007f3f3d5e5770: 050a e809 

  0x00007f3f3d5e5774: ; ImmutableOopMap {[128]=Oop [120]=Oop [112]=Oop [104]=Oop }
                      ;*new {reexecute=1 rethrow=0 return_oop=0}
                      ; - (reexecute) java.util.regex.Pattern::sequence@193 (line 2137)
  0x00007f3f3d5e5774: a844 07e9 | 1ce7 ffff 

  0x00007f3f3d5e577c: ;   {runtime_call new_instance Runtime1 stub}
  0x00007f3f3d5e577c: 488b d2e8 

  0x00007f3f3d5e5780: ; ImmutableOopMap {[128]=Oop [120]=Oop [112]=Oop [104]=Oop }
                      ;*new {reexecute=0 rethrow=0 return_oop=0}
                      ; - java.util.regex.Pattern::sequence@193 (line 2137)
  0x00007f3f3d5e5780: 7c5a 4407 | e91e e7ff 

  0x00007f3f3d5e5788: ;   {metadata({method} {0x00007f3edf0e67b0} 'has' '(I)Z' in 'java/util/regex/Pattern')}
  0x00007f3f3d5e5788: ff49 bab0 | 670e df3e | 7f00 004c | 8954 2408 | 48c7 0424 | ffff ffff 

  0x00007f3f3d5e57a0: ;   {runtime_call counter_overflow Runtime1 stub}
  0x00007f3f3d5e57a0: e85b c144 

  0x00007f3f3d5e57a4: ; ImmutableOopMap {[128]=Oop [120]=Oop [112]=Oop [104]=Oop }
                      ;*synchronization entry
                      ; - java.util.regex.Pattern::has@-1 (line 1867)
                      ; - java.util.regex.Pattern::sequence@468 (line 2182)
  0x00007f3f3d5e57a4: 07e9 e9e7 | ffff 488b 

  0x00007f3f3d5e57ac: ;   {runtime_call fast_new_instance Runtime1 stub}
  0x00007f3f3d5e57ac: d2e8 ce5d 

  0x00007f3f3d5e57b0: ; ImmutableOopMap {[128]=Oop [120]=Oop [112]=Oop r8=Oop [104]=Oop }
                      ;*new {reexecute=0 rethrow=0 return_oop=0}
                      ; - java.util.regex.Pattern::sequence@474 (line 2183)
  0x00007f3f3d5e57b0: 4407 e9c5 

  0x00007f3f3d5e57b4: ;   {metadata({method} {0x00007f3edf0e62e0} 'ALL' '()Ljava/util/regex/Pattern$CharPredicate;' in 'java/util/regex/Pattern')}
  0x00007f3f3d5e57b4: e8ff ff49 | bae0 620e | df3e 7f00 | 004c 8954 | 2408 48c7 | 0424 ffff 

  0x00007f3f3d5e57cc: ;   {runtime_call counter_overflow Runtime1 stub}
  0x00007f3f3d5e57cc: ffff e82d 

  0x00007f3f3d5e57d0: ; ImmutableOopMap {[128]=Oop [120]=Oop [112]=Oop r8=Oop [104]=Oop rax=Oop }
                      ;*synchronization entry
                      ; - java.util.regex.Pattern::ALL@-1 (line 5668)
                      ; - java.util.regex.Pattern::sequence@478 (line 2183)
  0x00007f3f3d5e57d0: c144 07e9 | dee8 ffff 

  0x00007f3f3d5e57d8: ;   {metadata({method} {0x00007f3edf0da100} 'linkToTargetMethod' '(Ljava/lang/Object;)Ljava/lang/Object;' in 'java/lang/invoke/Invokers$Holder')}
  0x00007f3f3d5e57d8: 49ba 00a1 | 0ddf 3e7f | 0000 4c89 | 5424 0848 | c704 24ff 

  0x00007f3f3d5e57ec: ;   {runtime_call counter_overflow Runtime1 stub}
  0x00007f3f3d5e57ec: ffff ffe8 

  0x00007f3f3d5e57f0: ; ImmutableOopMap {[128]=Oop [120]=Oop [112]=Oop r8=Oop [104]=Oop rax=Oop rsi=Oop }
                      ;*synchronization entry
                      ; - java.lang.invoke.Invokers$Holder::linkToTargetMethod@-1
                      ; - java.util.regex.Pattern::ALL@0 (line 5668)
                      ; - java.util.regex.Pattern::sequence@478 (line 2183)
  0x00007f3f3d5e57f0: 0cc1 4407 | e925 e9ff 

  0x00007f3f3d5e57f8: ;   {metadata({method} {0x00007f3edb40a268} 'invoke' '(Ljava/lang/Object;)Ljava/lang/Object;' in 'java/lang/invoke/LambdaForm$MH+0x00007f3ee0004000')}
  0x00007f3f3d5e57f8: ff49 ba68 | a240 db3e | 7f00 004c | 8954 2408 | 48c7 0424 | ffff ffff 

  0x00007f3f3d5e5810: ;   {runtime_call counter_overflow Runtime1 stub}
  0x00007f3f3d5e5810: e8eb c044 

  0x00007f3f3d5e5814: ; ImmutableOopMap {[128]=Oop [120]=Oop [112]=Oop r8=Oop [104]=Oop rax=Oop }
                      ;*synchronization entry
                      ; - java.lang.invoke.LambdaForm$MH/0x00007f3ee0004000::invoke@-1
                      ; - java.lang.invoke.Invokers$Holder::linkToTargetMethod@4
                      ; - java.util.regex.Pattern::ALL@0 (line 5668)
                      ; - java.util.regex.Pattern::sequence@478 (line 2183)
  0x00007f3f3d5e5814: 07e9 62e9 

  0x00007f3f3d5e5818: ;   {metadata({method} {0x00007f3edf2c6648} '<init>' '(Ljava/util/regex/Pattern$CharPredicate;)V' in 'java/util/regex/Pattern$CharProperty')}
  0x00007f3f3d5e5818: ffff 49ba | 4866 2cdf | 3e7f 0000 | 4c89 5424 | 0848 c704 | 24ff ffff 

  0x00007f3f3d5e5830: ;   {runtime_call counter_overflow Runtime1 stub}
  0x00007f3f3d5e5830: ffe8 cac0 

  0x00007f3f3d5e5834: ; ImmutableOopMap {[128]=Oop [120]=Oop [112]=Oop r8=Oop [104]=Oop rax=Oop }
                      ;*synchronization entry
                      ; - java.util.regex.Pattern$CharProperty::<init>@-1 (line 3922)
                      ; - java.util.regex.Pattern::sequence@481 (line 2183)
  0x00007f3f3d5e5834: 4407 e915 

  0x00007f3f3d5e5838: ;   {metadata({method} {0x00007f3edf2cc4d0} '<init>' '()V' in 'java/util/regex/Pattern$Node')}
  0x00007f3f3d5e5838: eaff ff49 | bad0 c42c | df3e 7f00 | 004c 8954 | 2408 48c7 | 0424 ffff 

  0x00007f3f3d5e5850: ;   {runtime_call counter_overflow Runtime1 stub}
  0x00007f3f3d5e5850: ffff e8a9 

  0x00007f3f3d5e5854: ; ImmutableOopMap {[128]=Oop [120]=Oop [112]=Oop r8=Oop [104]=Oop rax=Oop }
                      ;*synchronization entry
                      ; - java.util.regex.Pattern$Node::<init>@-1 (line 3547)
                      ; - java.util.regex.Pattern$CharProperty::<init>@1 (line 3922)
                      ; - java.util.regex.Pattern::sequence@481 (line 2183)
  0x00007f3f3d5e5854: c044 07e9 | 31ea ffff 

  0x00007f3f3d5e585c: ;   {metadata({method} {0x00007f3edf445468} '<init>' '()V' in 'java/lang/Object')}
  0x00007f3f3d5e585c: 49ba 6854 | 44df 3e7f | 0000 4c89 | 5424 0848 | c704 24ff 

  0x00007f3f3d5e5870: ;   {runtime_call counter_overflow Runtime1 stub}
  0x00007f3f3d5e5870: ffff ffe8 

  0x00007f3f3d5e5874: ; ImmutableOopMap {[128]=Oop [120]=Oop [112]=Oop r8=Oop [104]=Oop rax=Oop }
                      ;*synchronization entry
                      ; - java.lang.Object::<init>@-1 (line 44)
                      ; - java.util.regex.Pattern$Node::<init>@1 (line 3547)
                      ; - java.util.regex.Pattern$CharProperty::<init>@1 (line 3922)
                      ; - java.util.regex.Pattern::sequence@481 (line 2183)
  0x00007f3f3d5e5874: 88c0 4407 | e94d eaff | ff8b 500c | 4883 fa00 | 0f84 4eea | ffff 4889 

  0x00007f3f3d5e588c: ;   {runtime_call g1_pre_barrier_slow}
  0x00007f3f3d5e588c: 1424 e86d | c744 07e9 | 40ea ffff | 4883 fa00 | 0f84 62ea | ffff 4889 

  0x00007f3f3d5e58a4: ;   {runtime_call g1_post_barrier_slow}
  0x00007f3f3d5e58a4: 0424 e8d5 | ca44 07e9 | 54ea ffff | 8b50 1048 | 83fa 000f | 8455 eaff | ff48 8914 

  0x00007f3f3d5e58c0: ;   {runtime_call g1_pre_barrier_slow}
  0x00007f3f3d5e58c0: 24e8 3ac7 | 4407 e947 | eaff ff48 | 83fa 000f | 8469 eaff | ff48 8904 

  0x00007f3f3d5e58d8: ;   {runtime_call g1_post_barrier_slow}
  0x00007f3f3d5e58d8: 24e8 a2ca | 4407 e95b 

  0x00007f3f3d5e58e0: ;   {metadata({method} {0x00007f3edf0e67b0} 'has' '(I)Z' in 'java/util/regex/Pattern')}
  0x00007f3f3d5e58e0: eaff ff49 | bab0 670e | df3e 7f00 | 004c 8954 | 2408 48c7 | 0424 ffff 

  0x00007f3f3d5e58f8: ;   {runtime_call counter_overflow Runtime1 stub}
  0x00007f3f3d5e58f8: ffff e801 

  0x00007f3f3d5e58fc: ; ImmutableOopMap {[128]=Oop [120]=Oop [112]=Oop r8=Oop [104]=Oop }
                      ;*synchronization entry
                      ; - java.util.regex.Pattern::has@-1 (line 1867)
                      ; - java.util.regex.Pattern::sequence@491 (line 2185)
  0x00007f3f3d5e58fc: c044 07e9 | 8fea ffff 

  0x00007f3f3d5e5904: ;   {runtime_call fast_new_instance Runtime1 stub}
  0x00007f3f3d5e5904: 488b d2e8 

  0x00007f3f3d5e5908: ; ImmutableOopMap {[128]=Oop [120]=Oop [112]=Oop [104]=Oop }
                      ;*new {reexecute=0 rethrow=0 return_oop=0}
                      ; - java.util.regex.Pattern::sequence@497 (line 2186)
  0x00007f3f3d5e5908: 745c 4407 | e95d ebff 

  0x00007f3f3d5e5910: ;   {metadata({method} {0x00007f3edf0e6c28} 'UNIXDOT' '()Ljava/util/regex/Pattern$CharPredicate;' in 'java/util/regex/Pattern')}
  0x00007f3f3d5e5910: ff49 ba28 | 6c0e df3e | 7f00 004c | 8954 2408 | 48c7 0424 | ffff ffff 

  0x00007f3f3d5e5928: ;   {runtime_call counter_overflow Runtime1 stub}
  0x00007f3f3d5e5928: e8d3 bf44 

  0x00007f3f3d5e592c: ; ImmutableOopMap {[128]=Oop [120]=Oop [112]=Oop [104]=Oop rax=Oop }
                      ;*synchronization entry
                      ; - java.util.regex.Pattern::UNIXDOT@-1 (line 5685)
                      ; - java.util.regex.Pattern::sequence@501 (line 2186)
  0x00007f3f3d5e592c: 07e9 76eb | ffff 48be | 0000 0000 | 0000 0000 | b800 0f05 

  0x00007f3f3d5e5940: ;   {runtime_call load_appendix_patching Runtime1 stub}
  0x00007f3f3d5e5940: 0ae8 3ab6 

  0x00007f3f3d5e5944: ; ImmutableOopMap {[128]=Oop [120]=Oop [112]=Oop [104]=Oop rax=Oop }
                      ;*invokedynamic {reexecute=1 rethrow=0 return_oop=0}
                      ; - (reexecute) java.util.regex.Pattern::UNIXDOT@0 (line 5685)
                      ; - java.util.regex.Pattern::sequence@501 (line 2186)
  0x00007f3f3d5e5944: 4407 e95d 

  0x00007f3f3d5e5948: ;   {metadata({method} {0x00007f3edf2c6648} '<init>' '(Ljava/util/regex/Pattern$CharPredicate;)V' in 'java/util/regex/Pattern$CharProperty')}
  0x00007f3f3d5e5948: ebff ff49 | ba48 662c | df3e 7f00 | 004c 8954 | 2408 48c7 | 0424 ffff 

  0x00007f3f3d5e5960: ;   {runtime_call counter_overflow Runtime1 stub}
  0x00007f3f3d5e5960: ffff e899 

  0x00007f3f3d5e5964: ; ImmutableOopMap {[128]=Oop [120]=Oop [112]=Oop [184]=Oop [104]=Oop rax=Oop }
                      ;*synchronization entry
                      ; - java.util.regex.Pattern$CharProperty::<init>@-1 (line 3922)
                      ; - java.util.regex.Pattern::sequence@504 (line 2186)
  0x00007f3f3d5e5964: bf44 07e9 | 09ec ffff 

  0x00007f3f3d5e596c: ;   {metadata({method} {0x00007f3edf2cc4d0} '<init>' '()V' in 'java/util/regex/Pattern$Node')}
  0x00007f3f3d5e596c: 49ba d0c4 | 2cdf 3e7f | 0000 4c89 | 5424 0848 | c704 24ff 

  0x00007f3f3d5e5980: ;   {runtime_call counter_overflow Runtime1 stub}
  0x00007f3f3d5e5980: ffff ffe8 

  0x00007f3f3d5e5984: ; ImmutableOopMap {[128]=Oop [120]=Oop [112]=Oop [184]=Oop [104]=Oop rax=Oop }
                      ;*synchronization entry
                      ; - java.util.regex.Pattern$Node::<init>@-1 (line 3547)
                      ; - java.util.regex.Pattern$CharProperty::<init>@1 (line 3922)
                      ; - java.util.regex.Pattern::sequence@504 (line 2186)
  0x00007f3f3d5e5984: 78bf 4407 | e92a ecff 

  0x00007f3f3d5e598c: ;   {metadata({method} {0x00007f3edf445468} '<init>' '()V' in 'java/lang/Object')}
  0x00007f3f3d5e598c: ff49 ba68 | 5444 df3e | 7f00 004c | 8954 2408 | 48c7 0424 | ffff ffff 

  0x00007f3f3d5e59a4: ;   {runtime_call counter_overflow Runtime1 stub}
  0x00007f3f3d5e59a4: e857 bf44 

  0x00007f3f3d5e59a8: ; ImmutableOopMap {[128]=Oop [120]=Oop [112]=Oop [184]=Oop [104]=Oop rax=Oop }
                      ;*synchronization entry
                      ; - java.lang.Object::<init>@-1 (line 44)
                      ; - java.util.regex.Pattern$Node::<init>@1 (line 3547)
                      ; - java.util.regex.Pattern$CharProperty::<init>@1 (line 3922)
                      ; - java.util.regex.Pattern::sequence@504 (line 2186)
  0x00007f3f3d5e59a8: 07e9 4bec | ffff 8b72 | 0c48 83fe | 000f 8454 | ecff ff48 

  0x00007f3f3d5e59bc: ;   {runtime_call g1_pre_barrier_slow}
  0x00007f3f3d5e59bc: 8934 24e8 | 3cc6 4407 | e946 ecff | ff48 83fe | 000f 8468 | ecff ff48 

  0x00007f3f3d5e59d4: ;   {runtime_call g1_post_barrier_slow}
  0x00007f3f3d5e59d4: 8914 24e8 | a4c9 4407 | e95a ecff | ff8b 7210 | 4883 fe00 | 0f84 5bec | ffff 4889 

  0x00007f3f3d5e59f0: ;   {runtime_call g1_pre_barrier_slow}
  0x00007f3f3d5e59f0: 3424 e809 | c644 07e9 | 4dec ffff | 4883 f800 | 0f84 5eec | ffff 4889 

  0x00007f3f3d5e5a08: ;   {runtime_call g1_post_barrier_slow}
  0x00007f3f3d5e5a08: 1424 e871 | c944 07e9 | 50ec ffff 

  0x00007f3f3d5e5a14: ;   {runtime_call fast_new_instance Runtime1 stub}
  0x00007f3f3d5e5a14: 488b d2e8 

  0x00007f3f3d5e5a18: ; ImmutableOopMap {[128]=Oop [120]=Oop [112]=Oop [104]=Oop }
                      ;*new {reexecute=0 rethrow=0 return_oop=0}
                      ; - java.util.regex.Pattern::sequence@512 (line 2188)
  0x00007f3f3d5e5a18: 645b 4407 | e9ab ecff 

  0x00007f3f3d5e5a20: ;   {metadata({method} {0x00007f3edf0e6c80} 'DOT' '()Ljava/util/regex/Pattern$CharPredicate;' in 'java/util/regex/Pattern')}
  0x00007f3f3d5e5a20: ff49 ba80 | 6c0e df3e | 7f00 004c | 8954 2408 | 48c7 0424 | ffff ffff 

  0x00007f3f3d5e5a38: ;   {runtime_call counter_overflow Runtime1 stub}
  0x00007f3f3d5e5a38: e8c3 be44 

  0x00007f3f3d5e5a3c: ; ImmutableOopMap {[128]=Oop [120]=Oop [112]=Oop [104]=Oop rax=Oop }
                      ;*synchronization entry
                      ; - java.util.regex.Pattern::DOT@-1 (line 5675)
                      ; - java.util.regex.Pattern::sequence@516 (line 2188)
  0x00007f3f3d5e5a3c: 07e9 c4ec 

  0x00007f3f3d5e5a40: ;   {metadata({method} {0x00007f3edf0da100} 'linkToTargetMethod' '(Ljava/lang/Object;)Ljava/lang/Object;' in 'java/lang/invoke/Invokers$Holder')}
  0x00007f3f3d5e5a40: ffff 49ba | 00a1 0ddf | 3e7f 0000 | 4c89 5424 | 0848 c704 | 24ff ffff 

  0x00007f3f3d5e5a58: ;   {runtime_call counter_overflow Runtime1 stub}
  0x00007f3f3d5e5a58: ffe8 a2be 

  0x00007f3f3d5e5a5c: ; ImmutableOopMap {[128]=Oop [120]=Oop [112]=Oop [104]=Oop rax=Oop rdi=Oop }
                      ;*synchronization entry
                      ; - java.lang.invoke.Invokers$Holder::linkToTargetMethod@-1
                      ; - java.util.regex.Pattern::DOT@0 (line 5675)
                      ; - java.util.regex.Pattern::sequence@516 (line 2188)
  0x00007f3f3d5e5a5c: 4407 e90b 

  0x00007f3f3d5e5a60: ;   {metadata({method} {0x00007f3edb40a268} 'invoke' '(Ljava/lang/Object;)Ljava/lang/Object;' in 'java/lang/invoke/LambdaForm$MH+0x00007f3ee0004000')}
  0x00007f3f3d5e5a60: edff ff49 | ba68 a240 | db3e 7f00 | 004c 8954 | 2408 48c7 | 0424 ffff 

  0x00007f3f3d5e5a78: ;   {runtime_call counter_overflow Runtime1 stub}
  0x00007f3f3d5e5a78: ffff e881 

  0x00007f3f3d5e5a7c: ; ImmutableOopMap {[128]=Oop [120]=Oop [112]=Oop [104]=Oop rax=Oop }
                      ;*synchronization entry
                      ; - java.lang.invoke.LambdaForm$MH/0x00007f3ee0004000::invoke@-1
                      ; - java.lang.invoke.Invokers$Holder::linkToTargetMethod@4
                      ; - java.util.regex.Pattern::DOT@0 (line 5675)
                      ; - java.util.regex.Pattern::sequence@516 (line 2188)
  0x00007f3f3d5e5a7c: be44 07e9 | 48ed ffff 

  0x00007f3f3d5e5a84: ;   {metadata({method} {0x00007f3edf2c6648} '<init>' '(Ljava/util/regex/Pattern$CharPredicate;)V' in 'java/util/regex/Pattern$CharProperty')}
  0x00007f3f3d5e5a84: 49ba 4866 | 2cdf 3e7f | 0000 4c89 | 5424 0848 | c704 24ff 

  0x00007f3f3d5e5a98: ;   {runtime_call counter_overflow Runtime1 stub}
  0x00007f3f3d5e5a98: ffff ffe8 

  0x00007f3f3d5e5a9c: ; ImmutableOopMap {[128]=Oop [120]=Oop [112]=Oop [104]=Oop rax=Oop }
                      ;*synchronization entry
                      ; - java.util.regex.Pattern$CharProperty::<init>@-1 (line 3922)
                      ; - java.util.regex.Pattern::sequence@519 (line 2188)
  0x00007f3f3d5e5a9c: 60be 4407 | e9b6 edff 

  0x00007f3f3d5e5aa4: ;   {metadata({method} {0x00007f3edf2cc4d0} '<init>' '()V' in 'java/util/regex/Pattern$Node')}
  0x00007f3f3d5e5aa4: ff49 bad0 | c42c df3e | 7f00 004c | 8954 2408 | 48c7 0424 | ffff ffff 

  0x00007f3f3d5e5abc: ;   {runtime_call counter_overflow Runtime1 stub}
  0x00007f3f3d5e5abc: e83f be44 

  0x00007f3f3d5e5ac0: ; ImmutableOopMap {[128]=Oop [120]=Oop [112]=Oop [104]=Oop rax=Oop }
                      ;*synchronization entry
                      ; - java.util.regex.Pattern$Node::<init>@-1 (line 3547)
                      ; - java.util.regex.Pattern$CharProperty::<init>@1 (line 3922)
                      ; - java.util.regex.Pattern::sequence@519 (line 2188)
  0x00007f3f3d5e5ac0: 07e9 d2ed 

  0x00007f3f3d5e5ac4: ;   {metadata({method} {0x00007f3edf445468} '<init>' '()V' in 'java/lang/Object')}
  0x00007f3f3d5e5ac4: ffff 49ba | 6854 44df | 3e7f 0000 | 4c89 5424 | 0848 c704 | 24ff ffff 

  0x00007f3f3d5e5adc: ;   {runtime_call counter_overflow Runtime1 stub}
  0x00007f3f3d5e5adc: ffe8 1ebe 

  0x00007f3f3d5e5ae0: ; ImmutableOopMap {[128]=Oop [120]=Oop [112]=Oop [104]=Oop rax=Oop }
                      ;*synchronization entry
                      ; - java.lang.Object::<init>@-1 (line 44)
                      ; - java.util.regex.Pattern$Node::<init>@1 (line 3547)
                      ; - java.util.regex.Pattern$CharProperty::<init>@1 (line 3922)
                      ; - java.util.regex.Pattern::sequence@519 (line 2188)
  0x00007f3f3d5e5ae0: 4407 e9ee | edff ff8b | 700c 4883 | fe00 0f84 | efed ffff | 4889 3424 

  0x00007f3f3d5e5af8: ;   {runtime_call g1_pre_barrier_slow}
  0x00007f3f3d5e5af8: e803 c544 | 07e9 e1ed | ffff 4883 | fe00 0f84 | 03ee ffff | 4889 0424 

  0x00007f3f3d5e5b10: ;   {runtime_call g1_post_barrier_slow}
  0x00007f3f3d5e5b10: e86b c844 | 07e9 f5ed | ffff 8b70 | 1048 83fe | 000f 84f6 | edff ff48 

  0x00007f3f3d5e5b28: ;   {runtime_call g1_pre_barrier_slow}
  0x00007f3f3d5e5b28: 8934 24e8 | d0c4 4407 | e9e8 edff | ff48 83fe | 000f 840a | eeff ff48 

  0x00007f3f3d5e5b40: ;   {runtime_call g1_post_barrier_slow}
  0x00007f3f3d5e5b40: 8904 24e8 | 38c8 4407 | e9fc edff | ff8b 770c | 4883 fe00 | 0f84 bfee | ffff 4889 

  0x00007f3f3d5e5b5c: ;   {runtime_call g1_pre_barrier_slow}
  0x00007f3f3d5e5b5c: 3424 e89d | c444 07e9 | b1ee ffff 

  0x00007f3f3d5e5b68: ;   {runtime_call throw_null_pointer_exception Runtime1 stub}
  0x00007f3f3d5e5b68: e833 5044 

  0x00007f3f3d5e5b6c: ; ImmutableOopMap {[128]=Oop [104]=Oop rdi=Oop rax=Oop rbx=Oop }
                      ;*putfield next {reexecute=1 rethrow=0 return_oop=0}
                      ; - (reexecute) java.util.regex.Pattern::sequence@163 (line 2131)
  0x00007f3f3d5e5b6c: 0748 83f8 | 000f 84bd | eeff ff48 

  0x00007f3f3d5e5b78: ;   {runtime_call g1_post_barrier_slow}
  0x00007f3f3d5e5b78: 893c 24e8 | 00c8 4407 | e9af eeff 

  0x00007f3f3d5e5b84: ;   {metadata({method} {0x00007f3edf0e67b0} 'has' '(I)Z' in 'java/util/regex/Pattern')}
  0x00007f3f3d5e5b84: ff49 bab0 | 670e df3e | 7f00 004c | 8954 2408 | 48c7 0424 | ffff ffff 

  0x00007f3f3d5e5b9c: ;   {runtime_call counter_overflow Runtime1 stub}
  0x00007f3f3d5e5b9c: e85f bd44 

  0x00007f3f3d5e5ba0: ; ImmutableOopMap {[128]=Oop [104]=Oop [120]=Oop [112]=Oop }
                      ;*synchronization entry
                      ; - java.util.regex.Pattern::has@-1 (line 1867)
                      ; - java.util.regex.Pattern::sequence@418 (line 2175)
  0x00007f3f3d5e5ba0: 07e9 fdee 

  0x00007f3f3d5e5ba4: ;   {metadata(NULL)}
  0x00007f3f3d5e5ba4: ffff 48ba | 0000 0000 | 0000 0000 | b800 0f05 

  0x00007f3f3d5e5bb4: ;   {runtime_call load_klass_patching Runtime1 stub}
  0x00007f3f3d5e5bb4: 0ae8 c6a3 

  0x00007f3f3d5e5bb8: ; ImmutableOopMap {[128]=Oop [120]=Oop [112]=Oop rsi=Oop [104]=Oop }
                      ;*new {reexecute=1 rethrow=0 return_oop=0}
                      ; - (reexecute) java.util.regex.Pattern::sequence@424 (line 2176)
  0x00007f3f3d5e5bb8: 4407 e981 | efff ff48 

  0x00007f3f3d5e5bc0: ;   {runtime_call new_instance Runtime1 stub}
  0x00007f3f3d5e5bc0: 8bd2 e839 

  0x00007f3f3d5e5bc4: ; ImmutableOopMap {[128]=Oop [120]=Oop [112]=Oop rsi=Oop [104]=Oop }
                      ;*new {reexecute=0 rethrow=0 return_oop=0}
                      ; - java.util.regex.Pattern::sequence@424 (line 2176)
  0x00007f3f3d5e5bc4: 5644 07e9 | 83ef ffff 

  0x00007f3f3d5e5bcc: ;   {metadata({method} {0x00007f3edf0e67b0} 'has' '(I)Z' in 'java/util/regex/Pattern')}
  0x00007f3f3d5e5bcc: 49ba b067 | 0edf 3e7f | 0000 4c89 | 5424 0848 | c704 24ff 

  0x00007f3f3d5e5be0: ;   {runtime_call counter_overflow Runtime1 stub}
  0x00007f3f3d5e5be0: ffff ffe8 

  0x00007f3f3d5e5be4: ; ImmutableOopMap {[128]=Oop [120]=Oop [112]=Oop rsi=Oop [104]=Oop rax=Oop }
                      ;*synchronization entry
                      ; - java.util.regex.Pattern::has@-1 (line 1867)
                      ; - java.util.regex.Pattern::sequence@431 (line 2176)
  0x00007f3f3d5e5be4: 18bd 4407 | e99f efff | ff48 8bd2 

  0x00007f3f3d5e5bf0: ;   {runtime_call fast_new_instance Runtime1 stub}
  0x00007f3f3d5e5bf0: e88b 5944 

  0x00007f3f3d5e5bf4: ; ImmutableOopMap {[128]=Oop [120]=Oop [112]=Oop [104]=Oop }
                      ;*new {reexecute=0 rethrow=0 return_oop=0}
                      ; - java.util.regex.Pattern::sequence@442 (line 2178)
  0x00007f3f3d5e5bf4: 07e9 7ff0 

  0x00007f3f3d5e5bf8: ;   {metadata({method} {0x00007f3edf0e67b0} 'has' '(I)Z' in 'java/util/regex/Pattern')}
  0x00007f3f3d5e5bf8: ffff 49ba | b067 0edf | 3e7f 0000 | 4c89 5424 | 0848 c704 | 24ff ffff 

  0x00007f3f3d5e5c10: ;   {runtime_call counter_overflow Runtime1 stub}
  0x00007f3f3d5e5c10: ffe8 eabc 

  0x00007f3f3d5e5c14: ; ImmutableOopMap {[128]=Oop [120]=Oop [112]=Oop [104]=Oop rax=Oop }
                      ;*synchronization entry
                      ; - java.util.regex.Pattern::has@-1 (line 1867)
                      ; - java.util.regex.Pattern::sequence@449 (line 2178)
  0x00007f3f3d5e5c14: 4407 e99d 

  0x00007f3f3d5e5c18: ;   {metadata({method} {0x00007f3edf2c7a88} '<init>' '(Z)V' in 'java/util/regex/Pattern$Dollar')}
  0x00007f3f3d5e5c18: f0ff ff49 | ba88 7a2c | df3e 7f00 | 004c 8954 | 2408 48c7 | 0424 ffff 

  0x00007f3f3d5e5c30: ;   {runtime_call counter_overflow Runtime1 stub}
  0x00007f3f3d5e5c30: ffff e8c9 

  0x00007f3f3d5e5c34: ; ImmutableOopMap {[128]=Oop [120]=Oop [112]=Oop [104]=Oop rax=Oop }
                      ;*synchronization entry
                      ; - java.util.regex.Pattern$Dollar::<init>@-1 (line 3784)
                      ; - java.util.regex.Pattern::sequence@452 (line 2178)
  0x00007f3f3d5e5c34: bc44 07e9 | 11f1 ffff 

  0x00007f3f3d5e5c3c: ;   {metadata({method} {0x00007f3edf2cc4d0} '<init>' '()V' in 'java/util/regex/Pattern$Node')}
  0x00007f3f3d5e5c3c: 49ba d0c4 | 2cdf 3e7f | 0000 4c89 | 5424 0848 | c704 24ff 

  0x00007f3f3d5e5c50: ;   {runtime_call counter_overflow Runtime1 stub}
  0x00007f3f3d5e5c50: ffff ffe8 

  0x00007f3f3d5e5c54: ; ImmutableOopMap {[128]=Oop [120]=Oop [112]=Oop [104]=Oop rax=Oop }
                      ;*synchronization entry
                      ; - java.util.regex.Pattern$Node::<init>@-1 (line 3547)
                      ; - java.util.regex.Pattern$Dollar::<init>@1 (line 3784)
                      ; - java.util.regex.Pattern::sequence@452 (line 2178)
  0x00007f3f3d5e5c54: a8bc 4407 | e92d f1ff 

  0x00007f3f3d5e5c5c: ;   {metadata({method} {0x00007f3edf445468} '<init>' '()V' in 'java/lang/Object')}
  0x00007f3f3d5e5c5c: ff49 ba68 | 5444 df3e | 7f00 004c | 8954 2408 | 48c7 0424 | ffff ffff 

  0x00007f3f3d5e5c74: ;   {runtime_call counter_overflow Runtime1 stub}
  0x00007f3f3d5e5c74: e887 bc44 

  0x00007f3f3d5e5c78: ; ImmutableOopMap {[128]=Oop [120]=Oop [112]=Oop [104]=Oop rax=Oop }
                      ;*synchronization entry
                      ; - java.lang.Object::<init>@-1 (line 44)
                      ; - java.util.regex.Pattern$Node::<init>@1 (line 3547)
                      ; - java.util.regex.Pattern$Dollar::<init>@1 (line 3784)
                      ; - java.util.regex.Pattern::sequence@452 (line 2178)
  0x00007f3f3d5e5c78: 07e9 49f1 | ffff 8b78 | 0c48 83ff | 000f 844a | f1ff ff48 

  0x00007f3f3d5e5c8c: ;   {runtime_call g1_pre_barrier_slow}
  0x00007f3f3d5e5c8c: 893c 24e8 | 6cc3 4407 | e93c f1ff | ff48 83ff | 000f 845e | f1ff ff48 

  0x00007f3f3d5e5ca4: ;   {runtime_call g1_post_barrier_slow}
  0x00007f3f3d5e5ca4: 8904 24e8 | d4c6 4407 | e950 f1ff | ff8b 770c | 4883 fe00 | 0f84 4af2 | ffff 4889 

  0x00007f3f3d5e5cc0: ;   {runtime_call g1_pre_barrier_slow}
  0x00007f3f3d5e5cc0: 3424 e839 | c344 07e9 | 3cf2 ffff 

  0x00007f3f3d5e5ccc: ;   {runtime_call throw_null_pointer_exception Runtime1 stub}
  0x00007f3f3d5e5ccc: e8cf 4e44 

  0x00007f3f3d5e5cd0: ; ImmutableOopMap {[128]=Oop [104]=Oop rax=Oop rdi=Oop rbx=Oop }
                      ;*putfield next {reexecute=1 rethrow=0 return_oop=0}
                      ; - (reexecute) java.util.regex.Pattern::sequence@620 (line 2224)
  0x00007f3f3d5e5cd0: 0748 83f8 | 000f 8448 | f2ff ff48 

  0x00007f3f3d5e5cdc: ;   {runtime_call g1_post_barrier_slow}
  0x00007f3f3d5e5cdc: 893c 24e8 | 9cc6 4407 | e93a f2ff 

  0x00007f3f3d5e5ce8: ;   {metadata({method} {0x00007f3edf0e6180} 'sequence' '(Ljava/util/regex/Pattern$Node;)Ljava/util/regex/Pattern$Node;' in 'java/util/regex/Pattern')}
  0x00007f3f3d5e5ce8: ff49 ba80 | 610e df3e | 7f00 004c | 8954 2408 | 48c7 0424 | 7202 0000 

  0x00007f3f3d5e5d00: ;   {runtime_call counter_overflow Runtime1 stub}
  0x00007f3f3d5e5d00: e8fb bb44 

  0x00007f3f3d5e5d04: ; ImmutableOopMap {[128]=Oop [104]=Oop rax=Oop rsi=Oop }
                      ;*goto {reexecute=1 rethrow=0 return_oop=0}
                      ; - (reexecute) java.util.regex.Pattern::sequence@626 (line 2227)
  0x00007f3f3d5e5d04: 07e9 44f2 

  0x00007f3f3d5e5d08: ;   {metadata({method} {0x00007f3edf0e6180} 'sequence' '(Ljava/util/regex/Pattern$Node;)Ljava/util/regex/Pattern$Node;' in 'java/util/regex/Pattern')}
  0x00007f3f3d5e5d08: ffff 49ba | 8061 0edf | 3e7f 0000 | 4c89 5424 | 0848 c704 | 24ab 0000 

  0x00007f3f3d5e5d20: ;   {runtime_call counter_overflow Runtime1 stub}
  0x00007f3f3d5e5d20: 00e8 dabb 

  0x00007f3f3d5e5d24: ; ImmutableOopMap {[128]=Oop rsi=Oop [104]=Oop rax=Oop rdi=Oop }
                      ;*goto {reexecute=1 rethrow=0 return_oop=0}
                      ; - (reexecute) java.util.regex.Pattern::sequence@171 (line 2134)
  0x00007f3f3d5e5d24: 4407 e987 

  0x00007f3f3d5e5d28: ;   {metadata({method} {0x00007f3edf0e6180} 'sequence' '(Ljava/util/regex/Pattern$Node;)Ljava/util/regex/Pattern$Node;' in 'java/util/regex/Pattern')}
  0x00007f3f3d5e5d28: f2ff ff49 | ba80 610e | df3e 7f00 | 004c 8954 | 2408 48c7 | 0424 9300 

  0x00007f3f3d5e5d40: ;   {runtime_call counter_overflow Runtime1 stub}
  0x00007f3f3d5e5d40: 0000 e8b9 

  0x00007f3f3d5e5d44: ; ImmutableOopMap {[128]=Oop rsi=Oop [104]=Oop rdi=Oop rbx=Oop }
                      ;*goto {reexecute=1 rethrow=0 return_oop=0}
                      ; - (reexecute) java.util.regex.Pattern::sequence@147 (line 2127)
  0x00007f3f3d5e5d44: bb44 07e9 | c9f2 ffff 

  0x00007f3f3d5e5d4c: ;   {runtime_call fast_new_instance Runtime1 stub}
  0x00007f3f3d5e5d4c: 488b d2e8 

  0x00007f3f3d5e5d50: ; ImmutableOopMap {[104]=Oop }
                      ;*new {reexecute=0 rethrow=0 return_oop=0}
                      ; - java.util.regex.Pattern::sequence@545 (line 2203)
  0x00007f3f3d5e5d50: 2c58 4407 | e97b f3ff 

  0x00007f3f3d5e5d58: ;   {metadata({method} {0x00007f3edf422df8} '<init>' '()V' in 'java/lang/StringBuilder')}
  0x00007f3f3d5e5d58: ff49 baf8 | 2d42 df3e | 7f00 004c | 8954 2408 | 48c7 0424 | ffff ffff 

  0x00007f3f3d5e5d70: ;   {runtime_call counter_overflow Runtime1 stub}
  0x00007f3f3d5e5d70: e88b bb44 

  0x00007f3f3d5e5d74: ; ImmutableOopMap {[104]=Oop rax=Oop }
                      ;*synchronization entry
                      ; - java.lang.StringBuilder::<init>@-1 (line 106)
                      ; - java.util.regex.Pattern::sequence@549 (line 2203)
  0x00007f3f3d5e5d74: 07e9 97f3 

  0x00007f3f3d5e5d78: ;   {metadata({method} {0x00007f3edf423530} 'append' '(Ljava/lang/String;)Ljava/lang/StringBuilder;' in 'java/lang/StringBuilder')}
  0x00007f3f3d5e5d78: ffff 49ba | 3035 42df | 3e7f 0000 | 4c89 5424 | 0848 c704 | 24ff ffff 

  0x00007f3f3d5e5d90: ;   {runtime_call counter_overflow Runtime1 stub}
  0x00007f3f3d5e5d90: ffe8 6abb 

  0x00007f3f3d5e5d94: ; ImmutableOopMap {[104]=Oop [200]=Oop }
                      ;*synchronization entry
                      ; - java.lang.StringBuilder::append@-1 (line 179)
                      ; - java.util.regex.Pattern::sequence@555 (line 2203)
  0x00007f3f3d5e5d94: 4407 e9e3 

  0x00007f3f3d5e5d98: ;   {metadata({method} {0x00007f3edf423690} 'append' '(C)Ljava/lang/StringBuilder;' in 'java/lang/StringBuilder')}
  0x00007f3f3d5e5d98: f3ff ff49 | ba90 3642 | df3e 7f00 | 004c 8954 | 2408 48c7 | 0424 ffff 

  0x00007f3f3d5e5db0: ;   {runtime_call counter_overflow Runtime1 stub}
  0x00007f3f3d5e5db0: ffff e849 

  0x00007f3f3d5e5db4: ; ImmutableOopMap {[104]=Oop [200]=Oop }
                      ;*synchronization entry
                      ; - java.lang.StringBuilder::append@-1 (line 246)
                      ; - java.util.regex.Pattern::sequence@561 (line 2203)
  0x00007f3f3d5e5db4: bb44 07e9 | 47f4 ffff 

  0x00007f3f3d5e5dbc: ;   {metadata({method} {0x00007f3edf423530} 'append' '(Ljava/lang/String;)Ljava/lang/StringBuilder;' in 'java/lang/StringBuilder')}
  0x00007f3f3d5e5dbc: 49ba 3035 | 42df 3e7f | 0000 4c89 | 5424 0848 | c704 24ff 

  0x00007f3f3d5e5dd0: ;   {runtime_call counter_overflow Runtime1 stub}
  0x00007f3f3d5e5dd0: ffff ffe8 

  0x00007f3f3d5e5dd4: ; ImmutableOopMap {[104]=Oop [200]=Oop }
                      ;*synchronization entry
                      ; - java.lang.StringBuilder::append@-1 (line 179)
                      ; - java.util.regex.Pattern::sequence@567 (line 2203)
  0x00007f3f3d5e5dd4: 28bb 4407 | e999 f4ff 

  0x00007f3f3d5e5ddc: ;   {metadata({method} {0x00007f3edf422e50} 'toString' '()Ljava/lang/String;' in 'java/lang/StringBuilder')}
  0x00007f3f3d5e5ddc: ff49 ba50 | 2e42 df3e | 7f00 004c | 8954 2408 | 48c7 0424 | ffff ffff 

  0x00007f3f3d5e5df4: ;   {runtime_call counter_overflow Runtime1 stub}
  0x00007f3f3d5e5df4: e807 bb44 

  0x00007f3f3d5e5df8: ; ImmutableOopMap {[104]=Oop [200]=Oop }
                      ;*synchronization entry
                      ; - java.lang.StringBuilder::toString@-1 (line 453)
                      ; - java.util.regex.Pattern::sequence@570 (line 2203)
  0x00007f3f3d5e5df8: 07e9 f0f4 

  0x00007f3f3d5e5dfc: ;   {metadata({method} {0x00007f3edf05f518} 'isLatin1' '()Z' in 'java/lang/AbstractStringBuilder')}
  0x00007f3f3d5e5dfc: ffff 49ba | 18f5 05df | 3e7f 0000 | 4c89 5424 | 0848 c704 | 24ff ffff 

  0x00007f3f3d5e5e14: ;   {runtime_call counter_overflow Runtime1 stub}
  0x00007f3f3d5e5e14: ffe8 e6ba 

  0x00007f3f3d5e5e18: ; ImmutableOopMap {[104]=Oop [200]=Oop }
                      ;*synchronization entry
                      ; - java.lang.AbstractStringBuilder::isLatin1@-1 (line 1677)
                      ; - java.lang.StringBuilder::toString@1 (line 453)
                      ; - java.util.regex.Pattern::sequence@570 (line 2203)
  0x00007f3f3d5e5e18: 4407 e911 

  0x00007f3f3d5e5e1c: ;   {internal_word}
  0x00007f3f3d5e5e1c: f5ff ff49 | baac 545e | 3d3f 7f00 | 004d 8997 | 5803 0000 

  0x00007f3f3d5e5e30: ;   {runtime_call SafepointBlob}
  0x00007f3f3d5e5e30: e9cb 9a3a | 078b 470c | 4883 f800 | 0f84 93f6 | ffff 4889 

  0x00007f3f3d5e5e44: ;   {runtime_call g1_pre_barrier_slow}
  0x00007f3f3d5e5e44: 0424 e8b5 | c144 07e9 | 85f6 ffff 

  0x00007f3f3d5e5e50: ;   {runtime_call throw_null_pointer_exception Runtime1 stub}
  0x00007f3f3d5e5e50: e84b 4d44 

  0x00007f3f3d5e5e54: ; ImmutableOopMap {rsi=Oop [104]=Oop rdx=Oop [128]=Oop rdi=Oop rbx=Oop }
                      ;*putfield next {reexecute=1 rethrow=0 return_oop=0}
                      ; - (reexecute) java.util.regex.Pattern::sequence@637 (line 2231)
  0x00007f3f3d5e5e54: 0748 83fa | 000f 8491 | f6ff ff48 

  0x00007f3f3d5e5e60: ;   {runtime_call g1_post_barrier_slow}
  0x00007f3f3d5e5e60: 893c 24e8 | 18c5 4407 | e983 f6ff | ff8b 4634 | 4883 f800 | 0f84 84f6 | ffff 4889 

  0x00007f3f3d5e5e7c: ;   {runtime_call g1_pre_barrier_slow}
  0x00007f3f3d5e5e7c: 0424 e87d | c144 07e9 | 76f6 ffff | 4883 ff00 | 0f84 87f6 | ffff 4889 

  0x00007f3f3d5e5e94: ;   {runtime_call g1_post_barrier_slow}
  0x00007f3f3d5e5e94: 3424 e8e5 | c444 07e9 | 79f6 ffff 

  0x00007f3f3d5e5ea0: ;   {internal_word}
  0x00007f3f3d5e5ea0: 49ba 2455 | 5e3d 3f7f | 0000 4d89 | 9758 0300 

  0x00007f3f3d5e5eb0: ;   {runtime_call SafepointBlob}
  0x00007f3f3d5e5eb0: 00e9 4a9a 

  0x00007f3f3d5e5eb4: ;   {runtime_call throw_null_pointer_exception Runtime1 stub}
  0x00007f3f3d5e5eb4: 3a07 e8e5 

  0x00007f3f3d5e5eb8: ; ImmutableOopMap {rax=Oop }
                      ;*athrow {reexecute=1 rethrow=0 return_oop=0}
                      ; - (reexecute) java.util.regex.Pattern::sequence@576 (line 2203)
                      ;   {runtime_call throw_null_pointer_exception Runtime1 stub}
  0x00007f3f3d5e5eb8: 4c44 07e8 

  0x00007f3f3d5e5ebc: ; ImmutableOopMap {[128]=Oop [104]=Oop rdi=Oop rax=Oop rbx=Oop }
                      ;*putfield next {reexecute=1 rethrow=0 return_oop=0}
                      ; - (reexecute) java.util.regex.Pattern::sequence@163 (line 2131)
  0x00007f3f3d5e5ebc: e04c 4407 

  0x00007f3f3d5e5ec0: ;   {runtime_call throw_null_pointer_exception Runtime1 stub}
  0x00007f3f3d5e5ec0: e8db 4c44 

  0x00007f3f3d5e5ec4: ; ImmutableOopMap {[128]=Oop [104]=Oop rax=Oop rdi=Oop rbx=Oop }
                      ;*putfield next {reexecute=1 rethrow=0 return_oop=0}
                      ; - (reexecute) java.util.regex.Pattern::sequence@620 (line 2224)
                      ;   {runtime_call throw_null_pointer_exception Runtime1 stub}
  0x00007f3f3d5e5ec4: 07e8 d64c 

  0x00007f3f3d5e5ec8: ; ImmutableOopMap {rsi=Oop [104]=Oop rdx=Oop [128]=Oop rdi=Oop rbx=Oop }
                      ;*putfield next {reexecute=1 rethrow=0 return_oop=0}
                      ; - (reexecute) java.util.regex.Pattern::sequence@637 (line 2231)
  0x00007f3f3d5e5ec8: 4407 9090 | 498b 87d0 | 0300 0049 | c787 d003 | 0000 0000 | 0000 49c7 | 87d8 0300 | 0000 0000 
  0x00007f3f3d5e5ee8: 0048 81c4 | e000 0000 

  0x00007f3f3d5e5ef0: ;   {runtime_call unwind_exception Runtime1 stub}
  0x00007f3f3d5e5ef0: 5de9 0a3a | 4407 f4f4 | f4f4 f4f4 | f4f4 f4f4 
[Stub Code]
  0x00007f3f3d5e5f00: ;   {no_reloc}
  0x00007f3f3d5e5f00: 0f1f 4400 

  0x00007f3f3d5e5f04: ;   {static_stub}
  0x00007f3f3d5e5f04: 0048 bb00 | 0000 0000 

  0x00007f3f3d5e5f0c: ;   {runtime_call}
  0x00007f3f3d5e5f0c: 0000 00e9 | fbff ffff 

  0x00007f3f3d5e5f14: ;   {static_stub}
  0x00007f3f3d5e5f14: 9048 bb00 | 0000 0000 

  0x00007f3f3d5e5f1c: ;   {runtime_call}
  0x00007f3f3d5e5f1c: 0000 00e9 | fbff ffff 

  0x00007f3f3d5e5f24: ;   {static_stub}
  0x00007f3f3d5e5f24: 9048 bb00 | 0000 0000 

  0x00007f3f3d5e5f2c: ;   {runtime_call}
  0x00007f3f3d5e5f2c: 0000 00e9 | fbff ffff 

  0x00007f3f3d5e5f34: ;   {static_stub}
  0x00007f3f3d5e5f34: 9048 bb00 | 0000 0000 

  0x00007f3f3d5e5f3c: ;   {runtime_call}
  0x00007f3f3d5e5f3c: 0000 00e9 | fbff ffff 

  0x00007f3f3d5e5f44: ;   {static_stub}
  0x00007f3f3d5e5f44: 9048 bb00 | 0000 0000 

  0x00007f3f3d5e5f4c: ;   {runtime_call}
  0x00007f3f3d5e5f4c: 0000 00e9 | fbff ffff 

  0x00007f3f3d5e5f54: ;   {static_stub}
  0x00007f3f3d5e5f54: 9048 bbd0 | bf2c df3e 

  0x00007f3f3d5e5f5c: ;   {runtime_call I2C/C2I adapters}
  0x00007f3f3d5e5f5c: 7f00 00e9 | f576 3a07 

  0x00007f3f3d5e5f64: ;   {static_stub}
  0x00007f3f3d5e5f64: 9048 bb00 | 0000 0000 

  0x00007f3f3d5e5f6c: ;   {runtime_call}
  0x00007f3f3d5e5f6c: 0000 00e9 | fbff ffff 

  0x00007f3f3d5e5f74: ;   {static_stub}
  0x00007f3f3d5e5f74: 9048 bb00 | 0000 0000 

  0x00007f3f3d5e5f7c: ;   {runtime_call}
  0x00007f3f3d5e5f7c: 0000 00e9 | fbff ffff 

  0x00007f3f3d5e5f84: ;   {static_stub}
  0x00007f3f3d5e5f84: 9048 bbe8 | 630e df3e 

  0x00007f3f3d5e5f8c: ;   {runtime_call I2C/C2I adapters}
  0x00007f3f3d5e5f8c: 7f00 00e9 | 4b74 3807 

  0x00007f3f3d5e5f94: ;   {static_stub}
  0x00007f3f3d5e5f94: 9048 bb20 | 6b0e df3e 

  0x00007f3f3d5e5f9c: ;   {runtime_call I2C/C2I adapters}
  0x00007f3f3d5e5f9c: 7f00 00e9 | b97f 3a07 

  0x00007f3f3d5e5fa4: ;   {static_stub}
  0x00007f3f3d5e5fa4: 9048 bb00 | 0000 0000 

  0x00007f3f3d5e5fac: ;   {runtime_call}
  0x00007f3f3d5e5fac: 0000 00e9 | fbff ffff 

  0x00007f3f3d5e5fb4: ;   {static_stub}
  0x00007f3f3d5e5fb4: 9048 bb00 | 0000 0000 

  0x00007f3f3d5e5fbc: ;   {runtime_call}
  0x00007f3f3d5e5fbc: 0000 00e9 | fbff ffff 

  0x00007f3f3d5e5fc4: ;   {static_stub}
  0x00007f3f3d5e5fc4: 9048 bb00 | 0000 0000 

  0x00007f3f3d5e5fcc: ;   {runtime_call}
  0x00007f3f3d5e5fcc: 0000 00e9 | fbff ffff 

  0x00007f3f3d5e5fd4: ;   {static_stub}
  0x00007f3f3d5e5fd4: 9048 bb30 | 570e df3e 

  0x00007f3f3d5e5fdc: ;   {runtime_call I2C/C2I adapters}
  0x00007f3f3d5e5fdc: 7f00 00e9 | 787c 3a07 

  0x00007f3f3d5e5fe4: ;   {static_stub}
  0x00007f3f3d5e5fe4: 9048 bb20 | 6b0e df3e 

  0x00007f3f3d5e5fec: ;   {runtime_call I2C/C2I adapters}
  0x00007f3f3d5e5fec: 7f00 00e9 | 697f 3a07 

  0x00007f3f3d5e5ff4: ;   {static_stub}
  0x00007f3f3d5e5ff4: 9048 bb00 | 0000 0000 

  0x00007f3f3d5e5ffc: ;   {runtime_call}
  0x00007f3f3d5e5ffc: 0000 00e9 | fbff ffff 

  0x00007f3f3d5e6004: ;   {static_stub}
  0x00007f3f3d5e6004: 9048 bb00 | 0000 0000 

  0x00007f3f3d5e600c: ;   {runtime_call}
  0x00007f3f3d5e600c: 0000 00e9 | fbff ffff 

  0x00007f3f3d5e6014: ;   {static_stub}
  0x00007f3f3d5e6014: 9048 bb00 | 0000 0000 

  0x00007f3f3d5e601c: ;   {runtime_call}
  0x00007f3f3d5e601c: 0000 00e9 | fbff ffff 

  0x00007f3f3d5e6024: ;   {static_stub}
  0x00007f3f3d5e6024: 9048 bb00 | 0000 0000 

  0x00007f3f3d5e602c: ;   {runtime_call}
  0x00007f3f3d5e602c: 0000 00e9 | fbff ffff 

  0x00007f3f3d5e6034: ;   {static_stub}
  0x00007f3f3d5e6034: 9048 bbc8 | 6a0e df3e 

  0x00007f3f3d5e603c: ;   {runtime_call I2C/C2I adapters}
  0x00007f3f3d5e603c: 7f00 00e9 | 1576 3a07 

  0x00007f3f3d5e6044: ;   {static_stub}
  0x00007f3f3d5e6044: 9048 bb00 | 0000 0000 

  0x00007f3f3d5e604c: ;   {runtime_call}
  0x00007f3f3d5e604c: 0000 00e9 | fbff ffff 

  0x00007f3f3d5e6054: ;   {static_stub}
  0x00007f3f3d5e6054: 9048 bb00 | 0000 0000 

  0x00007f3f3d5e605c: ;   {runtime_call}
  0x00007f3f3d5e605c: 0000 00e9 | fbff ffff 

  0x00007f3f3d5e6064: ;   {static_stub}
  0x00007f3f3d5e6064: 9048 bb00 | 0000 0000 

  0x00007f3f3d5e606c: ;   {runtime_call}
  0x00007f3f3d5e606c: 0000 00e9 | fbff ffff 

  0x00007f3f3d5e6074: ;   {static_stub}
  0x00007f3f3d5e6074: 9048 bb00 | 0000 0000 

  0x00007f3f3d5e607c: ;   {runtime_call}
  0x00007f3f3d5e607c: 0000 00e9 | fbff ffff 

  0x00007f3f3d5e6084: ;   {static_stub}
  0x00007f3f3d5e6084: 9048 bb00 | 0000 0000 

  0x00007f3f3d5e608c: ;   {runtime_call}
  0x00007f3f3d5e608c: 0000 00e9 | fbff ffff 

  0x00007f3f3d5e6094: ;   {static_stub}
  0x00007f3f3d5e6094: 9048 bb00 | 0000 0000 

  0x00007f3f3d5e609c: ;   {runtime_call}
  0x00007f3f3d5e609c: 0000 00e9 | fbff ffff 

  0x00007f3f3d5e60a4: ;   {static_stub}
  0x00007f3f3d5e60a4: 9048 bb00 | 0000 0000 

  0x00007f3f3d5e60ac: ;   {runtime_call}
  0x00007f3f3d5e60ac: 0000 00e9 | fbff ffff 

  0x00007f3f3d5e60b4: ;   {static_stub}
  0x00007f3f3d5e60b4: 9048 bb00 | 0000 0000 

  0x00007f3f3d5e60bc: ;   {runtime_call}
  0x00007f3f3d5e60bc: 0000 00e9 | fbff ffff 

  0x00007f3f3d5e60c4: ;   {static_stub}
  0x00007f3f3d5e60c4: 9048 bb00 | 0000 0000 

  0x00007f3f3d5e60cc: ;   {runtime_call}
  0x00007f3f3d5e60cc: 0000 00e9 | fbff ffff 

  0x00007f3f3d5e60d4: ;   {static_stub}
  0x00007f3f3d5e60d4: 9048 bb00 | 0000 0000 

  0x00007f3f3d5e60dc: ;   {runtime_call}
  0x00007f3f3d5e60dc: 0000 00e9 | fbff ffff 

  0x00007f3f3d5e60e4: ;   {static_stub}
  0x00007f3f3d5e60e4: 9048 bb00 | 0000 0000 

  0x00007f3f3d5e60ec: ;   {runtime_call}
  0x00007f3f3d5e60ec: 0000 00e9 | fbff ffff 

  0x00007f3f3d5e60f4: ;   {static_stub}
  0x00007f3f3d5e60f4: 9048 bb00 | 0000 0000 

  0x00007f3f3d5e60fc: ;   {runtime_call}
  0x00007f3f3d5e60fc: 0000 00e9 | fbff ffff 
[Exception Handler]
  0x00007f3f3d5e6104: ;   {runtime_call handle_exception_from_callee Runtime1 stub}
  0x00007f3f3d5e6104: e877 7844 

  0x00007f3f3d5e6108: ;   {external_word}
  0x00007f3f3d5e6108: 0748 bf43 | 60aa 5b3f | 7f00 0048 

  0x00007f3f3d5e6114: ;   {runtime_call MacroAssembler::debug64(char*, long, long*)}
  0x00007f3f3d5e6114: 83e4 f0e8 | b4d0 001e 

  0x00007f3f3d5e611c: ;   {section_word}
  0x00007f3f3d5e611c: f449 ba1d | 615e 3d3f | 7f00 0041 

  0x00007f3f3d5e6128: ;   {runtime_call DeoptimizationBlob}
  0x00007f3f3d5e6128: 52e9 72ac | 3a07 f4f4 
[/MachCode]


Compiled method (c1)    2431 1060       3       java.util.regex.Pattern::expr (142 bytes)
 total in heap  [0x00007f3f3d5e8c10,0x00007f3f3d5e9cb8] = 4264
 relocation     [0x00007f3f3d5e8d70,0x00007f3f3d5e8e68] = 248
 main code      [0x00007f3f3d5e8e80,0x00007f3f3d5e98a0] = 2592
 stub code      [0x00007f3f3d5e98a0,0x00007f3f3d5e9920] = 128
 metadata       [0x00007f3f3d5e9920,0x00007f3f3d5e9950] = 48
 scopes data    [0x00007f3f3d5e9950,0x00007f3f3d5e9ae0] = 400
 scopes pcs     [0x00007f3f3d5e9ae0,0x00007f3f3d5e9c70] = 400
 dependencies   [0x00007f3f3d5e9c70,0x00007f3f3d5e9c78] = 8
 nul chk table  [0x00007f3f3d5e9c78,0x00007f3f3d5e9cb8] = 64

[Constant Pool (empty)]

[MachCode]
[Entry Point]
  # {method} {0x00007f3edf0e6338} 'expr' '(Ljava/util/regex/Pattern$Node;)Ljava/util/regex/Pattern$Node;' in 'java/util/regex/Pattern'
  # this:     rsi:rsi   = 'java/util/regex/Pattern'
  # parm0:    rdx:rdx   = 'java/util/regex/Pattern$Node'
  #           [sp+0xe0]  (sp of caller)
  0x00007f3f3d5e8e80: 448b 5608 | 49bb 0000 | 00df 3e7f | 0000 4d03 | d34c 3bd0 

  0x00007f3f3d5e8e94: ;   {runtime_call ic_miss_stub}
  0x00007f3f3d5e8e94: 0f85 e6f2 | 3907 660f | 1f44 0000 
[Verified Entry Point]
  0x00007f3f3d5e8ea0: 8984 2400 | c0fe ff55 | 4881 ecd0 | 0000 0048 | 8974 2460 | 4889 9424 | 8000 0000 

  0x00007f3f3d5e8ebc: ;   {metadata(method data for {method} {0x00007f3edf0e6338} 'expr' '(Ljava/util/regex/Pattern$Node;)Ljava/util/regex/Pattern$Node;' in 'java/util/regex/Pattern')}
  0x00007f3f3d5e8ebc: 48bf 507a | 0fdb 3e7f | 0000 8b9f | f400 0000 | 83c3 0289 | 9ff4 0000 | 0081 e3fe | 0700 0083 
  0x00007f3f3d5e8edc: fb00 0f84 | 7407 0000 

  0x00007f3f3d5e8ee4: ;   {oop(NULL)}
  0x00007f3f3d5e8ee4: 48bf 0000 | 0000 0000 

  0x00007f3f3d5e8eec: ;   {oop(NULL)}
  0x00007f3f3d5e8eec: 0000 48bb | 0000 0000 | 0000 0000 

  0x00007f3f3d5e8ef8: ;   {oop(NULL)}
  0x00007f3f3d5e8ef8: 48b8 0000 | 0000 0000 

  0x00007f3f3d5e8f00: ;   {oop(NULL)}
  0x00007f3f3d5e8f00: 0000 48b9 | 0000 0000 | 0000 0000 | 4889 7c24 | 7048 895c | 2478 4889 | 8424 8800 | 0000 4889 
  0x00007f3f3d5e8f20: 4c24 680f | 1f44 0000 

  0x00007f3f3d5e8f28: ;   {metadata(method data for {method} {0x00007f3edf0e6338} 'expr' '(Ljava/util/regex/Pattern$Node;)Ljava/util/regex/Pattern$Node;' in 'java/util/regex/Pattern')}
  0x00007f3f3d5e8f28: 4c8b c649 | b950 7a0f | db3e 7f00 | 0049 8381 | 3801 0000 | 014c 8bc2 | 498b d04c | 8bce 498b 
  0x00007f3f3d5e8f48: f166 0f1f 

  0x00007f3f3d5e8f4c: ;   {optimized virtual_call}
  0x00007f3f3d5e8f4c: 4400 00e8 

  0x00007f3f3d5e8f50: ; ImmutableOopMap {[96]=Oop [128]=Oop [136]=Oop [120]=Oop [112]=Oop [104]=Oop }
                      ;*invokevirtual sequence {reexecute=0 rethrow=0 return_oop=0}
                      ; - java.util.regex.Pattern::expr@12 (line 2069)
  0x00007f3f3d5e8f50: eca1 ffff | 488b d848 | 8b74 2460 | 448b 4634 | 488b 4c24 | 6848 83f9 

  0x00007f3f3d5e8f68: ;   {metadata(method data for {method} {0x00007f3edf0e6338} 'expr' '(Ljava/util/regex/Pattern$Node;)Ljava/util/regex/Pattern$Node;' in 'java/util/regex/Pattern')}
  0x00007f3f3d5e8f68: 0048 ba50 | 7a0f db3e | 7f00 0048 | c7c7 7001 | 0000 0f85 | 0700 0000 | 48c7 c780 | 0100 0048 
  0x00007f3f3d5e8f88: 8b04 3a48 | 8d40 0148 | 8904 3a0f | 851f 0000 

  0x00007f3f3d5e8f98: ;   {metadata(method data for {method} {0x00007f3edf0e6338} 'expr' '(Ljava/util/regex/Pattern$Node;)Ljava/util/regex/Pattern$Node;' in 'java/util/regex/Pattern')}
  0x00007f3f3d5e8f98: 0048 ba50 | 7a0f db3e | 7f00 00ff | 8290 0100 | 0048 8b7c | 2470 488b | 4424 78e9 | 3904 0000 
  0x00007f3f3d5e8fb8: 488b 7c24 | 7048 83ff 

  0x00007f3f3d5e8fc0: ;   {metadata(method data for {method} {0x00007f3edf0e6338} 'expr' '(Ljava/util/regex/Pattern$Node;)Ljava/util/regex/Pattern$Node;' in 'java/util/regex/Pattern')}
  0x00007f3f3d5e8fc0: 0048 ba50 | 7a0f db3e | 7f00 0048 | c7c0 b801 | 0000 0f84 | 0700 0000 | 48c7 c0a8 | 0100 004c 
  0x00007f3f3d5e8fe0: 8b0c 024d | 8d49 014c | 890c 020f | 8410 0000 | 004c 8bd9 | 4c8b 8c24 | 8000 0000 | e977 0100 
  0x00007f3f3d5e9000: 0048 8b94 | 2480 0000 | 004c 8bca 

  0x00007f3f3d5e900c: ;   {metadata('java/util/regex/Pattern$BranchConn')}
  0x00007f3f3d5e900c: 48ba d08d | 29df 3e7f | 0000 4c8b | d949 8b87 | 0801 0000 | 488d 7810 | 493b bf18 | 0100 000f 
  0x00007f3f3d5e902c: 8748 0600 | 0049 89bf | 0801 0000 | 48c7 0001 | 0000 0048 | 8bca 49ba | 0000 00df | 3e7f 0000 
  0x00007f3f3d5e904c: 492b ca89 | 4808 4833 | c989 480c | 4833 c948 

  0x00007f3f3d5e905c: ;   {metadata(method data for {method} {0x00007f3edf0e6338} 'expr' '(Ljava/util/regex/Pattern$Node;)Ljava/util/regex/Pattern$Node;' in 'java/util/regex/Pattern')}
  0x00007f3f3d5e905c: 8bd0 48be | 507a 0fdb | 3e7f 0000 | 4883 86c8 | 0100 0001 

  0x00007f3f3d5e9070: ;   {metadata(method data for {method} {0x00007f3edf29a410} '<init>' '()V' in 'java/util/regex/Pattern$BranchConn')}
  0x00007f3f3d5e9070: 48ba f88e | 27db 3e7f | 0000 8bb2 | f400 0000 | 83c6 0289 | b2f4 0000 | 0081 e6fe | ff1f 0083 
  0x00007f3f3d5e9090: fe00 0f84 | ee05 0000 

  0x00007f3f3d5e9098: ;   {metadata(method data for {method} {0x00007f3edf29a410} '<init>' '()V' in 'java/util/regex/Pattern$BranchConn')}
  0x00007f3f3d5e9098: 488b d048 | bef8 8e27 | db3e 7f00 | 0048 8386 | 3801 0000 

  0x00007f3f3d5e90ac: ;   {metadata(method data for {method} {0x00007f3edf2cc4d0} '<init>' '()V' in 'java/util/regex/Pattern$Node')}
  0x00007f3f3d5e90ac: 0148 ba48 | c50e db3e | 7f00 008b | b2f4 0000 | 0083 c602 | 89b2 f400 | 0000 81e6 | feff 1f00 
  0x00007f3f3d5e90cc: 83fe 000f | 84d2 0500 | 0048 8bd0 

  0x00007f3f3d5e90d8: ;   {metadata(method data for {method} {0x00007f3edf2cc4d0} '<init>' '()V' in 'java/util/regex/Pattern$Node')}
  0x00007f3f3d5e90d8: 48be 48c5 | 0edb 3e7f | 0000 4883 | 8638 0100 

  0x00007f3f3d5e90e8: ;   {metadata(method data for {method} {0x00007f3edf445468} '<init>' '()V' in 'java/lang/Object')}
  0x00007f3f3d5e90e8: 0001 48ba | 1083 00db | 3e7f 0000 | 8bb2 f400 | 0000 83c6 | 0289 b2f4 | 0000 0081 | e6fe ff1f 
  0x00007f3f3d5e9108: 0083 fe00 | 0f84 b605 | 0000 410f | be57 3883 | fa00 0f85 | c905 0000 

  0x00007f3f3d5e9120: ;   {oop(a 'java/util/regex/Pattern$Node'{0x00000000fe808708})}
  0x00007f3f3d5e9120: 49ba 0887 | 80fe 0000 | 0000 4489 

  0x00007f3f3d5e912c: ;   {oop(a 'java/util/regex/Pattern$Node'{0x00000000fe808708})}
  0x00007f3f3d5e912c: 500c 48ba | 0887 80fe | 0000 0000 | 488b f048 | 33f2 48c1 | ee14 4883 | fe00 0f85 | b805 0000 
  0x00007f3f3d5e914c: 410f be57 | 3883 fa00 | 0f85 c205 | 0000 4d8b | d144 8950 | 0c48 8bd0 | 4933 d148 | c1ea 1448 
  0x00007f3f3d5e916c: 83fa 000f | 85c2 0500 | 0048 8bf8 

  0x00007f3f3d5e9178: ;   {metadata(method data for {method} {0x00007f3edf0e6338} 'expr' '(Ljava/util/regex/Pattern$Node;)Ljava/util/regex/Pattern$Node;' in 'java/util/regex/Pattern')}
  0x00007f3f3d5e9178: 493b d948 | ba50 7a0f | db3e 7f00 | 0048 c7c6 | d801 0000 | 0f85 0700 | 0000 48c7 | c6e8 0100 
  0x00007f3f3d5e9198: 0048 8b04 | 3248 8d40 | 0148 8904 | 320f 851f 

  0x00007f3f3d5e91a8: ;   {metadata(method data for {method} {0x00007f3edf0e6338} 'expr' '(Ljava/util/regex/Pattern$Node;)Ljava/util/regex/Pattern$Node;' in 'java/util/regex/Pattern')}
  0x00007f3f3d5e91a8: 0000 0048 | ba50 7a0f | db3e 7f00 | 00ff 82f8 

  0x00007f3f3d5e91b8: ;   {oop(NULL)}
  0x00007f3f3d5e91b8: 0100 0048 | bb00 0000 | 0000 0000 | 00e9 2900 | 0000 410f | be57 3883 | fa00 0f85 | 7705 0000 
  0x00007f3f3d5e91d8: 4c8b d745 | 8950 0c49 | 8bd0 4833 | d748 c1ea | 1448 83fa | 000f 857d | 0500 0048 | 8b44 2478 
  0x00007f3f3d5e91f8: ;   {metadata(method data for {method} {0x00007f3edf0e6338} 'expr' '(Ljava/util/regex/Pattern$Node;)Ljava/util/regex/Pattern$Node;' in 'java/util/regex/Pattern')}
  0x00007f3f3d5e91f8: 4c3b d848 | ba50 7a0f | db3e 7f00 | 0048 c7c6 | 1002 0000 | 0f85 0700 | 0000 48c7 | c620 0200 
  0x00007f3f3d5e9218: 0048 8b0c | 3248 8d49 | 0148 890c | 3248 89bc | 2490 0000 | 000f 8565 | 0000 004c | 895c 2468 
  0x00007f3f3d5e9238: ; implicit exception: dispatches to 0x00007f3f3d5e9788
  0x00007f3f3d5e9238: 483b 004c 

  0x00007f3f3d5e923c: ;   {metadata(method data for {method} {0x00007f3edf0e6338} 'expr' '(Ljava/util/regex/Pattern$Node;)Ljava/util/regex/Pattern$Node;' in 'java/util/regex/Pattern')}
  0x00007f3f3d5e923c: 8bc0 49b9 | 507a 0fdb | 3e7f 0000 | 4983 8130 | 0200 0001 | 488b d348 | 8bf0 4889 | 4424 780f 
  0x00007f3f3d5e925c: ;   {optimized virtual_call}
  0x00007f3f3d5e925c: 1f40 00e8 

  0x00007f3f3d5e9260: ; ImmutableOopMap {[136]=Oop [96]=Oop [128]=Oop [104]=Oop [144]=Oop [120]=Oop }
                      ;*invokevirtual add {reexecute=0 rethrow=0 return_oop=0}
                      ; - java.util.regex.Pattern::expr@85 (line 2090)
  0x00007f3f3d5e9260: 1cf4 3907 

  0x00007f3f3d5e9264: ;   {metadata(method data for {method} {0x00007f3edf0e6338} 'expr' '(Ljava/util/regex/Pattern$Node;)Ljava/util/regex/Pattern$Node;' in 'java/util/regex/Pattern')}
  0x00007f3f3d5e9264: 48ba 507a | 0fdb 3e7f | 0000 ff82 | 6802 0000 | 488b bc24 | 9000 0000 | 488b 4424 | 784c 8b84 
  0x00007f3f3d5e9284: 2488 0000 | 0048 8b5c | 2468 488b | 7424 60e9 | 5901 0000 | 498b cb49 | 8bd1 483b 

  0x00007f3f3d5e92a0: ;   {metadata(method data for {method} {0x00007f3edf0e6338} 'expr' '(Ljava/util/regex/Pattern$Node;)Ljava/util/regex/Pattern$Node;' in 'java/util/regex/Pattern')}
  0x00007f3f3d5e92a0: ca48 be50 | 7a0f db3e | 7f00 0048 | c7c7 8002 | 0000 0f85 | 0700 0000 | 48c7 c790 | 0200 0048 
  0x00007f3f3d5e92c0: 8b04 3e48 | 8d40 0148 | 8904 3e0f | 8527 0000 

  0x00007f3f3d5e92d0: ;   {metadata(method data for {method} {0x00007f3edf0e6338} 'expr' '(Ljava/util/regex/Pattern$Node;)Ljava/util/regex/Pattern$Node;' in 'java/util/regex/Pattern')}
  0x00007f3f3d5e92d0: 0048 be50 | 7a0f db3e | 7f00 00ff | 86a0 0200 

  0x00007f3f3d5e92e0: ;   {oop(NULL)}
  0x00007f3f3d5e92e0: 0049 b800 | 0000 0000 | 0000 0048 | 8bbc 2490 | 0000 00e9 | 4400 0000 | 488b bc24 | 9000 0000 
  0x00007f3f3d5e9300: 488b 8424 | 8800 0000 | 410f be77 | 3883 fe00 | 0f85 7704 | 0000 4c8b | d744 8950 | 0c48 8bf0 
  0x00007f3f3d5e9320: 4833 f748 | c1ee 1448 | 83fe 000f | 857c 0400 | 004c 8bc1 | 4889 8424 | 8800 0000 

  0x00007f3f3d5e933c: ;   {metadata('java/util/regex/Pattern$Branch')}
  0x00007f3f3d5e933c: 48ba f88f | 29df 3e7f | 0000 4c8b | df49 8b87 | 0801 0000 | 488d 7820 | 493b bf18 | 0100 000f 
  0x00007f3f3d5e935c: 8764 0400 | 0049 89bf | 0801 0000 | 48c7 0001 | 0000 0048 | 8bca 49ba | 0000 00df | 3e7f 0000 
  0x00007f3f3d5e937c: 492b ca89 | 4808 4833 | c989 480c | 4833 c948 | 8948 1048 | 8948 1848 

  0x00007f3f3d5e9394: ;   {metadata(method data for {method} {0x00007f3edf0e6338} 'expr' '(Ljava/util/regex/Pattern$Node;)Ljava/util/regex/Pattern$Node;' in 'java/util/regex/Pattern')}
  0x00007f3f3d5e9394: 8bd0 48b9 | 507a 0fdb | 3e7f 0000 | 4883 81b8 | 0200 0001 | 498b d048 | 8bcb 4d8b | c348 8bf0 
  0x00007f3f3d5e93b4: 4889 8424 | 9800 0000 | 4c89 9c24 | 9000 0000 

  0x00007f3f3d5e93c4: ;   {optimized virtual_call}
  0x00007f3f3d5e93c4: 6666 90e8 

  0x00007f3f3d5e93c8: ; ImmutableOopMap {[96]=Oop [152]=Oop [136]=Oop [144]=Oop [128]=Oop }
                      ;*invokespecial <init> {reexecute=0 rethrow=0 return_oop=0}
                      ; - java.util.regex.Pattern::expr@116 (line 2099)
  0x00007f3f3d5e93c8: b4f2 3907 | 488b bc24 | 9000 0000 | 4c8b 8424 | 8800 0000 | 488b 8424 | 9800 0000 | 488b 9c24 
  0x00007f3f3d5e93e8: 9800 0000 | 488b 7424 | 6048 8bd6 

  0x00007f3f3d5e93f4: ;   {metadata(method data for {method} {0x00007f3edf0e6338} 'expr' '(Ljava/util/regex/Pattern$Node;)Ljava/util/regex/Pattern$Node;' in 'java/util/regex/Pattern')}
  0x00007f3f3d5e93f4: 48b9 507a | 0fdb 3e7f | 0000 4883 | 81c8 0200 

  0x00007f3f3d5e9404: ;   {metadata(method data for {method} {0x00007f3edf0e5fc8} 'peek' '()I' in 'java/util/regex/Pattern')}
  0x00007f3f3d5e9404: 0001 48ba | 68bd 0edb | 3e7f 0000 | 8b8a f400 | 0000 83c1 | 0289 8af4 | 0000 0081 | e1fe ff1f 
  0x00007f3f3d5e9424: 0083 f900 | 0f84 a403 | 0000 8b56 | 508b 4e20 

  0x00007f3f3d5e9434: ; implicit exception: dispatches to 0x00007f3f3d5e97f3
  0x00007f3f3d5e9434: 3b4a 0c0f | 83c0 0300 | 0048 63c9 | 8b54 8a10 

  0x00007f3f3d5e9444: ;   {metadata(method data for {method} {0x00007f3edf0e5fc8} 'peek' '()I' in 'java/util/regex/Pattern')}
  0x00007f3f3d5e9444: 488b ce49 | b968 bd0e | db3e 7f00 | 0049 8381 | 3801 0000 

  0x00007f3f3d5e9458: ;   {metadata(method data for {method} {0x00007f3edf0e67b0} 'has' '(I)Z' in 'java/util/regex/Pattern')}
  0x00007f3f3d5e9458: 0148 b920 | a60e db3e | 7f00 0044 | 8b89 f400 | 0000 4183 | c102 4489 | 89f4 0000 | 0041 81e1 
  0x00007f3f3d5e9478: feff 1f00 | 4183 f900 | 0f84 8503 | 0000 8b4e | 1083 e104 

  0x00007f3f3d5e948c: ;   {metadata(method data for {method} {0x00007f3edf0e67b0} 'has' '(I)Z' in 'java/util/regex/Pattern')}
  0x00007f3f3d5e948c: 83f9 0048 | b920 a60e | db3e 7f00 | 0049 c7c1 | 3801 0000 | 0f84 0700 | 0000 49c7 | c148 0100 
  0x00007f3f3d5e94ac: 004e 8b1c | 094d 8d5b | 014e 891c | 090f 841a 

  0x00007f3f3d5e94bc: ;   {metadata(method data for {method} {0x00007f3edf0e67b0} 'has' '(I)Z' in 'java/util/regex/Pattern')}
  0x00007f3f3d5e94bc: 0000 0048 | b920 a60e | db3e 7f00 | 00ff 8158 | 0100 00b9 | 0100 0000 | e905 0000 | 00b9 0000 
  0x00007f3f3d5e94dc: 0000 83e1 | 0183 f900 

  0x00007f3f3d5e94e4: ;   {metadata(method data for {method} {0x00007f3edf0e5fc8} 'peek' '()I' in 'java/util/regex/Pattern')}
  0x00007f3f3d5e94e4: 48b9 68bd | 0edb 3e7f | 0000 49c7 | c170 0100 | 000f 8407 | 0000 0049 | c7c1 8001 | 0000 4e8b 
  0x00007f3f3d5e9504: 1c09 4d8d | 5b01 4e89 | 1c09 4889 | bc24 a000 | 0000 4889 | 8424 a800 | 0000 4c89 | 8424 b000 
  0x00007f3f3d5e9524: 0000 4889 | 9c24 b800 | 0000 0f84 | 2300 0000 

  0x00007f3f3d5e9534: ;   {metadata(method data for {method} {0x00007f3edf0e5fc8} 'peek' '()I' in 'java/util/regex/Pattern')}
  0x00007f3f3d5e9534: 488b ce49 | b968 bd0e | db3e 7f00 | 0049 8381 | 9001 0000 | 0148 8bce 

  0x00007f3f3d5e954c: ;   {optimized virtual_call}
  0x00007f3f3d5e954c: 488b f1e8 

  0x00007f3f3d5e9550: ; ImmutableOopMap {[128]=Oop [96]=Oop [184]=Oop [176]=Oop [168]=Oop [160]=Oop }
                      ;*invokevirtual peekPastWhitespace {reexecute=0 rethrow=0 return_oop=0}
                      ; - java.util.regex.Pattern::peek@20 (line 1895)
                      ; - java.util.regex.Pattern::expr@124 (line 2102)
  0x00007f3f3d5e9550: 2cf1 3907 | 488b d083 

  0x00007f3f3d5e9558: ;   {metadata(method data for {method} {0x00007f3edf0e6338} 'expr' '(Ljava/util/regex/Pattern$Node;)Ljava/util/regex/Pattern$Node;' in 'java/util/regex/Pattern')}
  0x00007f3f3d5e9558: fa7c 48be | 507a 0fdb | 3e7f 0000 | 48c7 c710 | 0300 000f | 8507 0000 | 0048 c7c7 | 0003 0000 
  0x00007f3f3d5e9578: 488b 1c3e | 488d 5b01 | 4889 1c3e | 0f85 ad00 | 0000 488b 

  0x00007f3f3d5e958c: ;   {metadata(method data for {method} {0x00007f3edf0e6338} 'expr' '(Ljava/util/regex/Pattern$Node;)Ljava/util/regex/Pattern$Node;' in 'java/util/regex/Pattern')}
  0x00007f3f3d5e958c: 7424 6048 | bb50 7a0f | db3e 7f00 | 0048 8383 | 2003 0000 | 0148 8b74 

  0x00007f3f3d5e95a4: ;   {optimized virtual_call}
  0x00007f3f3d5e95a4: 2460 90e8 

  0x00007f3f3d5e95a8: ; ImmutableOopMap {[128]=Oop [96]=Oop [184]=Oop [176]=Oop [168]=Oop [160]=Oop }
                      ;*invokevirtual next {reexecute=0 rethrow=0 return_oop=0}
                      ; - java.util.regex.Pattern::expr@135 (line 2105)
  0x00007f3f3d5e95a8: d4f0 3907 

  0x00007f3f3d5e95ac: ;   {metadata(method data for {method} {0x00007f3edf0e6338} 'expr' '(Ljava/util/regex/Pattern$Node;)Ljava/util/regex/Pattern$Node;' in 'java/util/regex/Pattern')}
  0x00007f3f3d5e95ac: 48b8 507a | 0fdb 3e7f | 0000 8bb0 | f800 0000 | 83c6 0289 | b0f8 0000 | 0081 e6fe | 3f00 0083 
  0x00007f3f3d5e95cc: fe00 0f84 | 5802 0000 | 4d8b 9748 

  0x00007f3f3d5e95d8: ; ImmutableOopMap {[128]=Oop [96]=Oop [184]=Oop [176]=Oop [168]=Oop [160]=Oop }
                      ;*goto {reexecute=1 rethrow=0 return_oop=0}
                      ; - (reexecute) java.util.regex.Pattern::expr@139 (line 2106)
                      ;   {poll}
  0x00007f3f3d5e95d8: 0300 0041 

  0x00007f3f3d5e95dc: ;   {metadata(method data for {method} {0x00007f3edf0e6338} 'expr' '(Ljava/util/regex/Pattern$Node;)Ljava/util/regex/Pattern$Node;' in 'java/util/regex/Pattern')}
  0x00007f3f3d5e95dc: 8502 48b8 | 507a 0fdb | 3e7f 0000 | ff80 5803 | 0000 488b | bc24 a000 | 0000 488b | 9c24 a800 
  0x00007f3f3d5e95fc: 0000 488b | 8424 b000 | 0000 488b | 8c24 b800 | 0000 4889 | 7c24 7048 | 895c 2478 | 4889 8424 
  0x00007f3f3d5e961c: 8800 0000 | 4889 4c24 | 6848 8b94 | 2480 0000 | 0048 8b74 | 2460 e9f1 | f8ff ff48 | 8b9c 24b8 
  0x00007f3f3d5e963c: 0000 0048 | 8bc3 4881 | c4d0 0000 

  0x00007f3f3d5e9648: ;   {poll_return}
  0x00007f3f3d5e9648: 005d 493b | a740 0300 | 000f 87f6 | 0100 00c3 

  0x00007f3f3d5e9658: ;   {metadata({method} {0x00007f3edf0e6338} 'expr' '(Ljava/util/regex/Pattern$Node;)Ljava/util/regex/Pattern$Node;' in 'java/util/regex/Pattern')}
  0x00007f3f3d5e9658: 49ba 3863 | 0edf 3e7f | 0000 4c89 | 5424 0848 | c704 24ff 

  0x00007f3f3d5e966c: ;   {runtime_call counter_overflow Runtime1 stub}
  0x00007f3f3d5e966c: ffff ffe8 

  0x00007f3f3d5e9670: ; ImmutableOopMap {rsi=Oop [96]=Oop rdx=Oop [128]=Oop }
                      ;*synchronization entry
                      ; - java.util.regex.Pattern::expr@-1 (line 2063)
  0x00007f3f3d5e9670: 8c82 4407 | e96b f8ff | ff48 8bd2 

  0x00007f3f3d5e967c: ;   {runtime_call fast_new_instance Runtime1 stub}
  0x00007f3f3d5e967c: e8ff 1e44 

  0x00007f3f3d5e9680: ; ImmutableOopMap {[136]=Oop [120]=Oop r8=Oop rbx=Oop r9=Oop [128]=Oop [96]=Oop r11=Oop }
                      ;*new {reexecute=0 rethrow=0 return_oop=0}
                      ; - java.util.regex.Pattern::expr@41 (line 2077)
  0x00007f3f3d5e9680: 07e9 d5f9 

  0x00007f3f3d5e9684: ;   {metadata({method} {0x00007f3edf29a410} '<init>' '()V' in 'java/util/regex/Pattern$BranchConn')}
  0x00007f3f3d5e9684: ffff 49ba | 10a4 29df | 3e7f 0000 | 4c89 5424 | 0848 c704 | 24ff ffff 

  0x00007f3f3d5e969c: ;   {runtime_call counter_overflow Runtime1 stub}
  0x00007f3f3d5e969c: ffe8 5e82 

  0x00007f3f3d5e96a0: ; ImmutableOopMap {[136]=Oop [120]=Oop r8=Oop rbx=Oop r9=Oop [128]=Oop [96]=Oop r11=Oop rax=Oop }
                      ;*synchronization entry
                      ; - java.util.regex.Pattern$BranchConn::<init>@-1 (line 4696)
                      ; - java.util.regex.Pattern::expr@45 (line 2077)
  0x00007f3f3d5e96a0: 4407 e9f1 

  0x00007f3f3d5e96a4: ;   {metadata({method} {0x00007f3edf2cc4d0} '<init>' '()V' in 'java/util/regex/Pattern$Node')}
  0x00007f3f3d5e96a4: f9ff ff49 | bad0 c42c | df3e 7f00 | 004c 8954 | 2408 48c7 | 0424 ffff 

  0x00007f3f3d5e96bc: ;   {runtime_call counter_overflow Runtime1 stub}
  0x00007f3f3d5e96bc: ffff e83d 

  0x00007f3f3d5e96c0: ; ImmutableOopMap {[136]=Oop [120]=Oop r8=Oop rbx=Oop r9=Oop [128]=Oop [96]=Oop r11=Oop rax=Oop }
                      ;*synchronization entry
                      ; - java.util.regex.Pattern$Node::<init>@-1 (line 3547)
                      ; - java.util.regex.Pattern$BranchConn::<init>@1 (line 4696)
                      ; - java.util.regex.Pattern::expr@45 (line 2077)
  0x00007f3f3d5e96c0: 8244 07e9 | 0dfa ffff 

  0x00007f3f3d5e96c8: ;   {metadata({method} {0x00007f3edf445468} '<init>' '()V' in 'java/lang/Object')}
  0x00007f3f3d5e96c8: 49ba 6854 | 44df 3e7f | 0000 4c89 | 5424 0848 | c704 24ff 

  0x00007f3f3d5e96dc: ;   {runtime_call counter_overflow Runtime1 stub}
  0x00007f3f3d5e96dc: ffff ffe8 

  0x00007f3f3d5e96e0: ; ImmutableOopMap {[136]=Oop [120]=Oop r8=Oop rbx=Oop r9=Oop [128]=Oop [96]=Oop r11=Oop rax=Oop }
                      ;*synchronization entry
                      ; - java.lang.Object::<init>@-1 (line 44)
                      ; - java.util.regex.Pattern$Node::<init>@1 (line 3547)
                      ; - java.util.regex.Pattern$BranchConn::<init>@1 (line 4696)
                      ; - java.util.regex.Pattern::expr@45 (line 2077)
  0x00007f3f3d5e96e0: 1c82 4407 | e929 faff | ff8b 500c | 4883 fa00 | 0f84 2afa | ffff 4889 

  0x00007f3f3d5e96f8: ;   {runtime_call g1_pre_barrier_slow}
  0x00007f3f3d5e96f8: 1424 e801 | 8944 07e9 | 1cfa ffff | 4883 fa00 | 0f84 3efa | ffff 4889 

  0x00007f3f3d5e9710: ;   {runtime_call g1_post_barrier_slow}
  0x00007f3f3d5e9710: 0424 e869 | 8c44 07e9 | 30fa ffff | 8b50 0c48 | 83fa 000f | 8431 faff | ff48 8914 

  0x00007f3f3d5e972c: ;   {runtime_call g1_pre_barrier_slow}
  0x00007f3f3d5e972c: 24e8 ce88 | 4407 e923 | faff ff49 | 83f9 000f | 8434 faff | ff48 8904 

  0x00007f3f3d5e9744: ;   {runtime_call g1_post_barrier_slow}
  0x00007f3f3d5e9744: 24e8 368c | 4407 e926 | faff ff41 | 8b50 0c48 | 83fa 000f | 847b faff | ff48 8914 

  0x00007f3f3d5e9760: ;   {runtime_call g1_pre_barrier_slow}
  0x00007f3f3d5e9760: 24e8 9a88 | 4407 e96d 

  0x00007f3f3d5e9768: ;   {runtime_call throw_null_pointer_exception Runtime1 stub}
  0x00007f3f3d5e9768: faff ffe8 

  0x00007f3f3d5e976c: ; ImmutableOopMap {[136]=Oop [120]=Oop r9=Oop [128]=Oop [96]=Oop r11=Oop rdi=Oop r8=Oop rbx=Oop }
                      ;*putfield next {reexecute=1 rethrow=0 return_oop=0}
                      ; - (reexecute) java.util.regex.Pattern::expr@72 (line 2087)
  0x00007f3f3d5e976c: 3014 4407 | 4883 ff00 | 0f84 79fa | ffff 4c89 

  0x00007f3f3d5e977c: ;   {runtime_call g1_post_barrier_slow}
  0x00007f3f3d5e977c: 0424 e8fd | 8b44 07e9 | 6bfa ffff 

  0x00007f3f3d5e9788: ;   {runtime_call throw_null_pointer_exception Runtime1 stub}
  0x00007f3f3d5e9788: e813 1444 

  0x00007f3f3d5e978c: ; ImmutableOopMap {[136]=Oop rbx=Oop rax=Oop [96]=Oop [104]=Oop [128]=Oop [144]=Oop }
                      ;*invokevirtual add {reexecute=0 rethrow=0 return_oop=0}
                      ; - java.util.regex.Pattern::expr@85 (line 2090)
  0x00007f3f3d5e978c: 078b 700c | 4883 fe00 | 0f84 7cfb | ffff 4889 

  0x00007f3f3d5e979c: ;   {runtime_call g1_pre_barrier_slow}
  0x00007f3f3d5e979c: 3424 e85d | 8844 07e9 | 6efb ffff 

  0x00007f3f3d5e97a8: ;   {runtime_call throw_null_pointer_exception Runtime1 stub}
  0x00007f3f3d5e97a8: e8f3 1344 

  0x00007f3f3d5e97ac: ; ImmutableOopMap {[96]=Oop rdx=Oop [128]=Oop rbx=Oop rdi=Oop rax=Oop rcx=Oop }
                      ;*putfield next {reexecute=1 rethrow=0 return_oop=0}
                      ; - (reexecute) java.util.regex.Pattern::expr@104 (line 2097)
  0x00007f3f3d5e97ac: 0748 83ff | 000f 847a | fbff ff48 

  0x00007f3f3d5e97b8: ;   {runtime_call g1_post_barrier_slow}
  0x00007f3f3d5e97b8: 8904 24e8 | c08b 4407 | e96c fbff | ff48 8bd2 

  0x00007f3f3d5e97c8: ;   {runtime_call fast_new_instance Runtime1 stub}
  0x00007f3f3d5e97c8: e8b3 1d44 

  0x00007f3f3d5e97cc: ; ImmutableOopMap {[96]=Oop rbx=Oop r8=Oop [128]=Oop [136]=Oop r11=Oop }
                      ;*new {reexecute=0 rethrow=0 return_oop=0}
                      ; - java.util.regex.Pattern::expr@107 (line 2099)
  0x00007f3f3d5e97cc: 07e9 c1fb 

  0x00007f3f3d5e97d0: ;   {metadata({method} {0x00007f3edf0e5fc8} 'peek' '()I' in 'java/util/regex/Pattern')}
  0x00007f3f3d5e97d0: ffff 49ba | c85f 0edf | 3e7f 0000 | 4c89 5424 | 0848 c704 | 24ff ffff 

  0x00007f3f3d5e97e8: ;   {runtime_call counter_overflow Runtime1 stub}
  0x00007f3f3d5e97e8: ffe8 1281 

  0x00007f3f3d5e97ec: ; ImmutableOopMap {[128]=Oop rdi=Oop r8=Oop rax=Oop rbx=Oop rsi=Oop [96]=Oop }
                      ;*synchronization entry
                      ; - java.util.regex.Pattern::peek@-1 (line 1893)
                      ; - java.util.regex.Pattern::expr@124 (line 2102)
  0x00007f3f3d5e97ec: 4407 e93b 

  0x00007f3f3d5e97f0: ;   {runtime_call throw_null_pointer_exception Runtime1 stub}
  0x00007f3f3d5e97f0: fcff ffe8 

  0x00007f3f3d5e97f4: ; ImmutableOopMap {[128]=Oop rdi=Oop r8=Oop rax=Oop rbx=Oop rsi=Oop [96]=Oop rdx=Oop }
                      ;*iaload {reexecute=0 rethrow=0 return_oop=0}
                      ; - java.util.regex.Pattern::peek@8 (line 1893)
                      ; - java.util.regex.Pattern::expr@124 (line 2102)
  0x00007f3f3d5e97f4: a813 4407 

  0x00007f3f3d5e97f8: ;   {runtime_call throw_null_pointer_exception Runtime1 stub}
  0x00007f3f3d5e97f8: e8a3 1344 

  0x00007f3f3d5e97fc: ; ImmutableOopMap {[128]=Oop rdi=Oop r8=Oop rax=Oop rbx=Oop rsi=Oop [96]=Oop rdx=Oop }
                      ;*iaload {reexecute=0 rethrow=0 return_oop=0}
                      ; - java.util.regex.Pattern::peek@8 (line 1893)
                      ; - java.util.regex.Pattern::expr@124 (line 2102)
  0x00007f3f3d5e97fc: 0748 890c | 2448 8954 

  0x00007f3f3d5e9804: ;   {runtime_call throw_range_check_failed Runtime1 stub}
  0x00007f3f3d5e9804: 2408 e895 

  0x00007f3f3d5e9808: ; ImmutableOopMap {[128]=Oop rdi=Oop r8=Oop rax=Oop rbx=Oop rsi=Oop [96]=Oop rdx=Oop }
                      ;*iaload {reexecute=0 rethrow=0 return_oop=0}
                      ; - java.util.regex.Pattern::peek@8 (line 1893)
                      ; - java.util.regex.Pattern::expr@124 (line 2102)
                      ;   {metadata({method} {0x00007f3edf0e67b0} 'has' '(I)Z' in 'java/util/regex/Pattern')}
  0x00007f3f3d5e9808: 0a44 0749 | bab0 670e | df3e 7f00 | 004c 8954 | 2408 48c7 | 0424 ffff 

  0x00007f3f3d5e9820: ;   {runtime_call counter_overflow Runtime1 stub}
  0x00007f3f3d5e9820: ffff e8d9 

  0x00007f3f3d5e9824: ; ImmutableOopMap {[128]=Oop rdi=Oop r8=Oop rax=Oop rbx=Oop rsi=Oop [96]=Oop }
                      ;*synchronization entry
                      ; - java.util.regex.Pattern::has@-1 (line 1867)
                      ; - java.util.regex.Pattern::peek@12 (line 1894)
                      ; - java.util.regex.Pattern::expr@124 (line 2102)
  0x00007f3f3d5e9824: 8044 07e9 | 5afc ffff 

  0x00007f3f3d5e982c: ;   {metadata({method} {0x00007f3edf0e6338} 'expr' '(Ljava/util/regex/Pattern$Node;)Ljava/util/regex/Pattern$Node;' in 'java/util/regex/Pattern')}
  0x00007f3f3d5e982c: 49ba 3863 | 0edf 3e7f | 0000 4c89 | 5424 0848 | c704 248b 

  0x00007f3f3d5e9840: ;   {runtime_call counter_overflow Runtime1 stub}
  0x00007f3f3d5e9840: 0000 00e8 

  0x00007f3f3d5e9844: ; ImmutableOopMap {[128]=Oop [96]=Oop [184]=Oop [176]=Oop [168]=Oop [160]=Oop }
                      ;*goto {reexecute=1 rethrow=0 return_oop=0}
                      ; - (reexecute) java.util.regex.Pattern::expr@139 (line 2106)
  0x00007f3f3d5e9844: b880 4407 | e987 fdff 

  0x00007f3f3d5e984c: ;   {internal_word}
  0x00007f3f3d5e984c: ff49 ba4a | 965e 3d3f | 7f00 004d | 8997 5803 

  0x00007f3f3d5e985c: ;   {runtime_call SafepointBlob}
  0x00007f3f3d5e985c: 0000 e99d 

  0x00007f3f3d5e9860: ;   {runtime_call throw_null_pointer_exception Runtime1 stub}
  0x00007f3f3d5e9860: 603a 07e8 

  0x00007f3f3d5e9864: ; ImmutableOopMap {[136]=Oop [120]=Oop r9=Oop [128]=Oop [96]=Oop r11=Oop rdi=Oop r8=Oop rbx=Oop }
                      ;*putfield next {reexecute=1 rethrow=0 return_oop=0}
                      ; - (reexecute) java.util.regex.Pattern::expr@72 (line 2087)
  0x00007f3f3d5e9864: 3813 4407 

  0x00007f3f3d5e9868: ;   {runtime_call throw_null_pointer_exception Runtime1 stub}
  0x00007f3f3d5e9868: e833 1344 

  0x00007f3f3d5e986c: ; ImmutableOopMap {[96]=Oop rdx=Oop [128]=Oop rbx=Oop rdi=Oop rax=Oop rcx=Oop }
                      ;*putfield next {reexecute=1 rethrow=0 return_oop=0}
                      ; - (reexecute) java.util.regex.Pattern::expr@104 (line 2097)
  0x00007f3f3d5e986c: 0790 9049 | 8b87 d003 | 0000 49c7 | 87d0 0300 | 0000 0000 | 0049 c787 | d803 0000 | 0000 0000 
  0x00007f3f3d5e988c: 4881 c4d0 | 0000 005d 

  0x00007f3f3d5e9894: ;   {runtime_call unwind_exception Runtime1 stub}
  0x00007f3f3d5e9894: e967 0044 | 07f4 f4f4 | f4f4 f4f4 
[Stub Code]
  0x00007f3f3d5e98a0: ;   {no_reloc}
  0x00007f3f3d5e98a0: 0f1f 4400 

  0x00007f3f3d5e98a4: ;   {static_stub}
  0x00007f3f3d5e98a4: 0048 bb00 | 0000 0000 

  0x00007f3f3d5e98ac: ;   {runtime_call}
  0x00007f3f3d5e98ac: 0000 00e9 | fbff ffff 

  0x00007f3f3d5e98b4: ;   {static_stub}
  0x00007f3f3d5e98b4: 9048 bb00 | 0000 0000 

  0x00007f3f3d5e98bc: ;   {runtime_call}
  0x00007f3f3d5e98bc: 0000 00e9 | fbff ffff 

  0x00007f3f3d5e98c4: ;   {static_stub}
  0x00007f3f3d5e98c4: 9048 bb00 | 0000 0000 

  0x00007f3f3d5e98cc: ;   {runtime_call}
  0x00007f3f3d5e98cc: 0000 00e9 | fbff ffff 

  0x00007f3f3d5e98d4: ;   {static_stub}
  0x00007f3f3d5e98d4: 9048 bb00 | 0000 0000 

  0x00007f3f3d5e98dc: ;   {runtime_call}
  0x00007f3f3d5e98dc: 0000 00e9 | fbff ffff 

  0x00007f3f3d5e98e4: ;   {static_stub}
  0x00007f3f3d5e98e4: 9048 bb00 | 0000 0000 

  0x00007f3f3d5e98ec: ;   {runtime_call}
  0x00007f3f3d5e98ec: 0000 00e9 | fbff ffff 
[Exception Handler]
  0x00007f3f3d5e98f4: ;   {runtime_call handle_exception_from_callee Runtime1 stub}
  0x00007f3f3d5e98f4: e887 4044 

  0x00007f3f3d5e98f8: ;   {external_word}
  0x00007f3f3d5e98f8: 0748 bf43 | 60aa 5b3f | 7f00 0048 

  0x00007f3f3d5e9904: ;   {runtime_call MacroAssembler::debug64(char*, long, long*)}
  0x00007f3f3d5e9904: 83e4 f0e8 | c498 001e 

  0x00007f3f3d5e990c: ;   {section_word}
  0x00007f3f3d5e990c: f449 ba0d | 995e 3d3f | 7f00 0041 

  0x00007f3f3d5e9918: ;   {runtime_call DeoptimizationBlob}
  0x00007f3f3d5e9918: 52e9 8274 | 3a07 f4f4 
[/MachCode]


Compiled method (c1)    2503  163       3       java.util.regex.Pattern::compile (500 bytes)
 total in heap  [0x00007f3f3d439510,0x00007f3f3d43d0a0] = 15248
 relocation     [0x00007f3f3d439670,0x00007f3f3d4399b8] = 840
 main code      [0x00007f3f3d4399c0,0x00007f3f3d43c520] = 11104
 stub code      [0x00007f3f3d43c520,0x00007f3f3d43c660] = 320
 metadata       [0x00007f3f3d43c660,0x00007f3f3d43c6c8] = 104
 scopes data    [0x00007f3f3d43c6c8,0x00007f3f3d43cae0] = 1048
 scopes pcs     [0x00007f3f3d43cae0,0x00007f3f3d43d010] = 1328
 dependencies   [0x00007f3f3d43d010,0x00007f3f3d43d018] = 8
 nul chk table  [0x00007f3f3d43d018,0x00007f3f3d43d0a0] = 136

[Constant Pool (empty)]

[MachCode]
[Entry Point]
  # {method} {0x00007f3edf0e59f0} 'compile' '()V' in 'java/util/regex/Pattern'
  #           [sp+0xe0]  (sp of caller)
  0x00007f3f3d4399c0: 448b 5608 | 49bb 0000 | 00df 3e7f | 0000 4d03 | d34c 3bd0 

  0x00007f3f3d4399d4: ;   {runtime_call ic_miss_stub}
  0x00007f3f3d4399d4: 0f85 a6e7 | 5407 660f | 1f44 0000 
[Verified Entry Point]
  0x00007f3f3d4399e0: 8984 2400 | c0fe ff55 | 4881 ecd0 | 0000 0048 | 8974 2470 

  0x00007f3f3d4399f4: ;   {metadata(method data for {method} {0x00007f3edf0e59f0} 'compile' '()V' in 'java/util/regex/Pattern')}
  0x00007f3f3d4399f4: 48bf f83a | 0fdb 3e7f | 0000 8b9f | f400 0000 | 83c3 0289 | 9ff4 0000 | 0081 e3fe | 0700 0083 
  0x00007f3f3d439a14: fb00 0f84 | e021 0000 

  0x00007f3f3d439a1c: ;   {metadata(method data for {method} {0x00007f3edf0e59f0} 'compile' '()V' in 'java/util/regex/Pattern')}
  0x00007f3f3d439a1c: 488b fe48 | bbf8 3a0f | db3e 7f00 | 0048 8383 | 3801 0000 

  0x00007f3f3d439a30: ;   {metadata(method data for {method} {0x00007f3edf0e67b0} 'has' '(I)Z' in 'java/util/regex/Pattern')}
  0x00007f3f3d439a30: 0148 bf20 | a60e db3e | 7f00 008b | 9ff4 0000 | 0083 c302 | 899f f400 | 0000 81e3 | feff 1f00 
  0x00007f3f3d439a50: 83fb 000f | 84c4 2100 | 008b 7e10 | 488b df81 | e380 0000 | 0083 fb00 

  0x00007f3f3d439a68: ;   {metadata(method data for {method} {0x00007f3edf0e67b0} 'has' '(I)Z' in 'java/util/regex/Pattern')}
  0x00007f3f3d439a68: 48bb 20a6 | 0edb 3e7f | 0000 48c7 | c038 0100 | 000f 8407 | 0000 0048 | c7c0 4801 | 0000 488b 
  0x00007f3f3d439a88: 1403 488d | 5201 4889 | 1403 0f84 | 1a00 0000 

  0x00007f3f3d439a98: ;   {metadata(method data for {method} {0x00007f3edf0e67b0} 'has' '(I)Z' in 'java/util/regex/Pattern')}
  0x00007f3f3d439a98: 48bb 20a6 | 0edb 3e7f | 0000 ff83 | 5801 0000 | bb01 0000 | 00e9 0500 | 0000 bb00 | 0000 0083 
  0x00007f3f3d439ab8: e301 83fb 

  0x00007f3f3d439abc: ;   {metadata(method data for {method} {0x00007f3edf0e59f0} 'compile' '()V' in 'java/util/regex/Pattern')}
  0x00007f3f3d439abc: 0048 bbf8 | 3a0f db3e | 7f00 0048 | c7c0 7001 | 0000 0f84 | 0700 0000 | 48c7 c080 | 0100 0048 
  0x00007f3f3d439adc: 8b14 0348 | 8d52 0148 | 8914 030f | 84c8 0000 | 0048 8bde 

  0x00007f3f3d439af0: ;   {metadata(method data for {method} {0x00007f3edf0e59f0} 'compile' '()V' in 'java/util/regex/Pattern')}
  0x00007f3f3d439af0: 48b8 f83a | 0fdb 3e7f | 0000 4883 | 8090 0100 

  0x00007f3f3d439b00: ;   {metadata(method data for {method} {0x00007f3edf0e67b0} 'has' '(I)Z' in 'java/util/regex/Pattern')}
  0x00007f3f3d439b00: 0001 48bb | 20a6 0edb | 3e7f 0000 | 8b83 f400 | 0000 83c0 | 0289 83f4 | 0000 0081 | e0fe ff1f 
  0x00007f3f3d439b20: 0083 f800 | 0f84 1421 | 0000 83e7 | 1083 ff00 

  0x00007f3f3d439b30: ;   {metadata(method data for {method} {0x00007f3edf0e67b0} 'has' '(I)Z' in 'java/util/regex/Pattern')}
  0x00007f3f3d439b30: 48bf 20a6 | 0edb 3e7f | 0000 48c7 | c338 0100 | 000f 8407 | 0000 0048 | c7c3 4801 | 0000 488b 
  0x00007f3f3d439b50: 041f 488d | 4001 4889 | 041f 0f84 | 1a00 0000 

  0x00007f3f3d439b60: ;   {metadata(method data for {method} {0x00007f3edf0e67b0} 'has' '(I)Z' in 'java/util/regex/Pattern')}
  0x00007f3f3d439b60: 48bf 20a6 | 0edb 3e7f | 0000 ff87 | 5801 0000 | bf01 0000 | 00e9 0500 | 0000 bf00 | 0000 0083 
  0x00007f3f3d439b80: e701 83ff 

  0x00007f3f3d439b84: ;   {metadata(method data for {method} {0x00007f3edf0e59f0} 'compile' '()V' in 'java/util/regex/Pattern')}
  0x00007f3f3d439b84: 0048 bff8 | 3a0f db3e | 7f00 0048 | c7c3 d801 | 0000 0f84 | 0700 0000 | 48c7 c3c8 | 0100 0048 
  0x00007f3f3d439ba4: 8b04 1f48 | 8d40 0148 | 8904 1f0f | 8431 0000 | 008b 7e2c | 410f be5f | 3883 fb00 | 0f85 9920 
  0x00007f3f3d439bc4: 0000 4c8b | d744 8956 | 3048 8bde | 4833 df48 | c1eb 1448 | 83fb 000f | 8599 2000 | 00e9 5c00 
  0x00007f3f3d439be4: 0000 8b7e 

  0x00007f3f3d439be8: ;   {metadata(method data for {method} {0x00007f3edf0e59f0} 'compile' '()V' in 'java/util/regex/Pattern')}
  0x00007f3f3d439be8: 2c48 bbf8 | 3a0f db3e | 7f00 0048 | 8383 e801 | 0000 0148 

  0x00007f3f3d439bfc: ;   {static_call}
  0x00007f3f3d439bfc: 8bf7 90e8 

  0x00007f3f3d439c00: ; ImmutableOopMap {[112]=Oop }
                      ;*invokestatic normalize {reexecute=0 rethrow=0 return_oop=0}
                      ; - java.util.regex.Pattern::compile@24 (line 1745)
  0x00007f3f3d439c00: 7cf4 5407 | 410f be4f | 3883 f900 | 488b 7424 | 700f 857b | 2000 004c | 8bd0 4489 | 5630 488b 
  0x00007f3f3d439c20: ce48 33c8 | 48c1 e914 | 4883 f900 | 0f85 7b20 

  0x00007f3f3d439c30: ;   {metadata(method data for {method} {0x00007f3edf0e59f0} 'compile' '()V' in 'java/util/regex/Pattern')}
  0x00007f3f3d439c30: 0000 48b9 | f83a 0fdb | 3e7f 0000 | ff81 f801 | 0000 8b4e | 3048 3b01 

  0x00007f3f3d439c48: ;   {metadata(method data for {method} {0x00007f3edf0e59f0} 'compile' '()V' in 'java/util/regex/Pattern')}
  0x00007f3f3d439c48: 488b d948 | baf8 3a0f | db3e 7f00 | 0048 8382 | 1002 0000 

  0x00007f3f3d439c5c: ;   {metadata(method data for {method} {0x00007f3edf42aff8} 'length' '()I' in 'java/lang/String')}
  0x00007f3f3d439c5c: 0148 bbe0 | 6701 db3e | 7f00 008b | 93f4 0000 | 0083 c202 | 8993 f400 | 0000 81e2 | feff 1f00 
  0x00007f3f3d439c7c: 83fa 000f | 8445 2000 | 008b 5914 

  0x00007f3f3d439c88: ; implicit exception: dispatches to 0x00007f3f3d43bceb
  0x00007f3f3d439c88: 8b5b 0c48 

  0x00007f3f3d439c8c: ;   {metadata(method data for {method} {0x00007f3edf42aff8} 'length' '()I' in 'java/lang/String')}
  0x00007f3f3d439c8c: 8bd1 48bf | e067 01db | 3e7f 0000 | 4883 8738 | 0100 0001 

  0x00007f3f3d439ca0: ;   {metadata(method data for {method} {0x00007f3edf42bf00} 'coder' '()B' in 'java/lang/String')}
  0x00007f3f3d439ca0: 48ba d82c | 01db 3e7f | 0000 8bba | f400 0000 | 83c7 0289 | baf4 0000 | 0081 e7fe | ff1f 0083 
  0x00007f3f3d439cc0: ff00 0f84 | 2820 0000 

  0x00007f3f3d439cc8: ;   {metadata(method data for {method} {0x00007f3edf42bf00} 'coder' '()B' in 'java/lang/String')}
  0x00007f3f3d439cc8: 48ba d82c | 01db 3e7f | 0000 ff82 | 4801 0000 | 0fbe 4910 

  0x00007f3f3d439cdc: ;   {metadata(method data for {method} {0x00007f3edf42bf00} 'coder' '()B' in 'java/lang/String')}
  0x00007f3f3d439cdc: 48ba d82c | 01db 3e7f | 0000 ff82 | 5801 0000 | c1e1 18c1 | f918 d3fb | 895e 2483 

  0x00007f3f3d439cf8: ;   {metadata({type array int})}
  0x00007f3f3d439cf8: c302 48ba | 386c 00df | 3e7f 0000 | 4c8b c648 | 63db 488b | fb48 81fb | ffff ff00 | 0f87 f71f 
  0x00007f3f3d439d18: 0000 48be | 1700 0000 | 0000 0000 | 488d 349e | 4883 e6f8 | 498b 8708 | 0100 0048 | 8d34 3049 
  0x00007f3f3d439d38: 3bb7 1801 | 0000 0f87 | cd1f 0000 | 4989 b708 | 0100 0048 | 2bf0 48c7 | 0001 0000 | 0048 8bca 
  0x00007f3f3d439d58: 49ba 0000 | 00df 3e7f | 0000 492b | ca89 4808 | 8958 0c48 | 83ee 100f | 841a 0000 | 0048 85f6 
  0x00007f3f3d439d78: 0f84 1100 | 0000 4833 | db48 c1ee | 0348 895c | f008 48ff | ce75 f641 | 0fbe 5738 | 83fa 000f 
  0x00007f3f3d439d98: 857e 1f00 | 004c 8bd0 | 4589 5050 | 498b f048 | 33f0 48c1 | ee14 4883 | fe00 0f85 | 7f1f 0000 
  0x00007f3f3d439db8: 41c6 402a | 00bf 0000 | 0000 bb00 | 0000 0089 | 5c24 780f | 1f44 0000 | 418b 5024 

  0x00007f3f3d439dd4: ;   {metadata(method data for {method} {0x00007f3edf0e59f0} 'compile' '()V' in 'java/util/regex/Pattern')}
  0x00007f3f3d439dd4: 3bfa 48ba | f83a 0fdb | 3e7f 0000 | 48c7 c648 | 0200 000f | 8d07 0000 | 0048 c7c6 | 5802 0000 
  0x00007f3f3d439df4: 488b 0432 | 488d 4001 | 4889 0432 | 0f8d 0e03 | 0000 418b | 7030 483b | 0648 8bd6 

  0x00007f3f3d439e10: ;   {metadata(method data for {method} {0x00007f3edf0e59f0} 'compile' '()V' in 'java/util/regex/Pattern')}
  0x00007f3f3d439e10: 48b8 f83a | 0fdb 3e7f | 0000 4883 | 8068 0200 | 0001 488b | d789 7c24 | 7c66 0f1f 

  0x00007f3f3d439e2c: ;   {optimized virtual_call}
  0x00007f3f3d439e2c: 4400 00e8 

  0x00007f3f3d439e30: ; ImmutableOopMap {[112]=Oop }
                      ;*invokevirtual codePointAt {reexecute=0 rethrow=0 return_oop=0}
                      ; - java.util.regex.Pattern::compile@86 (line 1759)
  0x00007f3f3d439e30: 0ca0 a907 

  0x00007f3f3d439e34: ;   {metadata(method data for {method} {0x00007f3edf0e59f0} 'compile' '()V' in 'java/util/regex/Pattern')}
  0x00007f3f3d439e34: 48be f83a | 0fdb 3e7f | 0000 4883 | 86a0 0200 

  0x00007f3f3d439e44: ;   {metadata(method data for {method} {0x00007f3edf0e6808} 'isSupplementary' '(I)Z' in 'java/util/regex/Pattern')}
  0x00007f3f3d439e44: 0001 48be | 48a9 0edb | 3e7f 0000 | 8bbe f400 | 0000 83c7 | 0289 bef4 | 0000 0081 | e7fe ff1f 
  0x00007f3f3d439e64: 0083 ff00 | 0f84 e61e | 0000 81f8 | 0000 0100 

  0x00007f3f3d439e74: ;   {metadata(method data for {method} {0x00007f3edf0e6808} 'isSupplementary' '(I)Z' in 'java/util/regex/Pattern')}
  0x00007f3f3d439e74: 48be 48a9 | 0edb 3e7f | 0000 48c7 | c738 0100 | 000f 8d07 | 0000 0048 | c7c7 4801 | 0000 488b 
  0x00007f3f3d439e94: 1c3e 488d | 5b01 4889 | 1c3e 0f8d | 0401 0000 | 488b f081 | e6ff ff00 

  0x00007f3f3d439eac: ;   {metadata(method data for {method} {0x00007f3edf0e6808} 'isSupplementary' '(I)Z' in 'java/util/regex/Pattern')}
  0x00007f3f3d439eac: 0048 bf48 | a90e db3e | 7f00 0048 | 8387 5801 

  0x00007f3f3d439ebc: ;   {metadata(method data for {method} {0x00007f3edf038f00} 'isSurrogate' '(C)Z' in 'java/lang/Character')}
  0x00007f3f3d439ebc: 0000 0148 | bf28 ab0e | db3e 7f00 | 008b 9ff4 | 0000 0083 | c302 899f | f400 0000 | 81e3 feff 
  0x00007f3f3d439edc: 1f00 83fb | 000f 848e | 1e00 0081 | fe00 d800 

  0x00007f3f3d439eec: ;   {metadata(method data for {method} {0x00007f3edf038f00} 'isSurrogate' '(C)Z' in 'java/lang/Character')}
  0x00007f3f3d439eec: 0048 bf28 | ab0e db3e | 7f00 0048 | c7c3 3801 | 0000 0f8c | 0700 0000 | 48c7 c348 | 0100 0048 
  0x00007f3f3d439f0c: 8b14 1f48 | 8d52 0148 | 8914 1f0f | 8c36 0000 | 0081 fe00 

  0x00007f3f3d439f20: ;   {metadata(method data for {method} {0x00007f3edf038f00} 'isSurrogate' '(C)Z' in 'java/lang/Character')}
  0x00007f3f3d439f20: e000 0048 | be28 ab0e | db3e 7f00 | 0048 c7c7 | 6801 0000 | 0f8c 0700 | 0000 48c7 | c758 0100 
  0x00007f3f3d439f40: 0048 8b1c | 3e48 8d5b | 0148 891c | 3e0f 8c0a | 0000 00be | 0000 0000 | e915 0000 

  0x00007f3f3d439f5c: ;   {metadata(method data for {method} {0x00007f3edf038f00} 'isSurrogate' '(C)Z' in 'java/lang/Character')}
  0x00007f3f3d439f5c: 0048 be28 | ab0e db3e | 7f00 00ff | 8678 0100 | 00be 0100 | 0000 83e6 | 0183 fe00 

  0x00007f3f3d439f78: ;   {metadata(method data for {method} {0x00007f3edf0e6808} 'isSupplementary' '(I)Z' in 'java/util/regex/Pattern')}
  0x00007f3f3d439f78: 48be 48a9 | 0edb 3e7f | 0000 48c7 | c768 0100 | 000f 8407 | 0000 0048 | c7c7 7801 | 0000 488b 
  0x00007f3f3d439f98: 1c3e 488d | 5b01 4889 | 1c3e 0f84 | 1a00 0000 

  0x00007f3f3d439fa8: ;   {metadata(method data for {method} {0x00007f3edf0e6808} 'isSupplementary' '(I)Z' in 'java/util/regex/Pattern')}
  0x00007f3f3d439fa8: 48be 48a9 | 0edb 3e7f | 0000 ff86 | 8801 0000 | be01 0000 | 00e9 0500 | 0000 be00 | 0000 0083 
  0x00007f3f3d439fc8: e601 83fe 

  0x00007f3f3d439fcc: ;   {metadata(method data for {method} {0x00007f3edf0e59f0} 'compile' '()V' in 'java/util/regex/Pattern')}
  0x00007f3f3d439fcc: 0048 bef8 | 3a0f db3e | 7f00 0048 | c7c7 c002 | 0000 0f85 | 0700 0000 | 48c7 c7b0 | 0200 0048 
  0x00007f3f3d439fec: 8b1c 3e48 | 8d5b 0148 | 891c 3e0f | 850e 0000 | 008b 5c24 | 7848 8b74 | 2470 e90d | 0000 0048 
  0x00007f3f3d43a00c: 8b74 2470 | c646 2a01 | 8b5c 2478 | 8b7e 5048 | 8bd3 ffc2 

  0x00007f3f3d43a020: ; implicit exception: dispatches to 0x00007f3f3d43bd96
  0x00007f3f3d43a020: 3b5f 0c0f | 8377 1d00 | 0048 63db | 8944 9f10 

  0x00007f3f3d43a030: ;   {metadata(method data for {method} {0x00007f3edf0e59f0} 'compile' '()V' in 'java/util/regex/Pattern')}
  0x00007f3f3d43a030: 48bf f83a | 0fdb 3e7f | 0000 4883 | 87d0 0200 

  0x00007f3f3d43a040: ;   {metadata(method data for {method} {0x00007f3edf03a3f8} 'charCount' '(I)I' in 'java/lang/Character')}
  0x00007f3f3d43a040: 0001 48bf | 48b0 0edb | 3e7f 0000 | 8b9f f400 | 0000 83c3 | 0289 9ff4 | 0000 0081 | e3fe ff1f 
  0x00007f3f3d43a060: 0083 fb00 | 0f84 441d | 0000 81f8 | 0000 0100 

  0x00007f3f3d43a070: ;   {metadata(method data for {method} {0x00007f3edf03a3f8} 'charCount' '(I)I' in 'java/lang/Character')}
  0x00007f3f3d43a070: 48bf 48b0 | 0edb 3e7f | 0000 48c7 | c338 0100 | 000f 8c07 | 0000 0048 | c7c3 4801 | 0000 488b 
  0x00007f3f3d43a090: 041f 488d | 4001 4889 | 041f 0f8c | 1a00 0000 

  0x00007f3f3d43a0a0: ;   {metadata(method data for {method} {0x00007f3edf03a3f8} 'charCount' '(I)I' in 'java/lang/Character')}
  0x00007f3f3d43a0a0: 48bf 48b0 | 0edb 3e7f | 0000 ff87 | 5801 0000 | bf02 0000 | 00e9 0500 | 0000 bf01 | 0000 0003 
  0x00007f3f3d43a0c0: ;   {metadata(method data for {method} {0x00007f3edf0e59f0} 'compile' '()V' in 'java/util/regex/Pattern')}
  0x00007f3f3d43a0c0: 7c24 7c48 | bbf8 3a0f | db3e 7f00 | 008b 83f8 | 0000 0083 | c002 8983 | f800 0000 | 81e0 fe3f 
  0x00007f3f3d43a0e0: 0000 83f8 | 000f 84e4 | 1c00 004d | 8b97 4803 

  0x00007f3f3d43a0f0: ; ImmutableOopMap {rsi=Oop [112]=Oop }
                      ;*goto {reexecute=1 rethrow=0 return_oop=0}
                      ; - (reexecute) java.util.regex.Pattern::compile@119 (line 1758)
                      ;   {poll}
  0x00007f3f3d43a0f0: 0000 4185 

  0x00007f3f3d43a0f4: ;   {metadata(method data for {method} {0x00007f3edf0e59f0} 'compile' '()V' in 'java/util/regex/Pattern')}
  0x00007f3f3d43a0f4: 0248 bbf8 | 3a0f db3e | 7f00 00ff | 83e0 0200 | 0048 8bda | 895c 2478 | 4c8b c6e9 | bcfc ffff 
  0x00007f3f3d43a114: 8b5c 2478 | 498b f089 | 5e24 488b 

  0x00007f3f3d43a120: ;   {metadata(method data for {method} {0x00007f3edf0e59f0} 'compile' '()V' in 'java/util/regex/Pattern')}
  0x00007f3f3d43a120: fe48 bbf8 | 3a0f db3e | 7f00 0048 | 8383 f802 

  0x00007f3f3d43a130: ;   {metadata(method data for {method} {0x00007f3edf0e67b0} 'has' '(I)Z' in 'java/util/regex/Pattern')}
  0x00007f3f3d43a130: 0000 0148 | bf20 a60e | db3e 7f00 | 008b 9ff4 | 0000 0083 | c302 899f | f400 0000 | 81e3 feff 
  0x00007f3f3d43a150: 1f00 83fb | 000f 8495 | 1c00 008b | 7e10 83e7 | 1083 ff00 

  0x00007f3f3d43a164: ;   {metadata(method data for {method} {0x00007f3edf0e67b0} 'has' '(I)Z' in 'java/util/regex/Pattern')}
  0x00007f3f3d43a164: 48bf 20a6 | 0edb 3e7f | 0000 48c7 | c338 0100 | 000f 8407 | 0000 0048 | c7c3 4801 | 0000 488b 
  0x00007f3f3d43a184: 041f 488d | 4001 4889 | 041f 0f84 | 1a00 0000 

  0x00007f3f3d43a194: ;   {metadata(method data for {method} {0x00007f3edf0e67b0} 'has' '(I)Z' in 'java/util/regex/Pattern')}
  0x00007f3f3d43a194: 48bf 20a6 | 0edb 3e7f | 0000 ff87 | 5801 0000 | bf01 0000 | 00e9 0500 | 0000 bf00 | 0000 0083 
  0x00007f3f3d43a1b4: e701 83ff 

  0x00007f3f3d43a1b8: ;   {metadata(method data for {method} {0x00007f3edf0e59f0} 'compile' '()V' in 'java/util/regex/Pattern')}
  0x00007f3f3d43a1b8: 0048 bff8 | 3a0f db3e | 7f00 0048 | c7c3 3003 | 0000 0f85 | 0700 0000 | 48c7 c340 | 0300 0048 
  0x00007f3f3d43a1d8: 8b04 1f48 | 8d40 0148 | 8904 1f0f | 8528 0000 | 0048 8bfe 

  0x00007f3f3d43a1ec: ;   {metadata(method data for {method} {0x00007f3edf0e59f0} 'compile' '()V' in 'java/util/regex/Pattern')}
  0x00007f3f3d43a1ec: 48bb f83a | 0fdb 3e7f | 0000 4883 | 8350 0300 | 0001 488b | fe48 8bf7 

  0x00007f3f3d43a204: ;   {optimized virtual_call}
  0x00007f3f3d43a204: 6666 90e8 

  0x00007f3f3d43a208: ; ImmutableOopMap {[112]=Oop }
                      ;*invokevirtual RemoveQEQuoting {reexecute=0 rethrow=0 return_oop=0}
                      ; - java.util.regex.Pattern::compile@137 (line 1769)
  0x00007f3f3d43a208: f4c6 ffff | 488b 7424 | 70bb 2000 

  0x00007f3f3d43a214: ;   {metadata({type array int})}
  0x00007f3f3d43a214: 0000 48ba | 386c 00df | 3e7f 0000 | 4c8b c648 | 63db 488b | fb48 81fb | ffff ff00 | 0f87 db1b 
  0x00007f3f3d43a234: 0000 48be | 1700 0000 | 0000 0000 | 488d 349e | 4883 e6f8 | 498b 8708 | 0100 0048 | 8d34 3049 
  0x00007f3f3d43a254: 3bb7 1801 | 0000 0f87 | b11b 0000 | 4989 b708 | 0100 0048 | 2bf0 48c7 | 0001 0000 | 0048 8bca 
  0x00007f3f3d43a274: 49ba 0000 | 00df 3e7f | 0000 492b | ca89 4808 | 8958 0c48 | 83ee 100f | 841a 0000 | 0048 85f6 
  0x00007f3f3d43a294: 0f84 1100 | 0000 4833 | db48 c1ee | 0348 895c | f008 48ff | ce75 f641 | 0fbe 5f38 | 83fb 000f 
  0x00007f3f3d43a2b4: 8562 1b00 | 004c 8bd0 | 4589 503c | 498b f048 | 33f0 48c1 | ee14 4883 | fe00 0f85 | 631b 0000 
  0x00007f3f3d43a2d4: bb0a 0000 

  0x00007f3f3d43a2d8: ;   {metadata('java/util/regex/Pattern$GroupHead'[])}
  0x00007f3f3d43a2d8: 0048 bad8 | 2804 e03e | 7f00 0048 | 63db 488b | fb48 81fb | ffff ff00 | 0f87 591b | 0000 48be 
  0x00007f3f3d43a2f8: 1700 0000 | 0000 0000 | 488d 349e | 4883 e6f8 | 498b 8708 | 0100 0048 | 8d34 3049 | 3bb7 1801 
  0x00007f3f3d43a318: 0000 0f87 | 2f1b 0000 | 4989 b708 | 0100 0048 | 2bf0 48c7 | 0001 0000 | 0048 8bca | 49ba 0000 
  0x00007f3f3d43a338: 00df 3e7f | 0000 492b | ca89 4808 | 8958 0c48 | 83ee 100f | 841a 0000 | 0048 85f6 | 0f84 1100 
  0x00007f3f3d43a358: 0000 4833 | db48 c1ee | 0348 895c | f008 48ff | ce75 f641 | 0fbe 5738 | 83fa 000f | 85e0 1a00 
  0x00007f3f3d43a378: 004c 8bd0 | 4589 5048 | 498b f048 | 33f0 48c1 | ee14 4883 | fe00 0f85 | e11a 0000 

  0x00007f3f3d43a394: ;   {oop(NULL)}
  0x00007f3f3d43a394: 48ba 0000 | 0000 0000 | 0000 410f | be77 3883 | fe00 0f85 | e11a 0000 | 4c8b d245 | 8950 44f0 
  0x00007f3f3d43a3b4: 8344 24c0 | 0049 8bf0 | 4833 f248 | c1ee 1448 | 83fe 000f | 85dc 1a00 

  0x00007f3f3d43a3cc: ;   {metadata('java/util/ArrayList')}
  0x00007f3f3d43a3cc: 0048 ba40 | e100 df3e | 7f00 0049 | 8b87 0801 | 0000 488d | 7818 493b | bf18 0100 | 000f 87d2 
  0x00007f3f3d43a3ec: 1a00 0049 | 89bf 0801 | 0000 48c7 | 0001 0000 | 0048 8bca | 49ba 0000 | 00df 3e7f | 0000 492b 
  0x00007f3f3d43a40c: ca89 4808 | 4833 c989 | 480c 4833 | c948 8948 | 1048 8bd0 

  0x00007f3f3d43a420: ;   {metadata(method data for {method} {0x00007f3edf0e59f0} 'compile' '()V' in 'java/util/regex/Pattern')}
  0x00007f3f3d43a420: 48be f83a | 0fdb 3e7f | 0000 4883 | 8688 0300 | 0001 ba0a | 0000 0048 | 8bf0 4889 | 8424 8000 
  0x00007f3f3d43a440: 0000 0f1f 

  0x00007f3f3d43a444: ;   {optimized virtual_call}
  0x00007f3f3d43a444: 4400 00e8 

  0x00007f3f3d43a448: ; ImmutableOopMap {[128]=Oop [112]=Oop }
                      ;*invokespecial <init> {reexecute=0 rethrow=0 return_oop=0}
                      ; - java.util.regex.Pattern::compile@169 (line 1775)
  0x00007f3f3d43a448: 543b 1200 | 410f be57 | 3883 fa00 | 488b 7424 | 700f 856f | 1a00 0048 | 8b84 2480 | 0000 004c 
  0x00007f3f3d43a468: 8bd0 4489 | 564c 488b | d648 33d0 | 48c1 ea14 | 4883 fa00 | 0f85 671a | 0000 488b 

  0x00007f3f3d43a484: ;   {metadata(method data for {method} {0x00007f3edf0e59f0} 'compile' '()V' in 'java/util/regex/Pattern')}
  0x00007f3f3d43a484: d648 b9f8 | 3a0f db3e | 7f00 0048 | 8381 9803 

  0x00007f3f3d43a494: ;   {metadata(method data for {method} {0x00007f3edf0e67b0} 'has' '(I)Z' in 'java/util/regex/Pattern')}
  0x00007f3f3d43a494: 0000 0148 | ba20 a60e | db3e 7f00 | 008b 8af4 | 0000 0083 | c102 898a | f400 0000 | 81e1 feff 
  0x00007f3f3d43a4b4: 1f00 83f9 | 000f 8442 | 1a00 008b | 5610 83e2 | 1083 fa00 

  0x00007f3f3d43a4c8: ;   {metadata(method data for {method} {0x00007f3edf0e67b0} 'has' '(I)Z' in 'java/util/regex/Pattern')}
  0x00007f3f3d43a4c8: 48ba 20a6 | 0edb 3e7f | 0000 48c7 | c138 0100 | 000f 8407 | 0000 0048 | c7c1 4801 | 0000 4c8b 
  0x00007f3f3d43a4e8: 040a 4d8d | 4001 4c89 | 040a 0f84 | 1a00 0000 

  0x00007f3f3d43a4f8: ;   {metadata(method data for {method} {0x00007f3edf0e67b0} 'has' '(I)Z' in 'java/util/regex/Pattern')}
  0x00007f3f3d43a4f8: 48ba 20a6 | 0edb 3e7f | 0000 ff82 | 5801 0000 | ba01 0000 | 00e9 0500 | 0000 ba00 | 0000 0083 
  0x00007f3f3d43a518: e201 83fa 

  0x00007f3f3d43a51c: ;   {metadata(method data for {method} {0x00007f3edf0e59f0} 'compile' '()V' in 'java/util/regex/Pattern')}
  0x00007f3f3d43a51c: 0048 baf8 | 3a0f db3e | 7f00 0048 | c7c1 d003 | 0000 0f84 | 0700 0000 | 48c7 c1e0 | 0300 004c 
  0x00007f3f3d43a53c: 8b04 0a4d | 8d40 014c | 8904 0a0f | 84ac 0000 | 008b 5650 | 8b4e 2444 | 0fbe 462a 

  0x00007f3f3d43a558: ;   {metadata(method data for {method} {0x00007f3edf0e59f0} 'compile' '()V' in 'java/util/regex/Pattern')}
  0x00007f3f3d43a558: 488b fe48 | bbf8 3a0f | db3e 7f00 | 0048 8383 | f003 0000 | 0148 8bfe | 488b f70f 

  0x00007f3f3d43a574: ;   {optimized virtual_call}
  0x00007f3f3d43a574: 1f40 00e8 

  0x00007f3f3d43a578: ; ImmutableOopMap {[112]=Oop }
                      ;*invokevirtual newSlice {reexecute=0 rethrow=0 return_oop=0}
                      ; - java.util.regex.Pattern::compile@198 (line 1779)
  0x00007f3f3d43a578: 04e1 5407 | 410f be57 | 3883 fa00 | 488b 7424 | 700f 8593 | 1900 004c | 8bd0 4489 | 5638 488b 
  0x00007f3f3d43a598: d648 33d0 | 48c1 ea14 | 4883 fa00 | 0f85 9319 | 0000 410f | be57 3883 | fa00 0f85 | 9d19 0000 
  0x00007f3f3d43a5b8: ;   {oop(a 'java/util/regex/Pattern$LastNode'{0x00000000fe808a68})}
  0x00007f3f3d43a5b8: 49ba 688a | 80fe 0000 | 0000 4489 

  0x00007f3f3d43a5c4: ;   {oop(a 'java/util/regex/Pattern$LastNode'{0x00000000fe808a68})}
  0x00007f3f3d43a5c4: 500c 48ba | 688a 80fe | 0000 0000 | 488b f848 | 33fa 48c1 | ef14 4883 | ff00 0f85 | 9119 0000 
  0x00007f3f3d43a5e4: ;   {metadata(method data for {method} {0x00007f3edf0e59f0} 'compile' '()V' in 'java/util/regex/Pattern')}
  0x00007f3f3d43a5e4: 48ba f83a | 0fdb 3e7f | 0000 ff82 | 2804 0000 | e991 0000 | 0048 8bd6 

  0x00007f3f3d43a5fc: ;   {metadata(method data for {method} {0x00007f3edf0e59f0} 'compile' '()V' in 'java/util/regex/Pattern')}
  0x00007f3f3d43a5fc: 48bf f83a | 0fdb 3e7f | 0000 4883 | 8740 0400 

  0x00007f3f3d43a60c: ;   {oop(a 'java/util/regex/Pattern$LastNode'{0x00000000fe808a68})}
  0x00007f3f3d43a60c: 0001 48ba | 688a 80fe | 0000 0000 | 488b fe48 

  0x00007f3f3d43a61c: ;   {optimized virtual_call}
  0x00007f3f3d43a61c: 8bf7 90e8 

  0x00007f3f3d43a620: ; ImmutableOopMap {[112]=Oop }
                      ;*invokevirtual expr {reexecute=0 rethrow=0 return_oop=0}
                      ; - java.util.regex.Pattern::compile@222 (line 1783)
  0x00007f3f3d43a620: 7ce8 1a00 | 410f be77 | 3883 fe00 | 488b 7424 | 700f 8556 | 1900 004c | 8bd0 4489 | 5638 488b 
  0x00007f3f3d43a640: fe48 33f8 | 48c1 ef14 | 4883 ff00 | 0f85 5619 | 0000 8b7e | 248b 5e20 

  0x00007f3f3d43a658: ;   {metadata(method data for {method} {0x00007f3edf0e59f0} 'compile' '()V' in 'java/util/regex/Pattern')}
  0x00007f3f3d43a658: 3bfb 48bf | f83a 0fdb | 3e7f 0000 | 48c7 c088 | 0400 000f | 8507 0000 | 0048 c7c0 | 7804 0000 
  0x00007f3f3d43a678: 488b 1407 | 488d 5201 | 4889 1407 | 0f85 1713 | 0000 8b5e | 3848 83fb 

  0x00007f3f3d43a690: ;   {metadata(method data for {method} {0x00007f3edf0e59f0} 'compile' '()V' in 'java/util/regex/Pattern')}
  0x00007f3f3d43a690: 0075 1648 | baf8 3a0f | db3e 7f00 | 0080 8a59 | 0500 0001 | e9d3 0000 

  0x00007f3f3d43a6a8: ;   {metadata('java/util/regex/Pattern$Slice')}
  0x00007f3f3d43a6a8: 0048 b970 | 7929 df3e | 7f00 008b | 5308 49ba | 0000 00df | 3e7f 0000 | 4903 d248 | 3b4a 480f 
  0x00007f3f3d43a6c8: 8593 0000 

  0x00007f3f3d43a6cc: ;   {metadata(method data for {method} {0x00007f3edf0e59f0} 'compile' '()V' in 'java/util/regex/Pattern')}
  0x00007f3f3d43a6cc: 0048 baf8 | 3a0f db3e | 7f00 008b | 4b08 49ba | 0000 00df | 3e7f 0000 | 4903 ca48 | 3b8a 7005 
  0x00007f3f3d43a6ec: 0000 750d | 4883 8278 | 0500 0001 | e984 0000 | 0048 3b8a | 8005 0000 | 750d 4883 | 8288 0500 
  0x00007f3f3d43a70c: 0001 e96e | 0000 0048 | 81ba 7005 | 0000 0000 | 0000 7517 | 4889 8a70 | 0500 0048 | c782 7805 
  0x00007f3f3d43a72c: 0000 0100 | 0000 e94a | 0000 0048 | 81ba 8005 | 0000 0000 | 0000 7517 | 4889 8a80 | 0500 0048 
  0x00007f3f3d43a74c: c782 8805 | 0000 0100 | 0000 e926 | 0000 00e9 | 2100 0000 

  0x00007f3f3d43a760: ;   {metadata(method data for {method} {0x00007f3edf0e59f0} 'compile' '()V' in 'java/util/regex/Pattern')}
  0x00007f3f3d43a760: 48ba f83a | 0fdb 3e7f | 0000 4883 | aa60 0500 | 0001 e905 | 0000 00e9 | 0500 0000 | 4833 ffeb 
  0x00007f3f3d43a780: 0a48 bf01 | 0000 0000 | 0000 0083 

  0x00007f3f3d43a78c: ;   {metadata(method data for {method} {0x00007f3edf0e59f0} 'compile' '()V' in 'java/util/regex/Pattern')}
  0x00007f3f3d43a78c: ff00 48bf | f83a 0fdb | 3e7f 0000 | 48c7 c098 | 0500 000f | 8407 0000 | 0048 c7c0 | a805 0000 
  0x00007f3f3d43a7ac: 488b 1407 | 488d 5201 | 4889 1407 | 0f84 a704 

  0x00007f3f3d43a7bc: ;   {metadata(method data for {method} {0x00007f3edf0e59f0} 'compile' '()V' in 'java/util/regex/Pattern')}
  0x00007f3f3d43a7bc: 0000 48bf | f83a 0fdb | 3e7f 0000 | 4883 87b8 | 0500 0001 | 488b f30f 

  0x00007f3f3d43a7d4: ;   {static_call}
  0x00007f3f3d43a7d4: 1f40 00e8 

  0x00007f3f3d43a7d8: ; ImmutableOopMap {[112]=Oop }
                      ;*invokestatic optimize {reexecute=0 rethrow=0 return_oop=0}
                      ; - java.util.regex.Pattern::compile@279 (line 1796)
  0x00007f3f3d43a7d8: a4db ffff | 410f be57 | 3883 fa00 | 488b 7424 | 700f 85d1 | 1700 004c | 8bd0 4489 | 5634 488b 
  0x00007f3f3d43a7f8: d648 33d0 | 48c1 ea14 | 4883 fa00 | 0f85 d117 | 0000 8b5e | 3848 3bc3 

  0x00007f3f3d43a810: ;   {metadata(method data for {method} {0x00007f3edf0e59f0} 'compile' '()V' in 'java/util/regex/Pattern')}
  0x00007f3f3d43a810: 48ba f83a | 0fdb 3e7f | 0000 48c7 | c0c8 0500 | 000f 8507 | 0000 0048 | c7c0 d805 | 0000 488b 
  0x00007f3f3d43a830: 3c02 488d | 7f01 4889 | 3c02 0f85 | d80a 0000 | 0fbe 562a 

  0x00007f3f3d43a844: ;   {metadata(method data for {method} {0x00007f3edf0e59f0} 'compile' '()V' in 'java/util/regex/Pattern')}
  0x00007f3f3d43a844: 83fa 0048 | baf8 3a0f | db3e 7f00 | 0048 c7c0 | e805 0000 | 0f84 0700 | 0000 48c7 | c0f8 0500 
  0x00007f3f3d43a864: 0048 8b3c | 0248 8d7f | 0148 893c | 020f 845a | 0000 0090 

  0x00007f3f3d43a878: ;   {metadata('java/util/regex/Pattern$StartS')}
  0x00007f3f3d43a878: 48ba d81c | 0fdf 3e7f | 0000 e985 | 1700 0048 

  0x00007f3f3d43a888: ;   {metadata(method data for {method} {0x00007f3edf0e59f0} 'compile' '()V' in 'java/util/regex/Pattern')}
  0x00007f3f3d43a888: 8bd0 48bf | f83a 0fdb | 3e7f 0000 | 4883 8708 | 0600 0001 | 488b d348 | 8bf0 4889 | 8424 8800 
  0x00007f3f3d43a8a8: 0000 0f1f 

  0x00007f3f3d43a8ac: ;   {optimized virtual_call}
  0x00007f3f3d43a8ac: 4400 00e8 

  0x00007f3f3d43a8b0: ; ImmutableOopMap {[112]=Oop [136]=Oop }
                      ;*invokespecial <init> {reexecute=0 rethrow=0 return_oop=0}
                      ; - java.util.regex.Pattern::compile@312 (line 1798)
  0x00007f3f3d43a8b0: e11c 0000 

  0x00007f3f3d43a8b4: ;   {metadata(method data for {method} {0x00007f3edf0e59f0} 'compile' '()V' in 'java/util/regex/Pattern')}
  0x00007f3f3d43a8b4: 48ba f83a | 0fdb 3e7f | 0000 ff82 | 1806 0000 | 488b 8424 | 8800 0000 | e951 0300 

  0x00007f3f3d43a8d0: ;   {metadata('java/util/regex/Pattern$Start')}
  0x00007f3f3d43a8d0: 0048 bad8 | 5327 df3e | 7f00 0049 | 8b87 0801 | 0000 488d | 7818 493b | bf18 0100 | 000f 8726 
  0x00007f3f3d43a8f0: 1700 0049 | 89bf 0801 | 0000 48c7 | 0001 0000 | 0048 8bca | 49ba 0000 | 00df 3e7f | 0000 492b 
  0x00007f3f3d43a910: ca89 4808 | 4833 c989 | 480c 4833 | c948 8948 | 1048 8bd0 

  0x00007f3f3d43a924: ;   {metadata(method data for {method} {0x00007f3edf0e59f0} 'compile' '()V' in 'java/util/regex/Pattern')}
  0x00007f3f3d43a924: 48be f83a | 0fdb 3e7f | 0000 4883 | 8630 0600 

  0x00007f3f3d43a934: ;   {metadata(method data for {method} {0x00007f3edf2cc6e0} '<init>' '(Ljava/util/regex/Pattern$Node;)V' in 'java/util/regex/Pattern$Start')}
  0x00007f3f3d43a934: 0001 48ba | 087e 0fdb | 3e7f 0000 | 8bb2 f400 | 0000 83c6 | 0289 b2f4 | 0000 0081 | e6fe ff1f 
  0x00007f3f3d43a954: 0083 fe00 | 0f84 c816 | 0000 488b 

  0x00007f3f3d43a960: ;   {metadata(method data for {method} {0x00007f3edf2cc6e0} '<init>' '(Ljava/util/regex/Pattern$Node;)V' in 'java/util/regex/Pattern$Start')}
  0x00007f3f3d43a960: d048 be08 | 7e0f db3e | 7f00 0048 | 8386 3801 

  0x00007f3f3d43a970: ;   {metadata(method data for {method} {0x00007f3edf2cc4d0} '<init>' '()V' in 'java/util/regex/Pattern$Node')}
  0x00007f3f3d43a970: 0000 0148 | ba48 c50e | db3e 7f00 | 008b b2f4 | 0000 0083 | c602 89b2 | f400 0000 | 81e6 feff 
  0x00007f3f3d43a990: 1f00 83fe | 000f 84ac | 1600 0048 

  0x00007f3f3d43a99c: ;   {metadata(method data for {method} {0x00007f3edf2cc4d0} '<init>' '()V' in 'java/util/regex/Pattern$Node')}
  0x00007f3f3d43a99c: 8bd0 48be | 48c5 0edb | 3e7f 0000 | 4883 8638 | 0100 0001 

  0x00007f3f3d43a9b0: ;   {metadata(method data for {method} {0x00007f3edf445468} '<init>' '()V' in 'java/lang/Object')}
  0x00007f3f3d43a9b0: 48ba 1083 | 00db 3e7f | 0000 8bb2 | f400 0000 | 83c6 0289 | b2f4 0000 | 0081 e6fe | ff1f 0083 
  0x00007f3f3d43a9d0: fe00 0f84 | 9016 0000 | 410f be57 | 3883 fa00 | 0f85 a316 

  0x00007f3f3d43a9e4: ;   {oop(a 'java/util/regex/Pattern$Node'{0x00000000fe808708})}
  0x00007f3f3d43a9e4: 0000 49ba | 0887 80fe | 0000 0000 | 4489 500c 

  0x00007f3f3d43a9f4: ;   {oop(a 'java/util/regex/Pattern$Node'{0x00000000fe808708})}
  0x00007f3f3d43a9f4: 48ba 0887 | 80fe 0000 | 0000 488b | f048 33f2 | 48c1 ee14 | 4883 fe00 | 0f85 9216 | 0000 410f 
  0x00007f3f3d43aa14: be57 3883 | fa00 0f85 | 9c16 0000 | 4c8b d344 | 8950 0c48 | 8bd0 4833 | d348 c1ea | 1448 83fa 
  0x00007f3f3d43aa34: 000f 859c 

  0x00007f3f3d43aa38: ;   {metadata('java/util/regex/Pattern$TreeInfo')}
  0x00007f3f3d43aa38: 1600 0048 | ba30 180f | df3e 7f00 | 0048 8984 | 2498 0000 | 0049 8b87 | 0801 0000 | 488d 7818 
  0x00007f3f3d43aa58: 493b bf18 | 0100 000f | 878a 1600 | 0049 89bf | 0801 0000 | 48c7 0001 | 0000 0048 | 8bca 49ba 
  0x00007f3f3d43aa78: 0000 00df | 3e7f 0000 | 492b ca89 | 4808 4833 | c989 480c | 4833 c948 | 8948 1048 

  0x00007f3f3d43aa94: ;   {metadata(method data for {method} {0x00007f3edf2cc6e0} '<init>' '(Ljava/util/regex/Pattern$Node;)V' in 'java/util/regex/Pattern$Start')}
  0x00007f3f3d43aa94: 8bd0 48be | 087e 0fdb | 3e7f 0000 | 4883 8648 | 0100 0001 

  0x00007f3f3d43aaa8: ;   {metadata(method data for {method} {0x00007f3edf36fec8} '<init>' '()V' in 'java/util/regex/Pattern$TreeInfo')}
  0x00007f3f3d43aaa8: 48ba e07f | 0fdb 3e7f | 0000 8bb2 | f400 0000 | 83c6 0289 | b2f4 0000 | 0081 e6fe | ff1f 0083 
  0x00007f3f3d43aac8: fe00 0f84 | 2c16 0000 

  0x00007f3f3d43aad0: ;   {metadata(method data for {method} {0x00007f3edf36fec8} '<init>' '()V' in 'java/util/regex/Pattern$TreeInfo')}
  0x00007f3f3d43aad0: 488b d048 | bee0 7f0f | db3e 7f00 | 0048 8386 | 3801 0000 

  0x00007f3f3d43aae4: ;   {metadata(method data for {method} {0x00007f3edf445468} '<init>' '()V' in 'java/lang/Object')}
  0x00007f3f3d43aae4: 0148 ba10 | 8300 db3e | 7f00 008b | b2f4 0000 | 0083 c602 | 89b2 f400 | 0000 81e6 | feff 1f00 
  0x00007f3f3d43ab04: 83fe 000f | 8410 1600 | 0048 8bd0 

  0x00007f3f3d43ab10: ;   {metadata(method data for {method} {0x00007f3edf36fec8} '<init>' '()V' in 'java/util/regex/Pattern$TreeInfo')}
  0x00007f3f3d43ab10: 48be e07f | 0fdb 3e7f | 0000 4883 | 8648 0100 

  0x00007f3f3d43ab20: ;   {metadata(method data for {method} {0x00007f3edf36fe70} 'reset' '()V' in 'java/util/regex/Pattern$TreeInfo')}
  0x00007f3f3d43ab20: 0001 48ba | a081 0fdb | 3e7f 0000 | 8bb2 f400 | 0000 83c6 | 0289 b2f4 | 0000 0081 | e6fe ff1f 
  0x00007f3f3d43ab40: 0083 fe00 | 0f84 f415 | 0000 c640 | 1401 c640 | 1501 483b | 0348 8bd3 

  0x00007f3f3d43ab58: ;   {metadata(method data for {method} {0x00007f3edf2cc6e0} '<init>' '(Ljava/util/regex/Pattern$Node;)V' in 'java/util/regex/Pattern$Start')}
  0x00007f3f3d43ab58: 48be 087e | 0fdb 3e7f | 0000 8b52 | 0849 ba00 | 0000 df3e | 7f00 0049 | 03d2 483b | 9668 0100 
  0x00007f3f3d43ab78: 0075 0d48 | 8386 7001 | 0000 01e9 | 6600 0000 | 483b 9678 | 0100 0075 | 0d48 8386 | 8001 0000 
  0x00007f3f3d43ab98: 01e9 5000 | 0000 4881 | be68 0100 | 0000 0000 | 0075 1748 | 8996 6801 | 0000 48c7 | 8670 0100 
  0x00007f3f3d43abb8: 0001 0000 | 00e9 2c00 | 0000 4881 | be78 0100 | 0000 0000 | 0075 1748 | 8996 7801 | 0000 48c7 
  0x00007f3f3d43abd8: 8680 0100 | 0001 0000 | 00e9 0800 | 0000 4883 | 8658 0100 | 0001 488b | d048 8bf3 | 4889 8424 
  0x00007f3f3d43abf8: 9000 0000 | 9048 b8ff | ffff ffff 

  0x00007f3f3d43ac04: ;   {virtual_call}
  0x00007f3f3d43ac04: ffff ffe8 

  0x00007f3f3d43ac08: ; ImmutableOopMap {[112]=Oop [144]=Oop [152]=Oop }
                      ;*invokevirtual study {reexecute=0 rethrow=0 return_oop=0}
                      ; - java.util.regex.Pattern$Start::<init>@22 (line 3598)
                      ; - java.util.regex.Pattern::compile@326 (line 1798)
  0x00007f3f3d43ac08: 74df 5407 | 488b 8424 | 9000 0000 | 8b50 0c48 | 8b84 2498 | 0000 0089 | 5010 488b | 7424 7041 
  0x00007f3f3d43ac28: 0fbe 5738 | 83fa 000f | 852f 1500 | 004c 8bd0 | 4489 5634 | 488b d648 | 33d0 48c1 | ea14 4883 
  0x00007f3f3d43ac48: fa00 0f85 | 2f15 0000 

  0x00007f3f3d43ac50: ;   {metadata(method data for {method} {0x00007f3edf0e59f0} 'compile' '()V' in 'java/util/regex/Pattern')}
  0x00007f3f3d43ac50: 48ba f83a | 0fdb 3e7f | 0000 ff82 | 4006 0000 | e9b3 0600 | 0048 83fb 

  0x00007f3f3d43ac68: ;   {metadata(method data for {method} {0x00007f3edf0e59f0} 'compile' '()V' in 'java/util/regex/Pattern')}
  0x00007f3f3d43ac68: 0075 1648 | bff8 3a0f | db3e 7f00 | 0080 8f51 | 0600 0001 | e9d2 0000 

  0x00007f3f3d43ac80: ;   {metadata('java/util/regex/Pattern$Begin')}
  0x00007f3f3d43ac80: 0048 b9d8 | 5627 df3e | 7f00 008b | 4308 49ba | 0000 00df | 3e7f 0000 | 4903 c248 | 3bc8 0f85 
  0x00007f3f3d43aca0: 9300 0000 

  0x00007f3f3d43aca4: ;   {metadata(method data for {method} {0x00007f3edf0e59f0} 'compile' '()V' in 'java/util/regex/Pattern')}
  0x00007f3f3d43aca4: 48bf f83a | 0fdb 3e7f | 0000 8b4b | 0849 ba00 | 0000 df3e | 7f00 0049 | 03ca 483b | 8f68 0600 
  0x00007f3f3d43acc4: 0075 0d48 | 8387 7006 | 0000 01e9 | 8400 0000 | 483b 8f78 | 0600 0075 | 0d48 8387 | 8006 0000 
  0x00007f3f3d43ace4: 01e9 6e00 | 0000 4881 | bf68 0600 | 0000 0000 | 0075 1748 | 898f 6806 | 0000 48c7 | 8770 0600 
  0x00007f3f3d43ad04: 0001 0000 | 00e9 4a00 | 0000 4881 | bf78 0600 | 0000 0000 | 0075 1748 | 898f 7806 | 0000 48c7 
  0x00007f3f3d43ad24: 8780 0600 | 0001 0000 | 00e9 2600 | 0000 e921 

  0x00007f3f3d43ad34: ;   {metadata(method data for {method} {0x00007f3edf0e59f0} 'compile' '()V' in 'java/util/regex/Pattern')}
  0x00007f3f3d43ad34: 0000 0048 | bff8 3a0f | db3e 7f00 | 0048 83af | 5806 0000 | 01e9 0500 | 0000 e905 | 0000 0048 
  0x00007f3f3d43ad54: 33d2 eb0a | 48ba 0100 | 0000 0000 | 0000 83fa 

  0x00007f3f3d43ad64: ;   {metadata(method data for {method} {0x00007f3edf0e59f0} 'compile' '()V' in 'java/util/regex/Pattern')}
  0x00007f3f3d43ad64: 0048 baf8 | 3a0f db3e | 7f00 0048 | c7c0 9006 | 0000 0f85 | 0700 0000 | 48c7 c0a0 | 0600 0048 
  0x00007f3f3d43ad84: 8b3c 0248 | 8d7f 0148 | 893c 020f | 8530 0100 | 0048 83fb 

  0x00007f3f3d43ad98: ;   {metadata(method data for {method} {0x00007f3edf0e59f0} 'compile' '()V' in 'java/util/regex/Pattern')}
  0x00007f3f3d43ad98: 0075 1648 | bff8 3a0f | db3e 7f00 | 0080 8fa9 | 0600 0001 | e9d2 0000 

  0x00007f3f3d43adb0: ;   {metadata('java/util/regex/Pattern$First')}
  0x00007f3f3d43adb0: 0048 b930 | 6a29 df3e | 7f00 008b | 4308 49ba | 0000 00df | 3e7f 0000 | 4903 c248 | 3bc8 0f85 
  0x00007f3f3d43add0: 9300 0000 

  0x00007f3f3d43add4: ;   {metadata(method data for {method} {0x00007f3edf0e59f0} 'compile' '()V' in 'java/util/regex/Pattern')}
  0x00007f3f3d43add4: 48bf f83a | 0fdb 3e7f | 0000 8b4b | 0849 ba00 | 0000 df3e | 7f00 0049 | 03ca 483b | 8fc0 0600 
  0x00007f3f3d43adf4: 0075 0d48 | 8387 c806 | 0000 01e9 | 8400 0000 | 483b 8fd0 | 0600 0075 | 0d48 8387 | d806 0000 
  0x00007f3f3d43ae14: 01e9 6e00 | 0000 4881 | bfc0 0600 | 0000 0000 | 0075 1748 | 898f c006 | 0000 48c7 | 87c8 0600 
  0x00007f3f3d43ae34: 0001 0000 | 00e9 4a00 | 0000 4881 | bfd0 0600 | 0000 0000 | 0075 1748 | 898f d006 | 0000 48c7 
  0x00007f3f3d43ae54: 87d8 0600 | 0001 0000 | 00e9 2600 | 0000 e921 

  0x00007f3f3d43ae64: ;   {metadata(method data for {method} {0x00007f3edf0e59f0} 'compile' '()V' in 'java/util/regex/Pattern')}
  0x00007f3f3d43ae64: 0000 0048 | bff8 3a0f | db3e 7f00 | 0048 83af | b006 0000 | 01e9 0500 | 0000 e905 | 0000 0048 
  0x00007f3f3d43ae84: 33d2 eb0a | 48ba 0100 | 0000 0000 | 0000 83fa 

  0x00007f3f3d43ae94: ;   {metadata(method data for {method} {0x00007f3edf0e59f0} 'compile' '()V' in 'java/util/regex/Pattern')}
  0x00007f3f3d43ae94: 0048 baf8 | 3a0f db3e | 7f00 0048 | c7c0 e806 | 0000 0f84 | 0700 0000 | 48c7 c0f8 | 0600 0048 
  0x00007f3f3d43aeb4: 8b3c 0248 | 8d7f 0148 | 893c 020f | 843e 0000 | 0041 0fbe | 5738 83fa | 000f 85c4 | 1200 004c 
  0x00007f3f3d43aed4: 8bd3 4489 | 5634 488b | d648 33d3 | 48c1 ea14 | 4883 fa00 | 0f85 c412 

  0x00007f3f3d43aeec: ;   {metadata(method data for {method} {0x00007f3edf0e59f0} 'compile' '()V' in 'java/util/regex/Pattern')}
  0x00007f3f3d43aeec: 0000 48ba | f83a 0fdb | 3e7f 0000 | ff82 0807 | 0000 e915 | 0400 000f | be56 2a83 

  0x00007f3f3d43af08: ;   {metadata(method data for {method} {0x00007f3edf0e59f0} 'compile' '()V' in 'java/util/regex/Pattern')}
  0x00007f3f3d43af08: fa00 48ba | f83a 0fdb | 3e7f 0000 | 48c7 c020 | 0700 000f | 8407 0000 | 0048 c7c0 | 3007 0000 
  0x00007f3f3d43af28: 488b 3c02 | 488d 7f01 | 4889 3c02 | 0f84 5f00 | 0000 660f | 1f44 0000 

  0x00007f3f3d43af40: ;   {metadata('java/util/regex/Pattern$StartS')}
  0x00007f3f3d43af40: 48ba d81c | 0fdf 3e7f | 0000 e994 | 1200 0048 

  0x00007f3f3d43af50: ;   {metadata(method data for {method} {0x00007f3edf0e59f0} 'compile' '()V' in 'java/util/regex/Pattern')}
  0x00007f3f3d43af50: 8bd0 48bf | f83a 0fdb | 3e7f 0000 | 4883 8740 | 0700 0001 | 488b d348 | 8bf0 4889 | 8424 a000 
  0x00007f3f3d43af70: 0000 0f1f 

  0x00007f3f3d43af74: ;   {optimized virtual_call}
  0x00007f3f3d43af74: 4400 00e8 

  0x00007f3f3d43af78: ; ImmutableOopMap {[112]=Oop [160]=Oop }
                      ;*invokespecial <init> {reexecute=0 rethrow=0 return_oop=0}
                      ; - java.util.regex.Pattern::compile@382 (line 1803)
  0x00007f3f3d43af78: 3916 0000 

  0x00007f3f3d43af7c: ;   {metadata(method data for {method} {0x00007f3edf0e59f0} 'compile' '()V' in 'java/util/regex/Pattern')}
  0x00007f3f3d43af7c: 48ba f83a | 0fdb 3e7f | 0000 ff82 | 5007 0000 | 488b 8424 | a000 0000 | e951 0300 

  0x00007f3f3d43af98: ;   {metadata('java/util/regex/Pattern$Start')}
  0x00007f3f3d43af98: 0048 bad8 | 5327 df3e | 7f00 0049 | 8b87 0801 | 0000 488d | 7818 493b | bf18 0100 | 000f 8735 
  0x00007f3f3d43afb8: 1200 0049 | 89bf 0801 | 0000 48c7 | 0001 0000 | 0048 8bca | 49ba 0000 | 00df 3e7f | 0000 492b 
  0x00007f3f3d43afd8: ca89 4808 | 4833 c989 | 480c 4833 | c948 8948 | 1048 8bd0 

  0x00007f3f3d43afec: ;   {metadata(method data for {method} {0x00007f3edf0e59f0} 'compile' '()V' in 'java/util/regex/Pattern')}
  0x00007f3f3d43afec: 48be f83a | 0fdb 3e7f | 0000 4883 | 8668 0700 

  0x00007f3f3d43affc: ;   {metadata(method data for {method} {0x00007f3edf2cc6e0} '<init>' '(Ljava/util/regex/Pattern$Node;)V' in 'java/util/regex/Pattern$Start')}
  0x00007f3f3d43affc: 0001 48ba | 087e 0fdb | 3e7f 0000 | 8bb2 f400 | 0000 83c6 | 0289 b2f4 | 0000 0081 | e6fe ff1f 
  0x00007f3f3d43b01c: 0083 fe00 | 0f84 d711 | 0000 488b 

  0x00007f3f3d43b028: ;   {metadata(method data for {method} {0x00007f3edf2cc6e0} '<init>' '(Ljava/util/regex/Pattern$Node;)V' in 'java/util/regex/Pattern$Start')}
  0x00007f3f3d43b028: d048 be08 | 7e0f db3e | 7f00 0048 | 8386 3801 

  0x00007f3f3d43b038: ;   {metadata(method data for {method} {0x00007f3edf2cc4d0} '<init>' '()V' in 'java/util/regex/Pattern$Node')}
  0x00007f3f3d43b038: 0000 0148 | ba48 c50e | db3e 7f00 | 008b b2f4 | 0000 0083 | c602 89b2 | f400 0000 | 81e6 feff 
  0x00007f3f3d43b058: 1f00 83fe | 000f 84bb | 1100 0048 

  0x00007f3f3d43b064: ;   {metadata(method data for {method} {0x00007f3edf2cc4d0} '<init>' '()V' in 'java/util/regex/Pattern$Node')}
  0x00007f3f3d43b064: 8bd0 48be | 48c5 0edb | 3e7f 0000 | 4883 8638 | 0100 0001 

  0x00007f3f3d43b078: ;   {metadata(method data for {method} {0x00007f3edf445468} '<init>' '()V' in 'java/lang/Object')}
  0x00007f3f3d43b078: 48ba 1083 | 00db 3e7f | 0000 8bb2 | f400 0000 | 83c6 0289 | b2f4 0000 | 0081 e6fe | ff1f 0083 
  0x00007f3f3d43b098: fe00 0f84 | 9f11 0000 | 410f be57 | 3883 fa00 | 0f85 b211 

  0x00007f3f3d43b0ac: ;   {oop(a 'java/util/regex/Pattern$Node'{0x00000000fe808708})}
  0x00007f3f3d43b0ac: 0000 49ba | 0887 80fe | 0000 0000 | 4489 500c 

  0x00007f3f3d43b0bc: ;   {oop(a 'java/util/regex/Pattern$Node'{0x00000000fe808708})}
  0x00007f3f3d43b0bc: 48ba 0887 | 80fe 0000 | 0000 488b | f048 33f2 | 48c1 ee14 | 4883 fe00 | 0f85 a111 | 0000 410f 
  0x00007f3f3d43b0dc: be57 3883 | fa00 0f85 | ab11 0000 | 4c8b d344 | 8950 0c48 | 8bd0 4833 | d348 c1ea | 1448 83fa 
  0x00007f3f3d43b0fc: 000f 85ab 

  0x00007f3f3d43b100: ;   {metadata('java/util/regex/Pattern$TreeInfo')}
  0x00007f3f3d43b100: 1100 0048 | ba30 180f | df3e 7f00 | 0048 8984 | 24b0 0000 | 0049 8b87 | 0801 0000 | 488d 7818 
  0x00007f3f3d43b120: 493b bf18 | 0100 000f | 8799 1100 | 0049 89bf | 0801 0000 | 48c7 0001 | 0000 0048 | 8bca 49ba 
  0x00007f3f3d43b140: 0000 00df | 3e7f 0000 | 492b ca89 | 4808 4833 | c989 480c | 4833 c948 | 8948 1048 

  0x00007f3f3d43b15c: ;   {metadata(method data for {method} {0x00007f3edf2cc6e0} '<init>' '(Ljava/util/regex/Pattern$Node;)V' in 'java/util/regex/Pattern$Start')}
  0x00007f3f3d43b15c: 8bd0 48be | 087e 0fdb | 3e7f 0000 | 4883 8648 | 0100 0001 

  0x00007f3f3d43b170: ;   {metadata(method data for {method} {0x00007f3edf36fec8} '<init>' '()V' in 'java/util/regex/Pattern$TreeInfo')}
  0x00007f3f3d43b170: 48ba e07f | 0fdb 3e7f | 0000 8bb2 | f400 0000 | 83c6 0289 | b2f4 0000 | 0081 e6fe | ff1f 0083 
  0x00007f3f3d43b190: fe00 0f84 | 3b11 0000 

  0x00007f3f3d43b198: ;   {metadata(method data for {method} {0x00007f3edf36fec8} '<init>' '()V' in 'java/util/regex/Pattern$TreeInfo')}
  0x00007f3f3d43b198: 488b d048 | bee0 7f0f | db3e 7f00 | 0048 8386 | 3801 0000 

  0x00007f3f3d43b1ac: ;   {metadata(method data for {method} {0x00007f3edf445468} '<init>' '()V' in 'java/lang/Object')}
  0x00007f3f3d43b1ac: 0148 ba10 | 8300 db3e | 7f00 008b | b2f4 0000 | 0083 c602 | 89b2 f400 | 0000 81e6 | feff 1f00 
  0x00007f3f3d43b1cc: 83fe 000f | 841f 1100 | 0048 8bd0 

  0x00007f3f3d43b1d8: ;   {metadata(method data for {method} {0x00007f3edf36fec8} '<init>' '()V' in 'java/util/regex/Pattern$TreeInfo')}
  0x00007f3f3d43b1d8: 48be e07f | 0fdb 3e7f | 0000 4883 | 8648 0100 

  0x00007f3f3d43b1e8: ;   {metadata(method data for {method} {0x00007f3edf36fe70} 'reset' '()V' in 'java/util/regex/Pattern$TreeInfo')}
  0x00007f3f3d43b1e8: 0001 48ba | a081 0fdb | 3e7f 0000 | 8bb2 f400 | 0000 83c6 | 0289 b2f4 | 0000 0081 | e6fe ff1f 
  0x00007f3f3d43b208: 0083 fe00 | 0f84 0311 | 0000 c640 | 1401 c640 | 1501 483b | 0348 8bd3 

  0x00007f3f3d43b220: ;   {metadata(method data for {method} {0x00007f3edf2cc6e0} '<init>' '(Ljava/util/regex/Pattern$Node;)V' in 'java/util/regex/Pattern$Start')}
  0x00007f3f3d43b220: 48be 087e | 0fdb 3e7f | 0000 8b52 | 0849 ba00 | 0000 df3e | 7f00 0049 | 03d2 483b | 9668 0100 
  0x00007f3f3d43b240: 0075 0d48 | 8386 7001 | 0000 01e9 | 6600 0000 | 483b 9678 | 0100 0075 | 0d48 8386 | 8001 0000 
  0x00007f3f3d43b260: 01e9 5000 | 0000 4881 | be68 0100 | 0000 0000 | 0075 1748 | 8996 6801 | 0000 48c7 | 8670 0100 
  0x00007f3f3d43b280: 0001 0000 | 00e9 2c00 | 0000 4881 | be78 0100 | 0000 0000 | 0075 1748 | 8996 7801 | 0000 48c7 
  0x00007f3f3d43b2a0: 8680 0100 | 0001 0000 | 00e9 0800 | 0000 4883 | 8658 0100 | 0001 488b | d048 8bf3 | 4889 8424 
  0x00007f3f3d43b2c0: a800 0000 | 9048 b8ff | ffff ffff 

  0x00007f3f3d43b2cc: ;   {virtual_call}
  0x00007f3f3d43b2cc: ffff ffe8 

  0x00007f3f3d43b2d0: ; ImmutableOopMap {[112]=Oop [168]=Oop [176]=Oop }
                      ;*invokevirtual study {reexecute=0 rethrow=0 return_oop=0}
                      ; - java.util.regex.Pattern$Start::<init>@22 (line 3598)
                      ; - java.util.regex.Pattern::compile@396 (line 1803)
  0x00007f3f3d43b2d0: 3cd0 6007 | 488b 8424 | a800 0000 | 8b70 0c48 | 8b84 24b0 | 0000 0089 | 7010 488b | 7424 7041 
  0x00007f3f3d43b2f0: 0fbe 7f38 | 83ff 000f | 853e 1000 | 004c 8bd0 | 4489 5634 | 488b fe48 | 33f8 48c1 | ef14 4883 
  0x00007f3f3d43b310: ff00 0f85 | 3e10 0000 | 0fbe 7e29 

  0x00007f3f3d43b31c: ;   {metadata(method data for {method} {0x00007f3edf0e59f0} 'compile' '()V' in 'java/util/regex/Pattern')}
  0x00007f3f3d43b31c: 83ff 0048 | bff8 3a0f | db3e 7f00 | 0048 c7c3 | 7807 0000 | 0f85 0700 | 0000 48c7 | c388 0700 
  0x00007f3f3d43b33c: 0048 8b04 | 1f48 8d40 | 0148 8904 | 1f0f 85d0 | 0700 008b | 7e4c 483b | 0748 8bdf 

  0x00007f3f3d43b358: ;   {metadata(method data for {method} {0x00007f3edf0e59f0} 'compile' '()V' in 'java/util/regex/Pattern')}
  0x00007f3f3d43b358: 48b8 f83a | 0fdb 3e7f | 0000 8b5b | 0849 ba00 | 0000 df3e | 7f00 0049 | 03da 483b | 98a8 0700 
  0x00007f3f3d43b378: 0075 0d48 | 8380 b007 | 0000 01e9 | 6600 0000 | 483b 98b8 | 0700 0075 | 0d48 8380 | c007 0000 
  0x00007f3f3d43b398: 01e9 5000 | 0000 4881 | b8a8 0700 | 0000 0000 | 0075 1748 | 8998 a807 | 0000 48c7 | 80b0 0700 
  0x00007f3f3d43b3b8: 0001 0000 | 00e9 2c00 | 0000 4881 | b8b8 0700 | 0000 0000 | 0075 1748 | 8998 b807 | 0000 48c7 
  0x00007f3f3d43b3d8: 80c0 0700 | 0001 0000 | 00e9 0800 | 0000 4883 | 8098 0700 | 0001 488b | f70f 1f40 | 0048 b840 
  0x00007f3f3d43b3f8: e100 df3e 

  0x00007f3f3d43b3fc: ;   {virtual_call}
  0x00007f3f3d43b3fc: 7f00 00e8 

  0x00007f3f3d43b400: ; ImmutableOopMap {[112]=Oop }
                      ;*invokeinterface iterator {reexecute=0 rethrow=0 return_oop=0}
                      ; - java.util.regex.Pattern::compile@413 (line 1811)
  0x00007f3f3d43b400: 3c26 0300 | 4889 8424 | b800 0000 | e99f 0400 | 000f 1f80 | 0000 0000 | 488b 8424 | b800 0000 
  0x00007f3f3d43b420: ;   {metadata(method data for {method} {0x00007f3edf0e59f0} 'compile' '()V' in 'java/util/regex/Pattern')}
  0x00007f3f3d43b420: 48be f83a | 0fdb 3e7f | 0000 8b40 | 0849 ba00 | 0000 df3e | 7f00 0049 | 03c2 483b | 8638 0800 
  0x00007f3f3d43b440: 0075 0d48 | 8386 4008 | 0000 01e9 | 6600 0000 | 483b 8648 | 0800 0075 | 0d48 8386 | 5008 0000 
  0x00007f3f3d43b460: 01e9 5000 | 0000 4881 | be38 0800 | 0000 0000 | 0075 1748 | 8986 3808 | 0000 48c7 | 8640 0800 
  0x00007f3f3d43b480: 0001 0000 | 00e9 2c00 | 0000 4881 | be48 0800 | 0000 0000 | 0075 1748 | 8986 4808 | 0000 48c7 
  0x00007f3f3d43b4a0: 8650 0800 | 0001 0000 | 00e9 0800 | 0000 4883 | 8628 0800 | 0001 488b | b424 b800 | 0000 0f1f 
  0x00007f3f3d43b4c0: 8000 0000 | 0048 b8e8 | f71a df3e 

  0x00007f3f3d43b4cc: ;   {virtual_call}
  0x00007f3f3d43b4cc: 7f00 00e8 

  0x00007f3f3d43b4d0: ; ImmutableOopMap {[112]=Oop [184]=Oop }
                      ;*invokeinterface next {reexecute=0 rethrow=0 return_oop=0}
                      ; - java.util.regex.Pattern::compile@429 (line 1811)
  0x00007f3f3d43b4d0: ac46 0400 | 4883 f800 

  0x00007f3f3d43b4d8: ;   {metadata(method data for {method} {0x00007f3edf0e59f0} 'compile' '()V' in 'java/util/regex/Pattern')}
  0x00007f3f3d43b4d8: 7516 48bf | f83a 0fdb | 3e7f 0000 | 808f 5908 | 0000 01e9 | d300 0000 

  0x00007f3f3d43b4f0: ;   {metadata('java/util/regex/Pattern$Node')}
  0x00007f3f3d43b4f0: 48bb b051 | 27df 3e7f | 0000 8b78 | 0849 ba00 | 0000 df3e | 7f00 0049 | 03fa 483b | 5f38 0f85 
  0x00007f3f3d43b510: 9300 0000 

  0x00007f3f3d43b514: ;   {metadata(method data for {method} {0x00007f3edf0e59f0} 'compile' '()V' in 'java/util/regex/Pattern')}
  0x00007f3f3d43b514: 48bf f83a | 0fdb 3e7f | 0000 8b58 | 0849 ba00 | 0000 df3e | 7f00 0049 | 03da 483b | 9f70 0800 
  0x00007f3f3d43b534: 0075 0d48 | 8387 7808 | 0000 01e9 | 7f00 0000 | 483b 9f80 | 0800 0075 | 0d48 8387 | 8808 0000 
  0x00007f3f3d43b554: 01e9 6900 | 0000 4881 | bf70 0800 | 0000 0000 | 0075 1748 | 899f 7008 | 0000 48c7 | 8778 0800 
  0x00007f3f3d43b574: 0001 0000 | 00e9 4500 | 0000 4881 | bf80 0800 | 0000 0000 | 0075 1748 | 899f 8008 | 0000 48c7 
  0x00007f3f3d43b594: 8788 0800 | 0001 0000 | 00e9 2100 | 0000 e91c 

  0x00007f3f3d43b5a4: ;   {metadata(method data for {method} {0x00007f3edf0e59f0} 'compile' '()V' in 'java/util/regex/Pattern')}
  0x00007f3f3d43b5a4: 0000 0048 | bff8 3a0f | db3e 7f00 | 0048 83af | 6008 0000 | 01e9 b50d | 0000 e900 | 0000 0048 
  0x00007f3f3d43b5c4: 8bd0 4883 | fa00 7516 

  0x00007f3f3d43b5cc: ;   {metadata(method data for {method} {0x00007f3edf0e59f0} 'compile' '()V' in 'java/util/regex/Pattern')}
  0x00007f3f3d43b5cc: 48bb f83a | 0fdb 3e7f | 0000 808b | 9108 0000 | 01e9 0001 | 0000 660f | 1f44 0000 

  0x00007f3f3d43b5e8: ;   {metadata('java/util/regex/Pattern$Loop')}
  0x00007f3f3d43b5e8: 48b8 1833 | 07e0 3e7f | 0000 8b5a | 0849 ba00 | 0000 df3e | 7f00 0049 | 03da 483b | d80f 8428 
  0x00007f3f3d43b608: 0000 008b | 7814 483b | 043b 0f84 | 1b00 0000 | 83ff 200f | 85a5 0000 

  0x00007f3f3d43b620: ;   {runtime_call slow_subtype_check Runtime1 stub}
  0x00007f3f3d43b620: 0053 50e8 | 582f 5f07 | 5b58 83f8 | 000f 8493 

  0x00007f3f3d43b630: ;   {metadata(method data for {method} {0x00007f3edf0e59f0} 'compile' '()V' in 'java/util/regex/Pattern')}
  0x00007f3f3d43b630: 0000 0048 | bbf8 3a0f | db3e 7f00 | 008b 4208 | 49ba 0000 | 00df 3e7f | 0000 4903 | c248 3b83 
  0x00007f3f3d43b650: a808 0000 | 750d 4883 | 83b0 0800 | 0001 e984 | 0000 0048 | 3b83 b808 | 0000 750d | 4883 83c0 
  0x00007f3f3d43b670: 0800 0001 | e96e 0000 | 0048 81bb | a808 0000 | 0000 0000 | 7517 4889 | 83a8 0800 | 0048 c783 
  0x00007f3f3d43b690: b008 0000 | 0100 0000 | e94a 0000 | 0048 81bb | b808 0000 | 0000 0000 | 7517 4889 | 83b8 0800 
  0x00007f3f3d43b6b0: 0048 c783 | c008 0000 | 0100 0000 | e926 0000 | 00e9 2100 

  0x00007f3f3d43b6c4: ;   {metadata(method data for {method} {0x00007f3edf0e59f0} 'compile' '()V' in 'java/util/regex/Pattern')}
  0x00007f3f3d43b6c4: 0000 48bb | f83a 0fdb | 3e7f 0000 | 4883 ab98 | 0800 0001 | e905 0000 | 00e9 0500 | 0000 4833 
  0x00007f3f3d43b6e4: f6eb 0a48 | be01 0000 | 0000 0000 | 0083 fe00 

  0x00007f3f3d43b6f4: ;   {metadata(method data for {method} {0x00007f3edf0e59f0} 'compile' '()V' in 'java/util/regex/Pattern')}
  0x00007f3f3d43b6f4: 48be f83a | 0fdb 3e7f | 0000 48c7 | c7d0 0800 | 000f 8407 | 0000 0048 | c7c7 e008 | 0000 488b 
  0x00007f3f3d43b714: 1c3e 488d | 5b01 4889 | 1c3e 488b | 7424 700f | 843d 0100 | 0048 83fa 

  0x00007f3f3d43b72c: ;   {metadata(method data for {method} {0x00007f3edf0e59f0} 'compile' '()V' in 'java/util/regex/Pattern')}
  0x00007f3f3d43b72c: 0075 1648 | b8f8 3a0f | db3e 7f00 | 0080 88e9 | 0800 0001 | e9fd 0000 | 0066 6690 

  0x00007f3f3d43b748: ;   {metadata('java/util/regex/Pattern$Loop')}
  0x00007f3f3d43b748: 48b9 1833 | 07e0 3e7f | 0000 8b42 | 0849 ba00 | 0000 df3e | 7f00 0049 | 03c2 483b | c10f 8428 
  0x00007f3f3d43b768: 0000 008b | 5914 483b | 0c18 0f84 | 1b00 0000 | 83fb 200f | 85a5 0000 

  0x00007f3f3d43b780: ;   {runtime_call slow_subtype_check Runtime1 stub}
  0x00007f3f3d43b780: 0050 51e8 | f82d 5f07 | 5859 83f9 | 000f 8493 

  0x00007f3f3d43b790: ;   {metadata(method data for {method} {0x00007f3edf0e59f0} 'compile' '()V' in 'java/util/regex/Pattern')}
  0x00007f3f3d43b790: 0000 0048 | b8f8 3a0f | db3e 7f00 | 008b 4a08 | 49ba 0000 | 00df 3e7f | 0000 4903 | ca48 3b88 
  0x00007f3f3d43b7b0: 0009 0000 | 750d 4883 | 8008 0900 | 0001 e97f | 0000 0048 | 3b88 1009 | 0000 750d | 4883 8018 
  0x00007f3f3d43b7d0: 0900 0001 | e969 0000 | 0048 81b8 | 0009 0000 | 0000 0000 | 7517 4889 | 8800 0900 | 0048 c780 
  0x00007f3f3d43b7f0: 0809 0000 | 0100 0000 | e945 0000 | 0048 81b8 | 1009 0000 | 0000 0000 | 7517 4889 | 8810 0900 
  0x00007f3f3d43b810: 0048 c780 | 1809 0000 | 0100 0000 | e921 0000 | 00e9 1c00 

  0x00007f3f3d43b824: ;   {metadata(method data for {method} {0x00007f3edf0e59f0} 'compile' '()V' in 'java/util/regex/Pattern')}
  0x00007f3f3d43b824: 0000 48b8 | f83a 0fdb | 3e7f 0000 | 4883 a8f0 | 0800 0001 | e971 0b00 | 00e9 0000 | 0000 488b 
  0x00007f3f3d43b844: fa8b 5614 | 488b daff | c389 5e14 | 4883 ff00 | 0f84 5d0b | 0000 660f | 1f44 0000 

  0x00007f3f3d43b860: ; implicit exception: dispatches to 0x00007f3f3d43c3c4
  0x00007f3f3d43b860: 8997 2000 

  0x00007f3f3d43b864: ;   {metadata(method data for {method} {0x00007f3edf0e59f0} 'compile' '()V' in 'java/util/regex/Pattern')}
  0x00007f3f3d43b864: 0000 48ba | f83a 0fdb | 3e7f 0000 | 8bba f800 | 0000 83c7 | 0289 baf8 | 0000 0081 | e7fe 3f00 
  0x00007f3f3d43b884: 0083 ff00 | 0f84 500b | 0000 4d8b | 9748 0300 

  0x00007f3f3d43b894: ; ImmutableOopMap {[184]=Oop rsi=Oop [112]=Oop }
                      ;*goto {reexecute=1 rethrow=0 return_oop=0}
                      ; - (reexecute) java.util.regex.Pattern::compile@466 (line 1816)
                      ;   {poll}
  0x00007f3f3d43b894: 0041 8502 

  0x00007f3f3d43b898: ;   {metadata(method data for {method} {0x00007f3edf0e59f0} 'compile' '()V' in 'java/util/regex/Pattern')}
  0x00007f3f3d43b898: 48ba f83a | 0fdb 3e7f | 0000 ff82 | 2809 0000 | 488b 8424 | b800 0000 

  0x00007f3f3d43b8b0: ; implicit exception: dispatches to 0x00007f3f3d43c3ff
  0x00007f3f3d43b8b0: 483b 0048 

  0x00007f3f3d43b8b4: ;   {metadata(method data for {method} {0x00007f3edf0e59f0} 'compile' '()V' in 'java/util/regex/Pattern')}
  0x00007f3f3d43b8b4: 8bf8 48bb | f83a 0fdb | 3e7f 0000 | 8b7f 0849 | ba00 0000 | df3e 7f00 | 0049 03fa | 483b bbe0 
  0x00007f3f3d43b8d4: 0700 0075 | 0d48 8383 | e807 0000 | 01e9 6600 | 0000 483b | bbf0 0700 | 0075 0d48 | 8383 f807 
  0x00007f3f3d43b8f4: 0000 01e9 | 5000 0000 | 4881 bbe0 | 0700 0000 | 0000 0075 | 1748 89bb | e007 0000 | 48c7 83e8 
  0x00007f3f3d43b914: 0700 0001 | 0000 00e9 | 2c00 0000 | 4881 bbf0 | 0700 0000 | 0000 0075 | 1748 89bb | f007 0000 
  0x00007f3f3d43b934: 48c7 83f8 | 0700 0001 | 0000 00e9 | 0800 0000 | 4883 83d0 | 0700 0001 | 488b f066 | 0f1f 4400 
  0x00007f3f3d43b954: 0048 b8e8 | f71a df3e 

  0x00007f3f3d43b95c: ;   {virtual_call}
  0x00007f3f3d43b95c: 7f00 00e8 

  0x00007f3f3d43b960: ; ImmutableOopMap {[112]=Oop [184]=Oop }
                      ;*invokeinterface hasNext {reexecute=0 rethrow=0 return_oop=0}
                      ; - java.util.regex.Pattern::compile@420 (line 1811)
  0x00007f3f3d43b960: fc9a 5407 

  0x00007f3f3d43b964: ;   {metadata(method data for {method} {0x00007f3edf0e59f0} 'compile' '()V' in 'java/util/regex/Pattern')}
  0x00007f3f3d43b964: 83f8 0048 | bef8 3a0f | db3e 7f00 | 0048 c7c7 | 1808 0000 | 0f85 0700 | 0000 48c7 | c708 0800 
  0x00007f3f3d43b984: 0048 8b1c | 3e48 8d5b | 0148 891c | 3e0f 8581 | faff ff48 | 8b74 2470 | e97e 0100 | 0048 8bd6 
  0x00007f3f3d43b9a4: ;   {metadata(method data for {method} {0x00007f3edf0e59f0} 'compile' '()V' in 'java/util/regex/Pattern')}
  0x00007f3f3d43b9a4: 48bf f83a | 0fdb 3e7f | 0000 4883 | 8798 0400 

  0x00007f3f3d43b9b4: ;   {metadata(method data for {method} {0x00007f3edf0e5fc8} 'peek' '()I' in 'java/util/regex/Pattern')}
  0x00007f3f3d43b9b4: 0001 48ba | 68bd 0edb | 3e7f 0000 | 8bba f400 | 0000 83c7 | 0289 baf4 | 0000 0081 | e7fe ff1f 
  0x00007f3f3d43b9d4: 0083 ff00 | 0f84 260a | 0000 8b56 | 503b 5a0c | 0f83 450a | 0000 4863 | db8b 549a | 1048 8bfe 
  0x00007f3f3d43b9f4: ;   {metadata(method data for {method} {0x00007f3edf0e5fc8} 'peek' '()I' in 'java/util/regex/Pattern')}
  0x00007f3f3d43b9f4: 48bb 68bd | 0edb 3e7f | 0000 4883 | 8338 0100 

  0x00007f3f3d43ba04: ;   {metadata(method data for {method} {0x00007f3edf0e67b0} 'has' '(I)Z' in 'java/util/regex/Pattern')}
  0x00007f3f3d43ba04: 0001 48bf | 20a6 0edb | 3e7f 0000 | 8b9f f400 | 0000 83c3 | 0289 9ff4 | 0000 0081 | e3fe ff1f 
  0x00007f3f3d43ba24: 0083 fb00 | 0f84 0f0a | 0000 8b7e | 1083 e704 

  0x00007f3f3d43ba34: ;   {metadata(method data for {method} {0x00007f3edf0e67b0} 'has' '(I)Z' in 'java/util/regex/Pattern')}
  0x00007f3f3d43ba34: 83ff 0048 | bf20 a60e | db3e 7f00 | 0048 c7c3 | 3801 0000 | 0f84 0700 | 0000 48c7 | c348 0100 
  0x00007f3f3d43ba54: 0048 8b04 | 1f48 8d40 | 0148 8904 | 1f0f 841a 

  0x00007f3f3d43ba64: ;   {metadata(method data for {method} {0x00007f3edf0e67b0} 'has' '(I)Z' in 'java/util/regex/Pattern')}
  0x00007f3f3d43ba64: 0000 0048 | bf20 a60e | db3e 7f00 | 00ff 8758 | 0100 00bf | 0100 0000 | e905 0000 | 00bf 0000 
  0x00007f3f3d43ba84: 0000 83e7 | 0183 ff00 

  0x00007f3f3d43ba8c: ;   {metadata(method data for {method} {0x00007f3edf0e5fc8} 'peek' '()I' in 'java/util/regex/Pattern')}
  0x00007f3f3d43ba8c: 48bf 68bd | 0edb 3e7f | 0000 48c7 | c370 0100 | 000f 8407 | 0000 0048 | c7c3 8001 | 0000 488b 
  0x00007f3f3d43baac: 041f 488d | 4001 4889 | 041f 0f84 | 2300 0000 

  0x00007f3f3d43babc: ;   {metadata(method data for {method} {0x00007f3edf0e5fc8} 'peek' '()I' in 'java/util/regex/Pattern')}
  0x00007f3f3d43babc: 488b fe48 | bb68 bd0e | db3e 7f00 | 0048 8383 | 9001 0000 | 0148 8bfe 

  0x00007f3f3d43bad4: ;   {optimized virtual_call}
  0x00007f3f3d43bad4: 488b f7e8 

  0x00007f3f3d43bad8: ; ImmutableOopMap {[112]=Oop }
                      ;*invokevirtual peekPastWhitespace {reexecute=0 rethrow=0 return_oop=0}
                      ; - java.util.regex.Pattern::peek@20 (line 1895)
                      ; - java.util.regex.Pattern::compile@240 (line 1786)
  0x00007f3f3d43bad8: a4cb 5407 | 488b d083 

  0x00007f3f3d43bae0: ;   {metadata(method data for {method} {0x00007f3edf0e59f0} 'compile' '()V' in 'java/util/regex/Pattern')}
  0x00007f3f3d43bae0: fa29 48ba | f83a 0fdb | 3e7f 0000 | 48c7 c6d0 | 0400 000f | 8507 0000 | 0048 c7c6 | e004 0000 
  0x00007f3f3d43bb00: 488b 3c32 | 488d 7f01 | 4889 3c32 | 488b 7424 | 7048 8bd6 | 0f85 b200 | 0000 e97f | 0000 0041 
  0x00007f3f3d43bb20: 0fbe 5738 | 83fa 000f | 8531 0900 | 00c7 4650 | 0000 0000 | 410f be57 | 3883 fa00 | 0f85 3709 
  0x00007f3f3d43bb40: 0000 c746 | 3c00 0000 | 0041 0fbe | 5738 83fa | 000f 853d | 0900 00c7 | 4648 0000 | 0000 c746 
  0x00007f3f3d43bb60: 2400 0000 | 00ba 0100 | 0000 8856 | 28f0 8344 | 24c0 0041 | 0fbe 5738 | 83fa 000f | 852e 0900 
  0x00007f3f3d43bb80: 00c7 464c | 0000 0000 | 4881 c4d0 | 0000 005d 

  0x00007f3f3d43bb90: ;   {poll_return}
  0x00007f3f3d43bb90: 493b a740 | 0300 000f | 872d 0900 

  0x00007f3f3d43bb9c: ;   {metadata(method data for {method} {0x00007f3edf0e59f0} 'compile' '()V' in 'java/util/regex/Pattern')}
  0x00007f3f3d43bb9c: 00c3 48bf | f83a 0fdb | 3e7f 0000 | 4883 87f0 | 0400 0001 

  0x00007f3f3d43bbb0: ;   {oop("Unmatched closing ')'"{0x00000000fff3e6e0})}
  0x00007f3f3d43bbb0: 48ba e0e6 | f3ff 0000 | 0000 0f1f 

  0x00007f3f3d43bbbc: ;   {optimized virtual_call}
  0x00007f3f3d43bbbc: 4400 00e8 

  0x00007f3f3d43bbc0: ; ImmutableOopMap {}
                      ;*invokevirtual error {reexecute=0 rethrow=0 return_oop=0}
                      ; - java.util.regex.Pattern::compile@252 (line 1787)
  0x00007f3f3d43bbc0: bcca 5407 

  0x00007f3f3d43bbc4: ; implicit exception: dispatches to 0x00007f3f3d43c4e0
  0x00007f3f3d43bbc4: 483b 00e9 | 4209 0000 

  0x00007f3f3d43bbcc: ;   {metadata(method data for {method} {0x00007f3edf0e59f0} 'compile' '()V' in 'java/util/regex/Pattern')}
  0x00007f3f3d43bbcc: 48bf f83a | 0fdb 3e7f | 0000 4883 | 8728 0500 

  0x00007f3f3d43bbdc: ;   {oop("Unexpected internal error"{0x00000000fff057e0})}
  0x00007f3f3d43bbdc: 0001 48ba | e057 f0ff | 0000 0000 | 0f1f 8000 

  0x00007f3f3d43bbec: ;   {optimized virtual_call}
  0x00007f3f3d43bbec: 0000 00e8 

  0x00007f3f3d43bbf0: ; ImmutableOopMap {}
                      ;*invokevirtual error {reexecute=0 rethrow=0 return_oop=0}
                      ; - java.util.regex.Pattern::compile@260 (line 1789)
  0x00007f3f3d43bbf0: 8cca 5407 

  0x00007f3f3d43bbf4: ; implicit exception: dispatches to 0x00007f3f3d43c4e5
  0x00007f3f3d43bbf4: 483b 00e9 | 1209 0000 

  0x00007f3f3d43bbfc: ;   {metadata({method} {0x00007f3edf0e59f0} 'compile' '()V' in 'java/util/regex/Pattern')}
  0x00007f3f3d43bbfc: 49ba f059 | 0edf 3e7f | 0000 4c89 | 5424 0848 | c704 24ff 

  0x00007f3f3d43bc10: ;   {runtime_call counter_overflow Runtime1 stub}
  0x00007f3f3d43bc10: ffff ffe8 

  0x00007f3f3d43bc14: ; ImmutableOopMap {rsi=Oop [112]=Oop }
                      ;*synchronization entry
                      ; - java.util.regex.Pattern::compile@-1 (line 1744)
  0x00007f3f3d43bc14: e85c 5f07 | e9ff ddff 

  0x00007f3f3d43bc1c: ;   {metadata({method} {0x00007f3edf0e67b0} 'has' '(I)Z' in 'java/util/regex/Pattern')}
  0x00007f3f3d43bc1c: ff49 bab0 | 670e df3e | 7f00 004c | 8954 2408 | 48c7 0424 | ffff ffff 

  0x00007f3f3d43bc34: ;   {runtime_call counter_overflow Runtime1 stub}
  0x00007f3f3d43bc34: e8c7 5c5f 

  0x00007f3f3d43bc38: ; ImmutableOopMap {rsi=Oop [112]=Oop }
                      ;*synchronization entry
                      ; - java.util.regex.Pattern::has@-1 (line 1867)
                      ; - java.util.regex.Pattern::compile@4 (line 1744)
  0x00007f3f3d43bc38: 07e9 1bde 

  0x00007f3f3d43bc3c: ;   {metadata({method} {0x00007f3edf0e67b0} 'has' '(I)Z' in 'java/util/regex/Pattern')}
  0x00007f3f3d43bc3c: ffff 49ba | b067 0edf | 3e7f 0000 | 4c89 5424 | 0848 c704 | 24ff ffff 

  0x00007f3f3d43bc54: ;   {runtime_call counter_overflow Runtime1 stub}
  0x00007f3f3d43bc54: ffe8 a65c 

  0x00007f3f3d43bc58: ; ImmutableOopMap {rsi=Oop [112]=Oop }
                      ;*synchronization entry
                      ; - java.util.regex.Pattern::has@-1 (line 1867)
                      ; - java.util.regex.Pattern::compile@13 (line 1744)
  0x00007f3f3d43bc58: 5f07 e9cb | deff ff8b | 5e30 4883 | fb00 0f84 | 5adf ffff | 4889 1c24 

  0x00007f3f3d43bc70: ;   {runtime_call g1_pre_barrier_slow}
  0x00007f3f3d43bc70: e88b 635f | 07e9 4cdf | ffff 4883 | ff00 0f84 | 5ddf ffff | 4889 3424 

  0x00007f3f3d43bc88: ;   {runtime_call g1_post_barrier_slow}
  0x00007f3f3d43bc88: e8f3 665f | 07e9 4fdf | ffff 8b4e | 3048 83f9 | 000f 8478 | dfff ff48 

  0x00007f3f3d43bca0: ;   {runtime_call g1_pre_barrier_slow}
  0x00007f3f3d43bca0: 890c 24e8 | 5863 5f07 | e96a dfff | ff48 83f8 | 000f 847b | dfff ff48 

  0x00007f3f3d43bcb8: ;   {runtime_call g1_post_barrier_slow}
  0x00007f3f3d43bcb8: 8934 24e8 | c066 5f07 | e96d dfff 

  0x00007f3f3d43bcc4: ;   {runtime_call throw_null_pointer_exception Runtime1 stub}
  0x00007f3f3d43bcc4: ffe8 d6ee 

  0x00007f3f3d43bcc8: ; ImmutableOopMap {rsi=Oop [112]=Oop rcx=Oop }
                      ;*invokevirtual length {reexecute=0 rethrow=0 return_oop=0}
                      ; - java.util.regex.Pattern::compile@46 (line 1749)
                      ;   {metadata({method} {0x00007f3edf42aff8} 'length' '()I' in 'java/lang/String')}
  0x00007f3f3d43bcc8: 5e07 49ba | f8af 42df | 3e7f 0000 | 4c89 5424 | 0848 c704 | 24ff ffff 

  0x00007f3f3d43bce0: ;   {runtime_call counter_overflow Runtime1 stub}
  0x00007f3f3d43bce0: ffe8 1a5c 

  0x00007f3f3d43bce4: ; ImmutableOopMap {rsi=Oop [112]=Oop rcx=Oop }
                      ;*synchronization entry
                      ; - java.lang.String::length@-1 (line 1481)
                      ; - java.util.regex.Pattern::compile@46 (line 1749)
  0x00007f3f3d43bce4: 5f07 e99a 

  0x00007f3f3d43bce8: ;   {runtime_call throw_null_pointer_exception Runtime1 stub}
  0x00007f3f3d43bce8: dfff ffe8 

  0x00007f3f3d43bcec: ; ImmutableOopMap {rsi=Oop [112]=Oop rcx=Oop }
                      ;*arraylength {reexecute=0 rethrow=0 return_oop=0}
                      ; - java.lang.String::length@4 (line 1481)
                      ; - java.util.regex.Pattern::compile@46 (line 1749)
  0x00007f3f3d43bcec: b0ee 5e07 

  0x00007f3f3d43bcf0: ;   {metadata({method} {0x00007f3edf42bf00} 'coder' '()B' in 'java/lang/String')}
  0x00007f3f3d43bcf0: 49ba 00bf | 42df 3e7f | 0000 4c89 | 5424 0848 | c704 24ff 

  0x00007f3f3d43bd04: ;   {runtime_call counter_overflow Runtime1 stub}
  0x00007f3f3d43bd04: ffff ffe8 

  0x00007f3f3d43bd08: ; ImmutableOopMap {rsi=Oop [112]=Oop rcx=Oop }
                      ;*synchronization entry
                      ; - java.lang.String::coder@-1 (line 4545)
                      ; - java.lang.String::length@6 (line 1481)
                      ; - java.util.regex.Pattern::compile@46 (line 1749)
  0x00007f3f3d43bd08: f45b 5f07 | e9b7 dfff 

  0x00007f3f3d43bd10: ;   {runtime_call new_type_array Runtime1 stub}
  0x00007f3f3d43bd10: ffe8 6a08 

  0x00007f3f3d43bd14: ; ImmutableOopMap {r8=Oop [112]=Oop }
                      ;*newarray {reexecute=0 rethrow=0 return_oop=0}
                      ; - java.util.regex.Pattern::compile@59 (line 1753)
  0x00007f3f3d43bd14: 5f07 e974 | e0ff ff41 | 8b50 5048 | 83fa 000f | 8474 e0ff | ff48 8914 

  0x00007f3f3d43bd2c: ;   {runtime_call g1_pre_barrier_slow}
  0x00007f3f3d43bd2c: 24e8 ce62 | 5f07 e966 | e0ff ff48 | 83f8 000f | 8477 e0ff | ff4c 8904 

  0x00007f3f3d43bd44: ;   {runtime_call g1_post_barrier_slow}
  0x00007f3f3d43bd44: 24e8 3666 | 5f07 e969 

  0x00007f3f3d43bd4c: ;   {runtime_call throw_null_pointer_exception Runtime1 stub}
  0x00007f3f3d43bd4c: e0ff ffe8 

  0x00007f3f3d43bd50: ; ImmutableOopMap {r8=Oop [112]=Oop rsi=Oop }
                      ;*invokevirtual codePointAt {reexecute=0 rethrow=0 return_oop=0}
                      ; - java.util.regex.Pattern::compile@86 (line 1759)
  0x00007f3f3d43bd50: 4cee 5e07 

  0x00007f3f3d43bd54: ;   {metadata({method} {0x00007f3edf0e6808} 'isSupplementary' '(I)Z' in 'java/util/regex/Pattern')}
  0x00007f3f3d43bd54: 49ba 0868 | 0edf 3e7f | 0000 4c89 | 5424 0848 | c704 24ff 

  0x00007f3f3d43bd68: ;   {runtime_call counter_overflow Runtime1 stub}
  0x00007f3f3d43bd68: ffff ffe8 

  0x00007f3f3d43bd6c: ; ImmutableOopMap {[112]=Oop }
                      ;*synchronization entry
                      ; - java.util.regex.Pattern::isSupplementary@-1 (line 2048)
                      ; - java.util.regex.Pattern::compile@91 (line 1760)
  0x00007f3f3d43bd6c: 905b 5f07 | e9f9 e0ff 

  0x00007f3f3d43bd74: ;   {metadata({method} {0x00007f3edf038f00} 'isSurrogate' '(C)Z' in 'java/lang/Character')}
  0x00007f3f3d43bd74: ff49 ba00 | 8f03 df3e | 7f00 004c | 8954 2408 | 48c7 0424 | ffff ffff 

  0x00007f3f3d43bd8c: ;   {runtime_call counter_overflow Runtime1 stub}
  0x00007f3f3d43bd8c: e86f 5b5f 

  0x00007f3f3d43bd90: ; ImmutableOopMap {[112]=Oop }
                      ;*synchronization entry
                      ; - java.lang.Character::isSurrogate@-1 (line 8820)
                      ; - java.util.regex.Pattern::isSupplementary@9 (line 2049)
                      ; - java.util.regex.Pattern::compile@91 (line 1760)
  0x00007f3f3d43bd90: 07e9 51e1 

  0x00007f3f3d43bd94: ;   {runtime_call throw_null_pointer_exception Runtime1 stub}
  0x00007f3f3d43bd94: ffff e805 

  0x00007f3f3d43bd98: ; ImmutableOopMap {rsi=Oop [112]=Oop rdi=Oop }
                      ;*iastore {reexecute=0 rethrow=0 return_oop=0}
                      ; - java.util.regex.Pattern::compile@111 (line 1763)
                      ;   {runtime_call throw_null_pointer_exception Runtime1 stub}
  0x00007f3f3d43bd98: ee5e 07e8 

  0x00007f3f3d43bd9c: ; ImmutableOopMap {rsi=Oop [112]=Oop rdi=Oop }
                      ;*iastore {reexecute=0 rethrow=0 return_oop=0}
                      ; - java.util.regex.Pattern::compile@111 (line 1763)
  0x00007f3f3d43bd9c: 00ee 5e07 | 4889 1c24 | 4889 7c24 

  0x00007f3f3d43bda8: ;   {runtime_call throw_range_check_failed Runtime1 stub}
  0x00007f3f3d43bda8: 08e8 f2e4 

  0x00007f3f3d43bdac: ; ImmutableOopMap {rsi=Oop [112]=Oop rdi=Oop }
                      ;*iastore {reexecute=0 rethrow=0 return_oop=0}
                      ; - java.util.regex.Pattern::compile@111 (line 1763)
                      ;   {metadata({method} {0x00007f3edf03a3f8} 'charCount' '(I)I' in 'java/lang/Character')}
  0x00007f3f3d43bdac: 5e07 49ba | f8a3 03df | 3e7f 0000 | 4c89 5424 | 0848 c704 | 24ff ffff 

  0x00007f3f3d43bdc4: ;   {runtime_call counter_overflow Runtime1 stub}
  0x00007f3f3d43bdc4: ffe8 365b 

  0x00007f3f3d43bdc8: ; ImmutableOopMap {rsi=Oop [112]=Oop }
                      ;*synchronization entry
                      ; - java.lang.Character::charCount@-1 (line 8862)
                      ; - java.util.regex.Pattern::compile@114 (line 1758)
  0x00007f3f3d43bdc8: 5f07 e99b 

  0x00007f3f3d43bdcc: ;   {metadata({method} {0x00007f3edf0e59f0} 'compile' '()V' in 'java/util/regex/Pattern')}
  0x00007f3f3d43bdcc: e2ff ff49 | baf0 590e | df3e 7f00 | 004c 8954 | 2408 48c7 | 0424 7700 

  0x00007f3f3d43bde4: ;   {runtime_call counter_overflow Runtime1 stub}
  0x00007f3f3d43bde4: 0000 e815 

  0x00007f3f3d43bde8: ; ImmutableOopMap {rsi=Oop [112]=Oop }
                      ;*goto {reexecute=1 rethrow=0 return_oop=0}
                      ; - (reexecute) java.util.regex.Pattern::compile@119 (line 1758)
  0x00007f3f3d43bde8: 5b5f 07e9 | fbe2 ffff 

  0x00007f3f3d43bdf0: ;   {metadata({method} {0x00007f3edf0e67b0} 'has' '(I)Z' in 'java/util/regex/Pattern')}
  0x00007f3f3d43bdf0: 49ba b067 | 0edf 3e7f | 0000 4c89 | 5424 0848 | c704 24ff 

  0x00007f3f3d43be04: ;   {runtime_call counter_overflow Runtime1 stub}
  0x00007f3f3d43be04: ffff ffe8 

  0x00007f3f3d43be08: ; ImmutableOopMap {rsi=Oop [112]=Oop }
                      ;*synchronization entry
                      ; - java.util.regex.Pattern::has@-1 (line 1867)
                      ; - java.util.regex.Pattern::compile@130 (line 1768)
  0x00007f3f3d43be08: f45a 5f07 | e94a e3ff 

  0x00007f3f3d43be10: ;   {runtime_call new_type_array Runtime1 stub}
  0x00007f3f3d43be10: ffe8 6a07 

  0x00007f3f3d43be14: ; ImmutableOopMap {r8=Oop [112]=Oop }
                      ;*newarray {reexecute=0 rethrow=0 return_oop=0}
                      ; - java.util.regex.Pattern::compile@143 (line 1772)
  0x00007f3f3d43be14: 5f07 e990 | e4ff ff41 | 8b58 3c48 | 83fb 000f | 8490 e4ff | ff48 891c 

  0x00007f3f3d43be2c: ;   {runtime_call g1_pre_barrier_slow}
  0x00007f3f3d43be2c: 24e8 ce61 | 5f07 e982 | e4ff ff48 | 83f8 000f | 8493 e4ff | ff4c 8904 

  0x00007f3f3d43be44: ;   {runtime_call g1_post_barrier_slow}
  0x00007f3f3d43be44: 24e8 3665 | 5f07 e985 

  0x00007f3f3d43be4c: ;   {runtime_call new_object_array Runtime1 stub}
  0x00007f3f3d43be4c: e4ff ffe8 

  0x00007f3f3d43be50: ; ImmutableOopMap {r8=Oop [112]=Oop }
                      ;*anewarray {reexecute=0 rethrow=0 return_oop=0}
                      ; - java.util.regex.Pattern::compile@151 (line 1773)
  0x00007f3f3d43be50: ac0d 5f07 | e912 e5ff | ff41 8b50 | 4848 83fa | 000f 8412 | e5ff ff48 

  0x00007f3f3d43be68: ;   {runtime_call g1_pre_barrier_slow}
  0x00007f3f3d43be68: 8914 24e8 | 9061 5f07 | e904 e5ff | ff48 83f8 | 000f 8415 | e5ff ff4c 

  0x00007f3f3d43be80: ;   {runtime_call g1_post_barrier_slow}
  0x00007f3f3d43be80: 8904 24e8 | f864 5f07 | e907 e5ff | ff41 8b70 | 4448 83fe | 000f 8411 | e5ff ff48 

  0x00007f3f3d43be9c: ;   {runtime_call g1_pre_barrier_slow}
  0x00007f3f3d43be9c: 8934 24e8 | 5c61 5f07 | e903 e5ff | ff48 83fa | 000f 841a | e5ff ff4c 

  0x00007f3f3d43beb4: ;   {runtime_call g1_post_barrier_slow}
  0x00007f3f3d43beb4: 8904 24e8 | c464 5f07 | e90c e5ff | ff48 8bd2 

  0x00007f3f3d43bec4: ;   {runtime_call fast_new_instance Runtime1 stub}
  0x00007f3f3d43bec4: e8b7 f65e 

  0x00007f3f3d43bec8: ; ImmutableOopMap {r8=Oop [112]=Oop }
                      ;*new {reexecute=0 rethrow=0 return_oop=0}
                      ; - java.util.regex.Pattern::compile@163 (line 1775)
  0x00007f3f3d43bec8: 07e9 4fe5 | ffff 8b56 | 4c48 83fa | 000f 8484 | e5ff ff48 

  0x00007f3f3d43bedc: ;   {runtime_call g1_pre_barrier_slow}
  0x00007f3f3d43bedc: 8914 24e8 | 1c61 5f07 | e976 e5ff | ff48 83f8 | 000f 848f | e5ff ff48 

  0x00007f3f3d43bef4: ;   {runtime_call g1_post_barrier_slow}
  0x00007f3f3d43bef4: 8934 24e8 | 8464 5f07 | e981 e5ff 

  0x00007f3f3d43bf00: ;   {metadata({method} {0x00007f3edf0e67b0} 'has' '(I)Z' in 'java/util/regex/Pattern')}
  0x00007f3f3d43bf00: ff49 bab0 | 670e df3e | 7f00 004c | 8954 2408 | 48c7 0424 | ffff ffff 

  0x00007f3f3d43bf18: ;   {runtime_call counter_overflow Runtime1 stub}
  0x00007f3f3d43bf18: e8e3 595f 

  0x00007f3f3d43bf1c: ; ImmutableOopMap {rsi=Oop [112]=Oop }
                      ;*synchronization entry
                      ; - java.util.regex.Pattern::has@-1 (line 1867)
                      ; - java.util.regex.Pattern::compile@178 (line 1777)
  0x00007f3f3d43bf1c: 07e9 9de5 | ffff 8b56 | 3848 83fa | 000f 8460 | e6ff ff48 

  0x00007f3f3d43bf30: ;   {runtime_call g1_pre_barrier_slow}
  0x00007f3f3d43bf30: 8914 24e8 | c860 5f07 | e952 e6ff | ff48 83f8 | 000f 8463 | e6ff ff48 

  0x00007f3f3d43bf48: ;   {runtime_call g1_post_barrier_slow}
  0x00007f3f3d43bf48: 8934 24e8 | 3064 5f07 | e955 e6ff | ff8b 500c | 4883 fa00 | 0f84 56e6 | ffff 4889 

  0x00007f3f3d43bf64: ;   {runtime_call g1_pre_barrier_slow}
  0x00007f3f3d43bf64: 1424 e895 | 605f 07e9 | 48e6 ffff 

  0x00007f3f3d43bf70: ;   {runtime_call throw_null_pointer_exception Runtime1 stub}
  0x00007f3f3d43bf70: e82b ec5e 

  0x00007f3f3d43bf74: ; ImmutableOopMap {rax=Oop rsi=Oop [112]=Oop }
                      ;*putfield next {reexecute=1 rethrow=0 return_oop=0}
                      ; - (reexecute) java.util.regex.Pattern::compile@211 (line 1780)
  0x00007f3f3d43bf74: 0748 83fa | 000f 8465 | e6ff ff48 

  0x00007f3f3d43bf80: ;   {runtime_call g1_post_barrier_slow}
  0x00007f3f3d43bf80: 8904 24e8 | f863 5f07 | e957 e6ff | ff8b 7e38 | 4883 ff00 | 0f84 9de6 | ffff 4889 

  0x00007f3f3d43bf9c: ;   {runtime_call g1_pre_barrier_slow}
  0x00007f3f3d43bf9c: 3c24 e85d | 605f 07e9 | 8fe6 ffff | 4883 f800 | 0f84 a0e6 | ffff 4889 

  0x00007f3f3d43bfb4: ;   {runtime_call g1_post_barrier_slow}
  0x00007f3f3d43bfb4: 3424 e8c5 | 635f 07e9 | 92e6 ffff | 8b56 3448 | 83fa 000f | 8422 e8ff | ff48 8914 

  0x00007f3f3d43bfd0: ;   {runtime_call g1_pre_barrier_slow}
  0x00007f3f3d43bfd0: 24e8 2a60 | 5f07 e914 | e8ff ff48 | 83f8 000f | 8425 e8ff | ff48 8934 

  0x00007f3f3d43bfe8: ;   {runtime_call g1_post_barrier_slow}
  0x00007f3f3d43bfe8: 24e8 9263 | 5f07 e917 

  0x00007f3f3d43bff0: ;   {metadata('java/util/regex/Pattern$StartS')}
  0x00007f3f3d43bff0: e8ff ff48 | bad8 1c0f | df3e 7f00 | 00b8 000f 

  0x00007f3f3d43c000: ;   {runtime_call load_klass_patching Runtime1 stub}
  0x00007f3f3d43c000: 050a e879 

  0x00007f3f3d43c004: ; ImmutableOopMap {rbx=Oop [112]=Oop }
                      ;*new {reexecute=1 rethrow=0 return_oop=0}
                      ; - (reexecute) java.util.regex.Pattern::compile@304 (line 1798)
  0x00007f3f3d43c004: 3f5f 07e9 | 6ce8 ffff 

  0x00007f3f3d43c00c: ;   {runtime_call new_instance Runtime1 stub}
  0x00007f3f3d43c00c: 488b d2e8 

  0x00007f3f3d43c010: ; ImmutableOopMap {rbx=Oop [112]=Oop }
                      ;*new {reexecute=0 rethrow=0 return_oop=0}
                      ; - java.util.regex.Pattern::compile@304 (line 1798)
  0x00007f3f3d43c010: ecf1 5e07 | e96e e8ff | ff48 8bd2 

  0x00007f3f3d43c01c: ;   {runtime_call fast_new_instance Runtime1 stub}
  0x00007f3f3d43c01c: e85f f55e 

  0x00007f3f3d43c020: ; ImmutableOopMap {[112]=Oop rbx=Oop }
                      ;*new {reexecute=0 rethrow=0 return_oop=0}
                      ; - java.util.regex.Pattern::compile@318 (line 1798)
  0x00007f3f3d43c020: 07e9 fbe8 

  0x00007f3f3d43c024: ;   {metadata({method} {0x00007f3edf2cc6e0} '<init>' '(Ljava/util/regex/Pattern$Node;)V' in 'java/util/regex/Pattern$Start')}
  0x00007f3f3d43c024: ffff 49ba | e0c6 2cdf | 3e7f 0000 | 4c89 5424 | 0848 c704 | 24ff ffff 

  0x00007f3f3d43c03c: ;   {runtime_call counter_overflow Runtime1 stub}
  0x00007f3f3d43c03c: ffe8 be58 

  0x00007f3f3d43c040: ; ImmutableOopMap {[112]=Oop rbx=Oop rax=Oop }
                      ;*synchronization entry
                      ; - java.util.regex.Pattern$Start::<init>@-1 (line 3595)
                      ; - java.util.regex.Pattern::compile@326 (line 1798)
  0x00007f3f3d43c040: 5f07 e917 

  0x00007f3f3d43c044: ;   {metadata({method} {0x00007f3edf2cc4d0} '<init>' '()V' in 'java/util/regex/Pattern$Node')}
  0x00007f3f3d43c044: e9ff ff49 | bad0 c42c | df3e 7f00 | 004c 8954 | 2408 48c7 | 0424 ffff 

  0x00007f3f3d43c05c: ;   {runtime_call counter_overflow Runtime1 stub}
  0x00007f3f3d43c05c: ffff e89d 

  0x00007f3f3d43c060: ; ImmutableOopMap {[112]=Oop rbx=Oop rax=Oop }
                      ;*synchronization entry
                      ; - java.util.regex.Pattern$Node::<init>@-1 (line 3547)
                      ; - java.util.regex.Pattern$Start::<init>@1 (line 3595)
                      ; - java.util.regex.Pattern::compile@326 (line 1798)
  0x00007f3f3d43c060: 585f 07e9 | 33e9 ffff 

  0x00007f3f3d43c068: ;   {metadata({method} {0x00007f3edf445468} '<init>' '()V' in 'java/lang/Object')}
  0x00007f3f3d43c068: 49ba 6854 | 44df 3e7f | 0000 4c89 | 5424 0848 | c704 24ff 

  0x00007f3f3d43c07c: ;   {runtime_call counter_overflow Runtime1 stub}
  0x00007f3f3d43c07c: ffff ffe8 

  0x00007f3f3d43c080: ; ImmutableOopMap {[112]=Oop rbx=Oop rax=Oop }
                      ;*synchronization entry
                      ; - java.lang.Object::<init>@-1 (line 44)
                      ; - java.util.regex.Pattern$Node::<init>@1 (line 3547)
                      ; - java.util.regex.Pattern$Start::<init>@1 (line 3595)
                      ; - java.util.regex.Pattern::compile@326 (line 1798)
  0x00007f3f3d43c080: 7c58 5f07 | e94f e9ff | ff8b 500c | 4883 fa00 | 0f84 50e9 | ffff 4889 

  0x00007f3f3d43c098: ;   {runtime_call g1_pre_barrier_slow}
  0x00007f3f3d43c098: 1424 e861 | 5f5f 07e9 | 42e9 ffff | 4883 fa00 | 0f84 64e9 | ffff 4889 

  0x00007f3f3d43c0b0: ;   {runtime_call g1_post_barrier_slow}
  0x00007f3f3d43c0b0: 0424 e8c9 | 625f 07e9 | 56e9 ffff | 8b50 0c48 | 83fa 000f | 8457 e9ff | ff48 8914 

  0x00007f3f3d43c0cc: ;   {runtime_call g1_pre_barrier_slow}
  0x00007f3f3d43c0cc: 24e8 2e5f | 5f07 e949 | e9ff ff48 | 83fb 000f | 845a e9ff | ff48 8904 

  0x00007f3f3d43c0e4: ;   {runtime_call g1_post_barrier_slow}
  0x00007f3f3d43c0e4: 24e8 9662 | 5f07 e94c | e9ff ff48 

  0x00007f3f3d43c0f0: ;   {runtime_call fast_new_instance Runtime1 stub}
  0x00007f3f3d43c0f0: 8bd2 e889 

  0x00007f3f3d43c0f4: ; ImmutableOopMap {[112]=Oop rbx=Oop [152]=Oop }
                      ;*new {reexecute=0 rethrow=0 return_oop=0}
                      ; - java.util.regex.Pattern$Start::<init>@9 (line 3597)
                      ; - java.util.regex.Pattern::compile@326 (line 1798)
  0x00007f3f3d43c0f4: f45e 07e9 | 97e9 ffff 

  0x00007f3f3d43c0fc: ;   {metadata({method} {0x00007f3edf36fec8} '<init>' '()V' in 'java/util/regex/Pattern$TreeInfo')}
  0x00007f3f3d43c0fc: 49ba c8fe | 36df 3e7f | 0000 4c89 | 5424 0848 | c704 24ff 

  0x00007f3f3d43c110: ;   {runtime_call counter_overflow Runtime1 stub}
  0x00007f3f3d43c110: ffff ffe8 

  0x00007f3f3d43c114: ; ImmutableOopMap {[112]=Oop rbx=Oop [152]=Oop rax=Oop }
                      ;*synchronization entry
                      ; - java.util.regex.Pattern$TreeInfo::<init>@-1 (line 1846)
                      ; - java.util.regex.Pattern$Start::<init>@13 (line 3597)
                      ; - java.util.regex.Pattern::compile@326 (line 1798)
  0x00007f3f3d43c114: e857 5f07 | e9b3 e9ff 

  0x00007f3f3d43c11c: ;   {metadata({method} {0x00007f3edf445468} '<init>' '()V' in 'java/lang/Object')}
  0x00007f3f3d43c11c: ff49 ba68 | 5444 df3e | 7f00 004c | 8954 2408 | 48c7 0424 | ffff ffff 

  0x00007f3f3d43c134: ;   {runtime_call counter_overflow Runtime1 stub}
  0x00007f3f3d43c134: e8c7 575f 

  0x00007f3f3d43c138: ; ImmutableOopMap {[112]=Oop rbx=Oop [152]=Oop rax=Oop }
                      ;*synchronization entry
                      ; - java.lang.Object::<init>@-1 (line 44)
                      ; - java.util.regex.Pattern$TreeInfo::<init>@1 (line 1846)
                      ; - java.util.regex.Pattern$Start::<init>@13 (line 3597)
                      ; - java.util.regex.Pattern::compile@326 (line 1798)
  0x00007f3f3d43c138: 07e9 cfe9 

  0x00007f3f3d43c13c: ;   {metadata({method} {0x00007f3edf36fe70} 'reset' '()V' in 'java/util/regex/Pattern$TreeInfo')}
  0x00007f3f3d43c13c: ffff 49ba | 70fe 36df | 3e7f 0000 | 4c89 5424 | 0848 c704 | 24ff ffff 

  0x00007f3f3d43c154: ;   {runtime_call counter_overflow Runtime1 stub}
  0x00007f3f3d43c154: ffe8 a657 

  0x00007f3f3d43c158: ; ImmutableOopMap {[112]=Oop rbx=Oop [152]=Oop rax=Oop }
                      ;*synchronization entry
                      ; - java.util.regex.Pattern$TreeInfo::reset@-1 (line 1850)
                      ; - java.util.regex.Pattern$TreeInfo::<init>@5 (line 1847)
                      ; - java.util.regex.Pattern$Start::<init>@13 (line 3597)
                      ; - java.util.regex.Pattern::compile@326 (line 1798)
  0x00007f3f3d43c158: 5f07 e9eb 

  0x00007f3f3d43c15c: ;   {runtime_call throw_null_pointer_exception Runtime1 stub}
  0x00007f3f3d43c15c: e9ff ffe8 

  0x00007f3f3d43c160: ; ImmutableOopMap {[112]=Oop rbx=Oop [152]=Oop rax=Oop }
                      ;*invokevirtual study {reexecute=0 rethrow=0 return_oop=0}
                      ; - java.util.regex.Pattern$Start::<init>@22 (line 3598)
                      ; - java.util.regex.Pattern::compile@326 (line 1798)
  0x00007f3f3d43c160: 3cea 5e07 | 8b56 3448 | 83fa 000f | 84c4 eaff | ff48 8914 

  0x00007f3f3d43c174: ;   {runtime_call g1_pre_barrier_slow}
  0x00007f3f3d43c174: 24e8 865e | 5f07 e9b6 | eaff ff48 | 83f8 000f | 84c7 eaff | ff48 8934 

  0x00007f3f3d43c18c: ;   {runtime_call g1_post_barrier_slow}
  0x00007f3f3d43c18c: 24e8 ee61 | 5f07 e9b9 | eaff ff8b | 5634 4883 | fa00 0f84 | 2fed ffff | 4889 1424 

  0x00007f3f3d43c1a8: ;   {runtime_call g1_pre_barrier_slow}
  0x00007f3f3d43c1a8: e853 5e5f | 07e9 21ed | ffff 4883 | fb00 0f84 | 32ed ffff | 4889 3424 

  0x00007f3f3d43c1c0: ;   {runtime_call g1_post_barrier_slow}
  0x00007f3f3d43c1c0: e8bb 615f | 07e9 24ed 

  0x00007f3f3d43c1c8: ;   {metadata('java/util/regex/Pattern$StartS')}
  0x00007f3f3d43c1c8: ffff 48ba | d81c 0fdf | 3e7f 0000 | b800 0f05 

  0x00007f3f3d43c1d8: ;   {runtime_call load_klass_patching Runtime1 stub}
  0x00007f3f3d43c1d8: 0ae8 a23d 

  0x00007f3f3d43c1dc: ; ImmutableOopMap {rbx=Oop [112]=Oop }
                      ;*new {reexecute=1 rethrow=0 return_oop=0}
                      ; - (reexecute) java.util.regex.Pattern::compile@374 (line 1803)
  0x00007f3f3d43c1dc: 5f07 e95d | edff ff48 

  0x00007f3f3d43c1e4: ;   {runtime_call new_instance Runtime1 stub}
  0x00007f3f3d43c1e4: 8bd2 e815 

  0x00007f3f3d43c1e8: ; ImmutableOopMap {rbx=Oop [112]=Oop }
                      ;*new {reexecute=0 rethrow=0 return_oop=0}
                      ; - java.util.regex.Pattern::compile@374 (line 1803)
  0x00007f3f3d43c1e8: f05e 07e9 | 5fed ffff 

  0x00007f3f3d43c1f0: ;   {runtime_call fast_new_instance Runtime1 stub}
  0x00007f3f3d43c1f0: 488b d2e8 

  0x00007f3f3d43c1f4: ; ImmutableOopMap {[112]=Oop rbx=Oop }
                      ;*new {reexecute=0 rethrow=0 return_oop=0}
                      ; - java.util.regex.Pattern::compile@388 (line 1803)
  0x00007f3f3d43c1f4: 88f3 5e07 | e9ec edff 

  0x00007f3f3d43c1fc: ;   {metadata({method} {0x00007f3edf2cc6e0} '<init>' '(Ljava/util/regex/Pattern$Node;)V' in 'java/util/regex/Pattern$Start')}
  0x00007f3f3d43c1fc: ff49 bae0 | c62c df3e | 7f00 004c | 8954 2408 | 48c7 0424 | ffff ffff 

  0x00007f3f3d43c214: ;   {runtime_call counter_overflow Runtime1 stub}
  0x00007f3f3d43c214: e8e7 565f 

  0x00007f3f3d43c218: ; ImmutableOopMap {[112]=Oop rbx=Oop rax=Oop }
                      ;*synchronization entry
                      ; - java.util.regex.Pattern$Start::<init>@-1 (line 3595)
                      ; - java.util.regex.Pattern::compile@396 (line 1803)
  0x00007f3f3d43c218: 07e9 08ee 

  0x00007f3f3d43c21c: ;   {metadata({method} {0x00007f3edf2cc4d0} '<init>' '()V' in 'java/util/regex/Pattern$Node')}
  0x00007f3f3d43c21c: ffff 49ba | d0c4 2cdf | 3e7f 0000 | 4c89 5424 | 0848 c704 | 24ff ffff 

  0x00007f3f3d43c234: ;   {runtime_call counter_overflow Runtime1 stub}
  0x00007f3f3d43c234: ffe8 c656 

  0x00007f3f3d43c238: ; ImmutableOopMap {[112]=Oop rbx=Oop rax=Oop }
                      ;*synchronization entry
                      ; - java.util.regex.Pattern$Node::<init>@-1 (line 3547)
                      ; - java.util.regex.Pattern$Start::<init>@1 (line 3595)
                      ; - java.util.regex.Pattern::compile@396 (line 1803)
  0x00007f3f3d43c238: 5f07 e924 

  0x00007f3f3d43c23c: ;   {metadata({method} {0x00007f3edf445468} '<init>' '()V' in 'java/lang/Object')}
  0x00007f3f3d43c23c: eeff ff49 | ba68 5444 | df3e 7f00 | 004c 8954 | 2408 48c7 | 0424 ffff 

  0x00007f3f3d43c254: ;   {runtime_call counter_overflow Runtime1 stub}
  0x00007f3f3d43c254: ffff e8a5 

  0x00007f3f3d43c258: ; ImmutableOopMap {[112]=Oop rbx=Oop rax=Oop }
                      ;*synchronization entry
                      ; - java.lang.Object::<init>@-1 (line 44)
                      ; - java.util.regex.Pattern$Node::<init>@1 (line 3547)
                      ; - java.util.regex.Pattern$Start::<init>@1 (line 3595)
                      ; - java.util.regex.Pattern::compile@396 (line 1803)
  0x00007f3f3d43c258: 565f 07e9 | 40ee ffff | 8b50 0c48 | 83fa 000f | 8441 eeff | ff48 8914 

  0x00007f3f3d43c270: ;   {runtime_call g1_pre_barrier_slow}
  0x00007f3f3d43c270: 24e8 8a5d | 5f07 e933 | eeff ff48 | 83fa 000f | 8455 eeff | ff48 8904 

  0x00007f3f3d43c288: ;   {runtime_call g1_post_barrier_slow}
  0x00007f3f3d43c288: 24e8 f260 | 5f07 e947 | eeff ff8b | 500c 4883 | fa00 0f84 | 48ee ffff | 4889 1424 

  0x00007f3f3d43c2a4: ;   {runtime_call g1_pre_barrier_slow}
  0x00007f3f3d43c2a4: e857 5d5f | 07e9 3aee | ffff 4883 | fb00 0f84 | 4bee ffff | 4889 0424 

  0x00007f3f3d43c2bc: ;   {runtime_call g1_post_barrier_slow}
  0x00007f3f3d43c2bc: e8bf 605f | 07e9 3dee | ffff 488b 

  0x00007f3f3d43c2c8: ;   {runtime_call fast_new_instance Runtime1 stub}
  0x00007f3f3d43c2c8: d2e8 b2f2 

  0x00007f3f3d43c2cc: ; ImmutableOopMap {[112]=Oop rbx=Oop [176]=Oop }
                      ;*new {reexecute=0 rethrow=0 return_oop=0}
                      ; - java.util.regex.Pattern$Start::<init>@9 (line 3597)
                      ; - java.util.regex.Pattern::compile@396 (line 1803)
  0x00007f3f3d43c2cc: 5e07 e988 

  0x00007f3f3d43c2d0: ;   {metadata({method} {0x00007f3edf36fec8} '<init>' '()V' in 'java/util/regex/Pattern$TreeInfo')}
  0x00007f3f3d43c2d0: eeff ff49 | bac8 fe36 | df3e 7f00 | 004c 8954 | 2408 48c7 | 0424 ffff 

  0x00007f3f3d43c2e8: ;   {runtime_call counter_overflow Runtime1 stub}
  0x00007f3f3d43c2e8: ffff e811 

  0x00007f3f3d43c2ec: ; ImmutableOopMap {[112]=Oop rbx=Oop [176]=Oop rax=Oop }
                      ;*synchronization entry
                      ; - java.util.regex.Pattern$TreeInfo::<init>@-1 (line 1846)
                      ; - java.util.regex.Pattern$Start::<init>@13 (line 3597)
                      ; - java.util.regex.Pattern::compile@396 (line 1803)
  0x00007f3f3d43c2ec: 565f 07e9 | a4ee ffff 

  0x00007f3f3d43c2f4: ;   {metadata({method} {0x00007f3edf445468} '<init>' '()V' in 'java/lang/Object')}
  0x00007f3f3d43c2f4: 49ba 6854 | 44df 3e7f | 0000 4c89 | 5424 0848 | c704 24ff 

  0x00007f3f3d43c308: ;   {runtime_call counter_overflow Runtime1 stub}
  0x00007f3f3d43c308: ffff ffe8 

  0x00007f3f3d43c30c: ; ImmutableOopMap {[112]=Oop rbx=Oop [176]=Oop rax=Oop }
                      ;*synchronization entry
                      ; - java.lang.Object::<init>@-1 (line 44)
                      ; - java.util.regex.Pattern$TreeInfo::<init>@1 (line 1846)
                      ; - java.util.regex.Pattern$Start::<init>@13 (line 3597)
                      ; - java.util.regex.Pattern::compile@396 (line 1803)
  0x00007f3f3d43c30c: f055 5f07 | e9c0 eeff 

  0x00007f3f3d43c314: ;   {metadata({method} {0x00007f3edf36fe70} 'reset' '()V' in 'java/util/regex/Pattern$TreeInfo')}
  0x00007f3f3d43c314: ff49 ba70 | fe36 df3e | 7f00 004c | 8954 2408 | 48c7 0424 | ffff ffff 

  0x00007f3f3d43c32c: ;   {runtime_call counter_overflow Runtime1 stub}
  0x00007f3f3d43c32c: e8cf 555f 

  0x00007f3f3d43c330: ; ImmutableOopMap {[112]=Oop rbx=Oop [176]=Oop rax=Oop }
                      ;*synchronization entry
                      ; - java.util.regex.Pattern$TreeInfo::reset@-1 (line 1850)
                      ; - java.util.regex.Pattern$TreeInfo::<init>@5 (line 1847)
                      ; - java.util.regex.Pattern$Start::<init>@13 (line 3597)
                      ; - java.util.regex.Pattern::compile@396 (line 1803)
  0x00007f3f3d43c330: 07e9 dcee 

  0x00007f3f3d43c334: ;   {runtime_call throw_null_pointer_exception Runtime1 stub}
  0x00007f3f3d43c334: ffff e865 

  0x00007f3f3d43c338: ; ImmutableOopMap {[112]=Oop rbx=Oop [176]=Oop rax=Oop }
                      ;*invokevirtual study {reexecute=0 rethrow=0 return_oop=0}
                      ; - java.util.regex.Pattern$Start::<init>@22 (line 3598)
                      ; - java.util.regex.Pattern::compile@396 (line 1803)
  0x00007f3f3d43c338: e85e 078b | 7e34 4883 | ff00 0f84 | b5ef ffff | 4889 3c24 

  0x00007f3f3d43c34c: ;   {runtime_call g1_pre_barrier_slow}
  0x00007f3f3d43c34c: e8af 5c5f | 07e9 a7ef | ffff 4883 | f800 0f84 | b8ef ffff | 4889 3424 

  0x00007f3f3d43c364: ;   {runtime_call g1_post_barrier_slow}
  0x00007f3f3d43c364: e817 605f | 07e9 aaef 

  0x00007f3f3d43c36c: ;   {runtime_call throw_null_pointer_exception Runtime1 stub}
  0x00007f3f3d43c36c: ffff e82d 

  0x00007f3f3d43c370: ; ImmutableOopMap {rsi=Oop [112]=Oop rdi=Oop }
                      ;*invokeinterface iterator {reexecute=0 rethrow=0 return_oop=0}
                      ; - java.util.regex.Pattern::compile@413 (line 1811)
  0x00007f3f3d43c370: e85e 0748 

  0x00007f3f3d43c374: ;   {runtime_call throw_class_cast_exception Runtime1 stub}
  0x00007f3f3d43c374: 8904 24e8 

  0x00007f3f3d43c378: ; ImmutableOopMap {[112]=Oop [184]=Oop }
                      ;*checkcast {reexecute=0 rethrow=0 return_oop=0}
                      ; - java.util.regex.Pattern::compile@434 (line 1811)
  0x00007f3f3d43c378: 241c 5f07 

  0x00007f3f3d43c37c: ;   {metadata('java/util/regex/Pattern$Loop')}
  0x00007f3f3d43c37c: 48b8 1833 | 07e0 3e7f | 0000 b800 

  0x00007f3f3d43c388: ;   {runtime_call load_klass_patching Runtime1 stub}
  0x00007f3f3d43c388: 0f05 0ae8 

  0x00007f3f3d43c38c: ; ImmutableOopMap {[112]=Oop [184]=Oop rdx=Oop }
                      ;*instanceof {reexecute=1 rethrow=0 return_oop=0}
                      ; - (reexecute) java.util.regex.Pattern::compile@441 (line 1812)
  0x00007f3f3d43c38c: f03b 5f07 | e953 f2ff 

  0x00007f3f3d43c394: ;   {metadata('java/util/regex/Pattern$Loop')}
  0x00007f3f3d43c394: ff48 b918 | 3307 e03e | 7f00 00b8 | 000f 050a 

  0x00007f3f3d43c3a4: ;   {runtime_call load_klass_patching Runtime1 stub}
  0x00007f3f3d43c3a4: e8d7 3b5f 

  0x00007f3f3d43c3a8: ; ImmutableOopMap {[184]=Oop rsi=Oop [112]=Oop rdx=Oop }
                      ;*checkcast {reexecute=1 rethrow=0 return_oop=0}
                      ; - (reexecute) java.util.regex.Pattern::compile@449 (line 1814)
  0x00007f3f3d43c3a8: 07e9 9af3 | ffff 4889 

  0x00007f3f3d43c3b0: ;   {runtime_call throw_class_cast_exception Runtime1 stub}
  0x00007f3f3d43c3b0: 1424 e8e9 

  0x00007f3f3d43c3b4: ; ImmutableOopMap {[184]=Oop rsi=Oop [112]=Oop rdx=Oop }
                      ;*checkcast {reexecute=0 rethrow=0 return_oop=0}
                      ; - java.util.regex.Pattern::compile@449 (line 1814)
  0x00007f3f3d43c3b4: 1b5f 0748 | c704 24f7 

  0x00007f3f3d43c3bc: ;   {runtime_call deoptimize Runtime1 stub}
  0x00007f3f3d43c3bc: ffff ffe8 

  0x00007f3f3d43c3c0: ; ImmutableOopMap {[184]=Oop rsi=Oop [112]=Oop rdi=Oop }
                      ;*putfield posIndex {reexecute=1 rethrow=0 return_oop=0}
                      ; - (reexecute) java.util.regex.Pattern::compile@463 (line 1814)
  0x00007f3f3d43c3c0: bc31 5f07 

  0x00007f3f3d43c3c4: ;   {runtime_call throw_null_pointer_exception Runtime1 stub}
  0x00007f3f3d43c3c4: e8d7 e75e 

  0x00007f3f3d43c3c8: ; ImmutableOopMap {[184]=Oop rsi=Oop [112]=Oop rdi=Oop }
                      ;*putfield posIndex {reexecute=1 rethrow=0 return_oop=0}
                      ; - (reexecute) java.util.regex.Pattern::compile@463 (line 1814)
  0x00007f3f3d43c3c8: 0789 9720 | 0000 00b8 | 000b 0506 

  0x00007f3f3d43c3d4: ;   {runtime_call access_field_patching Runtime1 stub}
  0x00007f3f3d43c3d4: e827 355f 

  0x00007f3f3d43c3d8: ; ImmutableOopMap {[184]=Oop rsi=Oop [112]=Oop rdi=Oop }
                      ;*putfield posIndex {reexecute=1 rethrow=0 return_oop=0}
                      ; - (reexecute) java.util.regex.Pattern::compile@463 (line 1814)
  0x00007f3f3d43c3d8: 07e9 82f4 

  0x00007f3f3d43c3dc: ;   {metadata({method} {0x00007f3edf0e59f0} 'compile' '()V' in 'java/util/regex/Pattern')}
  0x00007f3f3d43c3dc: ffff 49ba | f059 0edf | 3e7f 0000 | 4c89 5424 | 0848 c704 | 24d2 0100 

  0x00007f3f3d43c3f4: ;   {runtime_call counter_overflow Runtime1 stub}
  0x00007f3f3d43c3f4: 00e8 0655 

  0x00007f3f3d43c3f8: ; ImmutableOopMap {[184]=Oop rsi=Oop [112]=Oop }
                      ;*goto {reexecute=1 rethrow=0 return_oop=0}
                      ; - (reexecute) java.util.regex.Pattern::compile@466 (line 1816)
  0x00007f3f3d43c3f8: 5f07 e98f 

  0x00007f3f3d43c3fc: ;   {runtime_call throw_null_pointer_exception Runtime1 stub}
  0x00007f3f3d43c3fc: f4ff ffe8 

  0x00007f3f3d43c400: ; ImmutableOopMap {rax=Oop [184]=Oop [112]=Oop }
                      ;*invokeinterface hasNext {reexecute=0 rethrow=0 return_oop=0}
                      ; - java.util.regex.Pattern::compile@420 (line 1811)
  0x00007f3f3d43c400: 9ce7 5e07 

  0x00007f3f3d43c404: ;   {metadata({method} {0x00007f3edf0e5fc8} 'peek' '()I' in 'java/util/regex/Pattern')}
  0x00007f3f3d43c404: 49ba c85f | 0edf 3e7f | 0000 4c89 | 5424 0848 | c704 24ff 

  0x00007f3f3d43c418: ;   {runtime_call counter_overflow Runtime1 stub}
  0x00007f3f3d43c418: ffff ffe8 

  0x00007f3f3d43c41c: ; ImmutableOopMap {rsi=Oop [112]=Oop }
                      ;*synchronization entry
                      ; - java.util.regex.Pattern::peek@-1 (line 1893)
                      ; - java.util.regex.Pattern::compile@240 (line 1786)
  0x00007f3f3d43c41c: e054 5f07 | e9b9 f5ff 

  0x00007f3f3d43c424: ;   {runtime_call throw_null_pointer_exception Runtime1 stub}
  0x00007f3f3d43c424: ffe8 76e7 

  0x00007f3f3d43c428: ; ImmutableOopMap {rsi=Oop [112]=Oop rdx=Oop }
                      ;*iaload {reexecute=0 rethrow=0 return_oop=0}
                      ; - java.util.regex.Pattern::peek@8 (line 1893)
                      ; - java.util.regex.Pattern::compile@240 (line 1786)
                      ;   {runtime_call throw_null_pointer_exception Runtime1 stub}
  0x00007f3f3d43c428: 5e07 e871 

  0x00007f3f3d43c42c: ; ImmutableOopMap {rsi=Oop [112]=Oop rdx=Oop }
                      ;*iaload {reexecute=0 rethrow=0 return_oop=0}
                      ; - java.util.regex.Pattern::peek@8 (line 1893)
                      ; - java.util.regex.Pattern::compile@240 (line 1786)
  0x00007f3f3d43c42c: e75e 0748 | 891c 2448 | 8954 2408 

  0x00007f3f3d43c438: ;   {runtime_call throw_range_check_failed Runtime1 stub}
  0x00007f3f3d43c438: e863 de5e 

  0x00007f3f3d43c43c: ; ImmutableOopMap {rsi=Oop [112]=Oop rdx=Oop }
                      ;*iaload {reexecute=0 rethrow=0 return_oop=0}
                      ; - java.util.regex.Pattern::peek@8 (line 1893)
                      ; - java.util.regex.Pattern::compile@240 (line 1786)
                      ;   {metadata({method} {0x00007f3edf0e67b0} 'has' '(I)Z' in 'java/util/regex/Pattern')}
  0x00007f3f3d43c43c: 0749 bab0 | 670e df3e | 7f00 004c | 8954 2408 | 48c7 0424 | ffff ffff 

  0x00007f3f3d43c454: ;   {runtime_call counter_overflow Runtime1 stub}
  0x00007f3f3d43c454: e8a7 545f 

  0x00007f3f3d43c458: ; ImmutableOopMap {rsi=Oop [112]=Oop }
                      ;*synchronization entry
                      ; - java.util.regex.Pattern::has@-1 (line 1867)
                      ; - java.util.regex.Pattern::peek@12 (line 1894)
                      ; - java.util.regex.Pattern::compile@240 (line 1786)
  0x00007f3f3d43c458: 07e9 d0f5 | ffff 8b56 | 5048 83fa | 000f 84c2 | f6ff ff48 

  0x00007f3f3d43c46c: ;   {runtime_call g1_pre_barrier_slow}
  0x00007f3f3d43c46c: 8914 24e8 | 8c5b 5f07 | e9b4 f6ff | ff8b 563c | 4883 fa00 | 0f84 bcf6 | ffff 4889 

  0x00007f3f3d43c488: ;   {runtime_call g1_pre_barrier_slow}
  0x00007f3f3d43c488: 1424 e871 | 5b5f 07e9 | aef6 ffff | 8b56 4848 | 83fa 000f | 84b6 f6ff | ff48 8914 

  0x00007f3f3d43c4a4: ;   {runtime_call g1_pre_barrier_slow}
  0x00007f3f3d43c4a4: 24e8 565b | 5f07 e9a8 | f6ff ff8b | 564c 4883 | fa00 0f84 | c5f6 ffff | 4889 1424 

  0x00007f3f3d43c4c0: ;   {runtime_call g1_pre_barrier_slow}
  0x00007f3f3d43c4c0: e83b 5b5f | 07e9 b7f6 

  0x00007f3f3d43c4c8: ;   {internal_word}
  0x00007f3f3d43c4c8: ffff 49ba | 90bb 433d | 3f7f 0000 | 4d89 9758 

  0x00007f3f3d43c4d8: ;   {runtime_call SafepointBlob}
  0x00007f3f3d43c4d8: 0300 00e9 | 2034 5507 

  0x00007f3f3d43c4e0: ;   {runtime_call throw_null_pointer_exception Runtime1 stub}
  0x00007f3f3d43c4e0: e8bb e65e 

  0x00007f3f3d43c4e4: ; ImmutableOopMap {rax=Oop }
                      ;*athrow {reexecute=1 rethrow=0 return_oop=0}
                      ; - (reexecute) java.util.regex.Pattern::compile@255 (line 1787)
                      ;   {runtime_call throw_null_pointer_exception Runtime1 stub}
  0x00007f3f3d43c4e4: 07e8 b6e6 

  0x00007f3f3d43c4e8: ; ImmutableOopMap {rax=Oop }
                      ;*athrow {reexecute=1 rethrow=0 return_oop=0}
                      ; - (reexecute) java.util.regex.Pattern::compile@263 (line 1789)
                      ;   {runtime_call throw_null_pointer_exception Runtime1 stub}
  0x00007f3f3d43c4e8: 5e07 e8b1 

  0x00007f3f3d43c4ec: ; ImmutableOopMap {rax=Oop rsi=Oop [112]=Oop }
                      ;*putfield next {reexecute=1 rethrow=0 return_oop=0}
                      ; - (reexecute) java.util.regex.Pattern::compile@211 (line 1780)
  0x00007f3f3d43c4ec: e65e 0790 | 9049 8b87 | d003 0000 | 49c7 87d0 | 0300 0000 | 0000 0049 | c787 d803 | 0000 0000 
  0x00007f3f3d43c50c: 0000 4881 | c4d0 0000 

  0x00007f3f3d43c514: ;   {runtime_call unwind_exception Runtime1 stub}
  0x00007f3f3d43c514: 005d e9e5 | d35e 07f4 | f4f4 f4f4 
[Stub Code]
  0x00007f3f3d43c520: ;   {no_reloc}
  0x00007f3f3d43c520: 0f1f 4400 

  0x00007f3f3d43c524: ;   {static_stub}
  0x00007f3f3d43c524: 0048 bb00 | 0000 0000 

  0x00007f3f3d43c52c: ;   {runtime_call}
  0x00007f3f3d43c52c: 0000 00e9 | fbff ffff 

  0x00007f3f3d43c534: ;   {static_stub}
  0x00007f3f3d43c534: 9048 bb00 | 0000 0000 

  0x00007f3f3d43c53c: ;   {runtime_call}
  0x00007f3f3d43c53c: 0000 00e9 | fbff ffff 

  0x00007f3f3d43c544: ;   {static_stub}
  0x00007f3f3d43c544: 9048 bb00 | 0000 0000 

  0x00007f3f3d43c54c: ;   {runtime_call}
  0x00007f3f3d43c54c: 0000 00e9 | fbff ffff 

  0x00007f3f3d43c554: ;   {static_stub}
  0x00007f3f3d43c554: 9048 bb28 | 3f43 df3e 

  0x00007f3f3d43c55c: ;   {runtime_call I2C/C2I adapters}
  0x00007f3f3d43c55c: 7f00 00e9 | f816 5507 

  0x00007f3f3d43c564: ;   {static_stub}
  0x00007f3f3d43c564: 9048 bb00 | 0000 0000 

  0x00007f3f3d43c56c: ;   {runtime_call}
  0x00007f3f3d43c56c: 0000 00e9 | fbff ffff 

  0x00007f3f3d43c574: ;   {static_stub}
  0x00007f3f3d43c574: 9048 bb38 | 630e df3e 

  0x00007f3f3d43c57c: ;   {runtime_call I2C/C2I adapters}
  0x00007f3f3d43c57c: 7f00 00e9 | d919 5507 

  0x00007f3f3d43c584: ;   {static_stub}
  0x00007f3f3d43c584: 9048 bb00 | 0000 0000 

  0x00007f3f3d43c58c: ;   {runtime_call}
  0x00007f3f3d43c58c: 0000 00e9 | fbff ffff 

  0x00007f3f3d43c594: ;   {static_stub}
  0x00007f3f3d43c594: 9048 bb60 | 0037 df3e 

  0x00007f3f3d43c59c: ;   {runtime_call I2C/C2I adapters}
  0x00007f3f3d43c59c: 7f00 00e9 | b919 5507 

  0x00007f3f3d43c5a4: ;   {static_stub}
  0x00007f3f3d43c5a4: 9048 bb00 | 0000 0000 

  0x00007f3f3d43c5ac: ;   {runtime_call}
  0x00007f3f3d43c5ac: 0000 00e9 | fbff ffff 

  0x00007f3f3d43c5b4: ;   {static_stub}
  0x00007f3f3d43c5b4: 9048 bb60 | 0037 df3e 

  0x00007f3f3d43c5bc: ;   {runtime_call I2C/C2I adapters}
  0x00007f3f3d43c5bc: 7f00 00e9 | 9919 5507 

  0x00007f3f3d43c5c4: ;   {static_stub}
  0x00007f3f3d43c5c4: 9048 bb00 | 0000 0000 

  0x00007f3f3d43c5cc: ;   {runtime_call}
  0x00007f3f3d43c5cc: 0000 00e9 | fbff ffff 

  0x00007f3f3d43c5d4: ;   {static_stub}
  0x00007f3f3d43c5d4: 9048 bb00 | 0000 0000 

  0x00007f3f3d43c5dc: ;   {runtime_call}
  0x00007f3f3d43c5dc: 0000 00e9 | fbff ffff 

  0x00007f3f3d43c5e4: ;   {static_stub}
  0x00007f3f3d43c5e4: 9048 bb00 | 0000 0000 

  0x00007f3f3d43c5ec: ;   {runtime_call}
  0x00007f3f3d43c5ec: 0000 00e9 | fbff ffff 

  0x00007f3f3d43c5f4: ;   {static_stub}
  0x00007f3f3d43c5f4: 9048 bb00 | 0000 0000 

  0x00007f3f3d43c5fc: ;   {runtime_call}
  0x00007f3f3d43c5fc: 0000 00e9 | fbff ffff 

  0x00007f3f3d43c604: ;   {static_stub}
  0x00007f3f3d43c604: 9048 bb00 | 0000 0000 

  0x00007f3f3d43c60c: ;   {runtime_call}
  0x00007f3f3d43c60c: 0000 00e9 | fbff ffff 

  0x00007f3f3d43c614: ;   {static_stub}
  0x00007f3f3d43c614: 9048 bb00 | 0000 0000 

  0x00007f3f3d43c61c: ;   {runtime_call}
  0x00007f3f3d43c61c: 0000 00e9 | fbff ffff 

  0x00007f3f3d43c624: ;   {static_stub}
  0x00007f3f3d43c624: 9048 bb00 | 0000 0000 

  0x00007f3f3d43c62c: ;   {runtime_call}
  0x00007f3f3d43c62c: 0000 00e9 | fbff ffff 
[Exception Handler]
  0x00007f3f3d43c634: ;   {runtime_call handle_exception_from_callee Runtime1 stub}
  0x00007f3f3d43c634: e847 135f 

  0x00007f3f3d43c638: ;   {external_word}
  0x00007f3f3d43c638: 0748 bf43 | 60aa 5b3f | 7f00 0048 

  0x00007f3f3d43c644: ;   {runtime_call MacroAssembler::debug64(char*, long, long*)}
  0x00007f3f3d43c644: 83e4 f0e8 | 846b 1b1e 

  0x00007f3f3d43c64c: ;   {section_word}
  0x00007f3f3d43c64c: f449 ba4d | c643 3d3f | 7f00 0041 

  0x00007f3f3d43c658: ;   {runtime_call DeoptimizationBlob}
  0x00007f3f3d43c658: 52e9 4247 | 5507 f4f4 
[/MachCode]


---------------  P R O C E S S  ---------------

Threads class SMR info:
_java_thread_list=0x00007f3ea000cff0, length=15, elements={
0x00007f3f540174d0, 0x00007f3f5409e550, 0x00007f3f5409f940, 0x00007f3f540a4eb0,
0x00007f3f540a6270, 0x00007f3f540a7690, 0x00007f3f540a9050, 0x00007f3f540aa590,
0x00007f3f540b3a00, 0x00007f3f540bb990, 0x00007f3f540bea50, 0x00007f3f5497dfd0,
0x00007f3f54a9e510, 0x00007f3ea0009410, 0x00007f3ea000c7e0
}

Java Threads: ( => current thread )
  0x00007f3f540174d0 JavaThread "main" [_thread_blocked, id=4721, stack(0x00007f3f5a5e3000,0x00007f3f5a6e3000)]
  0x00007f3f5409e550 JavaThread "Reference Handler" daemon [_thread_blocked, id=4728, stack(0x00007f3f59024000,0x00007f3f59124000)]
  0x00007f3f5409f940 JavaThread "Finalizer" daemon [_thread_blocked, id=4729, stack(0x00007f3f58f24000,0x00007f3f59024000)]
  0x00007f3f540a4eb0 JavaThread "Signal Dispatcher" daemon [_thread_blocked, id=4730, stack(0x00007f3f58b39000,0x00007f3f58c39000)]
  0x00007f3f540a6270 JavaThread "Service Thread" daemon [_thread_blocked, id=4731, stack(0x00007f3f58a39000,0x00007f3f58b39000)]
  0x00007f3f540a7690 JavaThread "Monitor Deflation Thread" daemon [_thread_blocked, id=4732, stack(0x00007f3f58939000,0x00007f3f58a39000)]
  0x00007f3f540a9050 JavaThread "C2 CompilerThread0" daemon [_thread_blocked, id=4733, stack(0x00007f3f58839000,0x00007f3f58939000)]
  0x00007f3f540aa590 JavaThread "C1 CompilerThread0" daemon [_thread_blocked, id=4734, stack(0x00007f3f58739000,0x00007f3f58839000)]
  0x00007f3f540b3a00 JavaThread "Sweeper thread" daemon [_thread_blocked, id=4735, stack(0x00007f3f58639000,0x00007f3f58739000)]
  0x00007f3f540bb990 JavaThread "Notification Thread" daemon [_thread_blocked, id=4736, stack(0x00007f3f58539000,0x00007f3f58639000)]
  0x00007f3f540bea50 JavaThread "Common-Cleaner" daemon [_thread_blocked, id=4738, stack(0x00007f3f58338000,0x00007f3f58438000)]
  0x00007f3f5497dfd0 JavaThread "pool-1-thread-1" [_thread_blocked, id=4742, stack(0x00007f3f58219000,0x00007f3f58319000)]
=>0x00007f3f54a9e510 JavaThread "Exec process" [_thread_in_vm, id=4743, stack(0x00007f3f3d300000,0x00007f3f3d400000)]
  0x00007f3ea0009410 JavaThread "process reaper (pid 4744)" daemon [_thread_in_native, id=4745, stack(0x00007f3f4c424000,0x00007f3f4c446000)]
  0x00007f3ea000c7e0 JavaThread "Exec process Thread 2" [_thread_blocked, id=4762, stack(0x00007f3f3cf00000,0x00007f3f3d000000)]

Other Threads:
  0x00007f3f5409a5b0 VMThread "VM Thread" [stack: 0x00007f3f59125000,0x00007f3f59225000] [id=4727] _threads_hazard_ptr=0x00007f3ea000cff0
  0x00007f3f540bd6d0 WatcherThread [stack: 0x00007f3f58439000,0x00007f3f58539000] [id=4737]
  0x00007f3f540382b0 GCTaskThread "GC Thread#0" [stack: 0x00007f3f59c56000,0x00007f3f59d56000] [id=4722]
  0x00007f3f24004d90 GCTaskThread "GC Thread#1" [stack: 0x00007f3f58119000,0x00007f3f58219000] [id=4740]
  0x00007f3f24006ca0 GCTaskThread "GC Thread#2" [stack: 0x00007f3f58005000,0x00007f3f58105000] [id=4741]
  0x00007f3f54039ca0 ConcurrentGCThread "G1 Main Marker" [stack: 0x00007f3f59b55000,0x00007f3f59c55000] [id=4723]
  0x00007f3f5403ac20 ConcurrentGCThread "G1 Conc#0" [stack: 0x00007f3f59a54000,0x00007f3f59b54000] [id=4724]
  0x00007f3f540775b0 ConcurrentGCThread "G1 Refine#0" [stack: 0x00007f3f5954f000,0x00007f3f5964f000] [id=4725]
  0x00007f3f540784c0 ConcurrentGCThread "G1 Service" [stack: 0x00007f3f5944e000,0x00007f3f5954e000] [id=4726]

Threads with active compile tasks:

VM state: synchronizing (normal execution)

VM Mutex/Monitor currently owned by a thread:  ([mutex/lock_event])
[0x00007f3f540145f0] Threads_lock - owner thread: 0x00007f3f5409a5b0

Heap address: 0x00000000fc000000, size: 64 MB, Compressed Oops mode: 32-bit

CDS archive(s) mapped at: [0x00007f3edf000000-0x00007f3edfbc9000-0x00007f3edfbc9000), size 12357632, SharedBaseAddress: 0x00007f3edf000000, ArchiveRelocationMode: 1.
Compressed class space mapped at: 0x00007f3ee0000000-0x00007f3f20000000, reserved size: 1073741824
Narrow klass base: 0x00007f3edf000000, Narrow klass shift: 0, Narrow klass range: 0x100000000

GC Precious Log:
 CPUs: 4 total, 4 available
 Memory: 7965M
 Large Page Support: Disabled
 NUMA Support: Disabled
 Compressed Oops: Enabled (32-bit)
 Heap Region Size: 1M
 Heap Min Capacity: 64M
 Heap Initial Capacity: 64M
 Heap Max Capacity: 64M
 Pre-touch: Disabled
 Parallel Workers: 4
 Concurrent Workers: 1
 Concurrent Refinement Workers: 4
 Periodic GC: Disabled

Heap:
 garbage-first heap   total 65536K, used 29728K [0x00000000fc000000, 0x0000000100000000)
  region size 1024K, 22 young (22528K), 3 survivors (3072K)
 Metaspace       used 8107K, committed 8320K, reserved 1114112K
  class space    used 1103K, committed 1216K, reserved 1048576K

Heap Regions: E=young(eden), S=young(survivor), O=old, HS=humongous(starts), HC=humongous(continues), CS=collection set, F=free, OA=open archive, CA=closed archive, TAMS=top-at-mark-start (previous, next)
|   0|0x00000000fc000000, 0x00000000fc100000, 0x00000000fc100000|100%|HS|  |TAMS 0x00000000fc000000, 0x00000000fc000000| Complete 
|   1|0x00000000fc100000, 0x00000000fc200000, 0x00000000fc200000|100%|HC|  |TAMS 0x00000000fc100000, 0x00000000fc100000| Complete 
|   2|0x00000000fc200000, 0x00000000fc300000, 0x00000000fc300000|100%|HC|  |TAMS 0x00000000fc200000, 0x00000000fc200000| Complete 
|   3|0x00000000fc300000, 0x00000000fc400000, 0x00000000fc400000|100%| O|  |TAMS 0x00000000fc300000, 0x00000000fc300000| Untracked 
|   4|0x00000000fc400000, 0x00000000fc500000, 0x00000000fc500000|100%| O|  |TAMS 0x00000000fc400000, 0x00000000fc400000| Untracked 
|   5|0x00000000fc500000, 0x00000000fc600000, 0x00000000fc600000|100%| O|  |TAMS 0x00000000fc500000, 0x00000000fc500000| Untracked 
|   6|0x00000000fc600000, 0x00000000fc700000, 0x00000000fc700000|100%| O|  |TAMS 0x00000000fc600000, 0x00000000fc600000| Untracked 
|   7|0x00000000fc700000, 0x00000000fc71b200, 0x00000000fc800000| 10%| O|  |TAMS 0x00000000fc700000, 0x00000000fc700000| Untracked 
|   8|0x00000000fc800000, 0x00000000fc800000, 0x00000000fc900000|  0%| F|  |TAMS 0x00000000fc800000, 0x00000000fc800000| Untracked 
|   9|0x00000000fc900000, 0x00000000fc900000, 0x00000000fca00000|  0%| F|  |TAMS 0x00000000fc900000, 0x00000000fc900000| Untracked 
|  10|0x00000000fca00000, 0x00000000fca00000, 0x00000000fcb00000|  0%| F|  |TAMS 0x00000000fca00000, 0x00000000fca00000| Untracked 
|  11|0x00000000fcb00000, 0x00000000fcb00000, 0x00000000fcc00000|  0%| F|  |TAMS 0x00000000fcb00000, 0x00000000fcb00000| Untracked 
|  12|0x00000000fcc00000, 0x00000000fcc00000, 0x00000000fcd00000|  0%| F|  |TAMS 0x00000000fcc00000, 0x00000000fcc00000| Untracked 
|  13|0x00000000fcd00000, 0x00000000fcd00000, 0x00000000fce00000|  0%| F|  |TAMS 0x00000000fcd00000, 0x00000000fcd00000| Untracked 
|  14|0x00000000fce00000, 0x00000000fce00000, 0x00000000fcf00000|  0%| F|  |TAMS 0x00000000fce00000, 0x00000000fce00000| Untracked 
|  15|0x00000000fcf00000, 0x00000000fcf00000, 0x00000000fd000000|  0%| F|  |TAMS 0x00000000fcf00000, 0x00000000fcf00000| Untracked 
|  16|0x00000000fd000000, 0x00000000fd000000, 0x00000000fd100000|  0%| F|  |TAMS 0x00000000fd000000, 0x00000000fd000000| Untracked 
|  17|0x00000000fd100000, 0x00000000fd100000, 0x00000000fd200000|  0%| F|  |TAMS 0x00000000fd100000, 0x00000000fd100000| Untracked 
|  18|0x00000000fd200000, 0x00000000fd200000, 0x00000000fd300000|  0%| F|  |TAMS 0x00000000fd200000, 0x00000000fd200000| Untracked 
|  19|0x00000000fd300000, 0x00000000fd300000, 0x00000000fd400000|  0%| F|  |TAMS 0x00000000fd300000, 0x00000000fd300000| Untracked 
|  20|0x00000000fd400000, 0x00000000fd400000, 0x00000000fd500000|  0%| F|  |TAMS 0x00000000fd400000, 0x00000000fd400000| Untracked 
|  21|0x00000000fd500000, 0x00000000fd500000, 0x00000000fd600000|  0%| F|  |TAMS 0x00000000fd500000, 0x00000000fd500000| Untracked 
|  22|0x00000000fd600000, 0x00000000fd600000, 0x00000000fd700000|  0%| F|  |TAMS 0x00000000fd600000, 0x00000000fd600000| Untracked 
|  23|0x00000000fd700000, 0x00000000fd700000, 0x00000000fd800000|  0%| F|  |TAMS 0x00000000fd700000, 0x00000000fd700000| Untracked 
|  24|0x00000000fd800000, 0x00000000fd800000, 0x00000000fd900000|  0%| F|  |TAMS 0x00000000fd800000, 0x00000000fd800000| Untracked 
|  25|0x00000000fd900000, 0x00000000fd900000, 0x00000000fda00000|  0%| F|  |TAMS 0x00000000fd900000, 0x00000000fd900000| Untracked 
|  26|0x00000000fda00000, 0x00000000fda00000, 0x00000000fdb00000|  0%| F|  |TAMS 0x00000000fda00000, 0x00000000fda00000| Untracked 
|  27|0x00000000fdb00000, 0x00000000fdb00000, 0x00000000fdc00000|  0%| F|  |TAMS 0x00000000fdb00000, 0x00000000fdb00000| Untracked 
|  28|0x00000000fdc00000, 0x00000000fdc00000, 0x00000000fdd00000|  0%| F|  |TAMS 0x00000000fdc00000, 0x00000000fdc00000| Untracked 
|  29|0x00000000fdd00000, 0x00000000fdd00000, 0x00000000fde00000|  0%| F|  |TAMS 0x00000000fdd00000, 0x00000000fdd00000| Untracked 
|  30|0x00000000fde00000, 0x00000000fde00000, 0x00000000fdf00000|  0%| F|  |TAMS 0x00000000fde00000, 0x00000000fde00000| Untracked 
|  31|0x00000000fdf00000, 0x00000000fdf00000, 0x00000000fe000000|  0%| F|  |TAMS 0x00000000fdf00000, 0x00000000fdf00000| Untracked 
|  32|0x00000000fe000000, 0x00000000fe000000, 0x00000000fe100000|  0%| F|  |TAMS 0x00000000fe000000, 0x00000000fe000000| Untracked 
|  33|0x00000000fe100000, 0x00000000fe100000, 0x00000000fe200000|  0%| F|  |TAMS 0x00000000fe100000, 0x00000000fe100000| Untracked 
|  34|0x00000000fe200000, 0x00000000fe200000, 0x00000000fe300000|  0%| F|  |TAMS 0x00000000fe200000, 0x00000000fe200000| Untracked 
|  35|0x00000000fe300000, 0x00000000fe300000, 0x00000000fe400000|  0%| F|  |TAMS 0x00000000fe300000, 0x00000000fe300000| Untracked 
|  36|0x00000000fe400000, 0x00000000fe400000, 0x00000000fe500000|  0%| F|  |TAMS 0x00000000fe400000, 0x00000000fe400000| Untracked 
|  37|0x00000000fe500000, 0x00000000fe500000, 0x00000000fe600000|  0%| F|  |TAMS 0x00000000fe500000, 0x00000000fe500000| Untracked 
|  38|0x00000000fe600000, 0x00000000fe700000, 0x00000000fe700000|100%| S|CS|TAMS 0x00000000fe600000, 0x00000000fe600000| Complete 
|  39|0x00000000fe700000, 0x00000000fe800000, 0x00000000fe800000|100%| S|CS|TAMS 0x00000000fe700000, 0x00000000fe700000| Complete 
|  40|0x00000000fe800000, 0x00000000fe900000, 0x00000000fe900000|100%| S|CS|TAMS 0x00000000fe800000, 0x00000000fe800000| Complete 
|  41|0x00000000fe900000, 0x00000000fe900000, 0x00000000fea00000|  0%| F|  |TAMS 0x00000000fe900000, 0x00000000fe900000| Untracked 
|  42|0x00000000fea00000, 0x00000000fea00000, 0x00000000feb00000|  0%| F|  |TAMS 0x00000000fea00000, 0x00000000fea00000| Untracked 
|  43|0x00000000feb00000, 0x00000000feb9a5b8, 0x00000000fec00000| 60%| E|  |TAMS 0x00000000feb00000, 0x00000000feb00000| Complete 
|  44|0x00000000fec00000, 0x00000000fed00000, 0x00000000fed00000|100%| E|CS|TAMS 0x00000000fec00000, 0x00000000fec00000| Complete 
|  45|0x00000000fed00000, 0x00000000fee00000, 0x00000000fee00000|100%| E|CS|TAMS 0x00000000fed00000, 0x00000000fed00000| Complete 
|  46|0x00000000fee00000, 0x00000000fef00000, 0x00000000fef00000|100%| E|CS|TAMS 0x00000000fee00000, 0x00000000fee00000| Complete 
|  47|0x00000000fef00000, 0x00000000ff000000, 0x00000000ff000000|100%| E|CS|TAMS 0x00000000fef00000, 0x00000000fef00000| Complete 
|  48|0x00000000ff000000, 0x00000000ff100000, 0x00000000ff100000|100%| E|CS|TAMS 0x00000000ff000000, 0x00000000ff000000| Complete 
|  49|0x00000000ff100000, 0x00000000ff200000, 0x00000000ff200000|100%| E|CS|TAMS 0x00000000ff100000, 0x00000000ff100000| Complete 
|  50|0x00000000ff200000, 0x00000000ff300000, 0x00000000ff300000|100%| E|CS|TAMS 0x00000000ff200000, 0x00000000ff200000| Complete 
|  51|0x00000000ff300000, 0x00000000ff400000, 0x00000000ff400000|100%| E|CS|TAMS 0x00000000ff300000, 0x00000000ff300000| Complete 
|  52|0x00000000ff400000, 0x00000000ff500000, 0x00000000ff500000|100%| E|CS|TAMS 0x00000000ff400000, 0x00000000ff400000| Complete 
|  53|0x00000000ff500000, 0x00000000ff600000, 0x00000000ff600000|100%| E|CS|TAMS 0x00000000ff500000, 0x00000000ff500000| Complete 
|  54|0x00000000ff600000, 0x00000000ff700000, 0x00000000ff700000|100%| E|CS|TAMS 0x00000000ff600000, 0x00000000ff600000| Complete 
|  55|0x00000000ff700000, 0x00000000ff800000, 0x00000000ff800000|100%| E|CS|TAMS 0x00000000ff700000, 0x00000000ff700000| Complete 
|  56|0x00000000ff800000, 0x00000000ff900000, 0x00000000ff900000|100%| E|CS|TAMS 0x00000000ff800000, 0x00000000ff800000| Complete 
|  57|0x00000000ff900000, 0x00000000ffa00000, 0x00000000ffa00000|100%| E|CS|TAMS 0x00000000ff900000, 0x00000000ff900000| Complete 
|  58|0x00000000ffa00000, 0x00000000ffb00000, 0x00000000ffb00000|100%| E|CS|TAMS 0x00000000ffa00000, 0x00000000ffa00000| Complete 
|  59|0x00000000ffb00000, 0x00000000ffc00000, 0x00000000ffc00000|100%| E|CS|TAMS 0x00000000ffb00000, 0x00000000ffb00000| Complete 
|  60|0x00000000ffc00000, 0x00000000ffd00000, 0x00000000ffd00000|100%| E|CS|TAMS 0x00000000ffc00000, 0x00000000ffc00000| Complete 
|  61|0x00000000ffd00000, 0x00000000ffe00000, 0x00000000ffe00000|100%| E|CS|TAMS 0x00000000ffd00000, 0x00000000ffd00000| Complete 
|  62|0x00000000ffe00000, 0x00000000ffe75000, 0x00000000fff00000| 45%|OA|  |TAMS 0x00000000ffe00000, 0x00000000ffe00000| Untracked 
|  63|0x00000000fff00000, 0x00000000fff78000, 0x0000000100000000| 46%|CA|  |TAMS 0x00000000fff00000, 0x00000000fff00000| Untracked 

Card table byte_map: [0x00007f3f59f79000,0x00007f3f59f99000] _byte_map_base: 0x00007f3f59799000

Marking Bits (Prev, Next): (CMBitMap*) 0x00007f3f54038d50, (CMBitMap*) 0x00007f3f54038d90
 Prev Bits: [0x00007f3f59e59000, 0x00007f3f59f59000)
 Next Bits: [0x00007f3f59d59000, 0x00007f3f59e59000)

Polling page: 0x00007f3f5a5d7000

Metaspace:

Usage:
  Non-class:      6.84 MB used.
      Class:      1.08 MB used.
       Both:      7.92 MB used.

Virtual space:
  Non-class space:       64.00 MB reserved,       6.94 MB ( 11%) committed,  1 nodes.
      Class space:        1.00 GB reserved,       1.19 MB ( <1%) committed,  1 nodes.
             Both:        1.06 GB reserved,       8.12 MB ( <1%) committed. 

Chunk freelists:
   Non-Class:  8.31 MB
       Class:  14.85 MB
        Both:  23.17 MB

MaxMetaspaceSize: unlimited
CompressedClassSpaceSize: 1.00 GB
Initial GC threshold: 21.00 MB
Current GC threshold: 21.00 MB
CDS: on
MetaspaceReclaimPolicy: balanced
 - commit_granule_bytes: 65536.
 - commit_granule_words: 8192.
 - virtual_space_node_default_size: 8388608.
 - enlarge_chunks_in_place: 1.
 - new_chunks_are_fully_committed: 0.
 - uncommit_free_chunks: 1.
 - use_allocation_guard: 0.
 - handle_deallocations: 1.


Internal statistics:

num_allocs_failed_limit: 0.
num_arena_births: 84.
num_arena_deaths: 0.
num_vsnodes_births: 2.
num_vsnodes_deaths: 0.
num_space_committed: 130.
num_space_uncommitted: 0.
num_chunks_returned_to_freelist: 0.
num_chunks_taken_from_freelist: 309.
num_chunk_merges: 0.
num_chunk_splits: 203.
num_chunks_enlarged: 162.
num_inconsistent_stats: 0.

CodeHeap 'non-profiled nmethods': size=120032Kb used=603Kb max_used=603Kb free=119428Kb
 bounds [0x00007f3f44ec8000, 0x00007f3f45138000, 0x00007f3f4c400000]
CodeHeap 'profiled nmethods': size=120028Kb used=2271Kb max_used=2271Kb free=117756Kb
 bounds [0x00007f3f3d400000, 0x00007f3f3d670000, 0x00007f3f44937000]
CodeHeap 'non-nmethods': size=5700Kb used=1163Kb max_used=1176Kb free=4536Kb
 bounds [0x00007f3f44937000, 0x00007f3f44ba7000, 0x00007f3f44ec8000]
 total_blobs=1720 nmethods=1271 adapters=363
 compilation: enabled
              stopped_count=0, restarted_count=0
 full_count=0

Compilation events (20 events):
Event: 2.019 Thread 0x00007f3f540aa590 nmethod 1252 0x00007f3f3d633810 code [0x00007f3f3d6339c0, 0x00007f3f3d633b30]
Event: 2.019 Thread 0x00007f3f540aa590 1255       3       java.lang.invoke.MethodType::parameterSlotCount (8 bytes)
Event: 2.019 Thread 0x00007f3f540aa590 nmethod 1255 0x00007f3f3d633c10 code [0x00007f3f3d633da0, 0x00007f3f3d633ed0]
Event: 2.020 Thread 0x00007f3f540aa590 1259       3       java.lang.invoke.InvokerBytecodeGenerator::emitLoadInsn (21 bytes)
Event: 2.020 Thread 0x00007f3f540aa590 nmethod 1259 0x00007f3f3d633f90 code [0x00007f3f3d634140, 0x00007f3f3d634390]
Event: 2.020 Thread 0x00007f3f540aa590 1260       3       java.lang.invoke.InvokerBytecodeGenerator::loadInsnOpcode (98 bytes)
Event: 2.021 Thread 0x00007f3f540aa590 nmethod 1260 0x00007f3f3d634510 code [0x00007f3f3d634780, 0x00007f3f3d635150]
Event: 2.026 Thread 0x00007f3f540aa590 1261       3       java.lang.invoke.MethodHandles$Lookup::checkAccess (232 bytes)
Event: 2.027 Thread 0x00007f3f540aa590 nmethod 1261 0x00007f3f3d635490 code [0x00007f3f3d635780, 0x00007f3f3d636770]
Event: 2.027 Thread 0x00007f3f540aa590 1262       3       sun.invoke.util.BytecodeDescriptor::unparse (24 bytes)
Event: 2.027 Thread 0x00007f3f540aa590 nmethod 1262 0x00007f3f3d636c10 code [0x00007f3f3d636de0, 0x00007f3f3d636fe0]
Event: 2.027 Thread 0x00007f3f540aa590 1263       3       java.util.ImmutableCollections$Set12$1::hasNext (13 bytes)
Event: 2.027 Thread 0x00007f3f540aa590 nmethod 1263 0x00007f3f3d637090 code [0x00007f3f3d637220, 0x00007f3f3d637370]
Event: 2.028 Thread 0x00007f3f540aa590 1264       3       java.lang.invoke.MethodHandles$Lookup::checkSymbolicClass (25 bytes)
Event: 2.028 Thread 0x00007f3f540aa590 nmethod 1264 0x00007f3f3d637410 code [0x00007f3f3d6375e0, 0x00007f3f3d637840]
Event: 2.090 Thread 0x00007f3f540aa590 1265       3       java.lang.invoke.MemberName::isCallerSensitive (8 bytes)
Event: 2.090 Thread 0x00007f3f540a9050 1267       4       jdk.internal.org.objectweb.asm.ByteVector::putShort (52 bytes)
Event: 2.091 Thread 0x00007f3f540aa590 nmethod 1265 0x00007f3f3d637990 code [0x00007f3f3d637b40, 0x00007f3f3d637d70]
Event: 2.091 Thread 0x00007f3f540a9050 nmethod 1267 0x00007f3f44f5da90 code [0x00007f3f44f5dc20, 0x00007f3f44f5dd58]
Event: 2.095 Thread 0x00007f3f540aa590 1266       1       java.lang.invoke.InfoFromMemberName::getReferenceKind (5 bytes)

GC Heap History (4 events):
Event: 0.643 GC heap before
{Heap before GC invocations=0 (full 0):
 garbage-first heap   total 65536K, used 14260K [0x00000000fc000000, 0x0000000100000000)
  region size 1024K, 13 young (13312K), 0 survivors (0K)
 Metaspace       used 1656K, committed 1792K, reserved 1114112K
  class space    used 163K, committed 192K, reserved 1048576K
}
Event: 0.652 GC heap after
{Heap after GC invocations=1 (full 0):
 garbage-first heap   total 65536K, used 1972K [0x00000000fc000000, 0x0000000100000000)
  region size 1024K, 1 young (1024K), 1 survivors (1024K)
 Metaspace       used 1656K, committed 1792K, reserved 1114112K
  class space    used 163K, committed 192K, reserved 1048576K
}
Event: 1.496 GC heap before
{Heap before GC invocations=1 (full 0):
 garbage-first heap   total 65536K, used 24500K [0x00000000fc000000, 0x0000000100000000)
  region size 1024K, 21 young (21504K), 1 survivors (1024K)
 Metaspace       used 4367K, committed 4544K, reserved 1114112K
  class space    used 556K, committed 640K, reserved 1048576K
}
Event: 1.502 GC heap after
{Heap after GC invocations=2 (full 0):
 garbage-first heap   total 65536K, used 11296K [0x00000000fc000000, 0x0000000100000000)
  region size 1024K, 3 young (3072K), 3 survivors (3072K)
 Metaspace       used 4367K, committed 4544K, reserved 1114112K
  class space    used 556K, committed 640K, reserved 1048576K
}

Dll operation events (13 events):
Event: 0.011 Loaded shared library /nix/store/5acd2i24v7b757prlvcv2n937196by6c-openjdk-headless-17.0.15+6/lib/openjdk/lib/libjava.so
Event: 0.034 Loaded shared library /nix/store/5acd2i24v7b757prlvcv2n937196by6c-openjdk-headless-17.0.15+6/lib/openjdk/lib/libjsvml.so
Event: 0.063 Loaded shared library /nix/store/5acd2i24v7b757prlvcv2n937196by6c-openjdk-headless-17.0.15+6/lib/openjdk/lib/libnio.so
Event: 0.075 Loaded shared library /nix/store/5acd2i24v7b757prlvcv2n937196by6c-openjdk-headless-17.0.15+6/lib/openjdk/lib/libzip.so
Event: 0.097 Loaded shared library /nix/store/5acd2i24v7b757prlvcv2n937196by6c-openjdk-headless-17.0.15+6/lib/openjdk/lib/libverify.so
Event: 0.406 Loaded shared library /nix/store/5acd2i24v7b757prlvcv2n937196by6c-openjdk-headless-17.0.15+6/lib/openjdk/lib/libnet.so
Event: 0.721 Loaded shared library /nix/store/5acd2i24v7b757prlvcv2n937196by6c-openjdk-headless-17.0.15+6/lib/openjdk/lib/libjimage.so
Event: 1.313 Loaded shared library /nix/store/5acd2i24v7b757prlvcv2n937196by6c-openjdk-headless-17.0.15+6/lib/openjdk/lib/libmanagement.so
Event: 1.344 Loaded shared library /nix/store/5acd2i24v7b757prlvcv2n937196by6c-openjdk-headless-17.0.15+6/lib/openjdk/lib/libmanagement_ext.so
Event: 1.483 Loaded shared library /home/runner/.gradle/native/1def1411415f61bf3af743bc5b6707747c0891f09f0c88961ee8f79bc544acac/linux-amd64/libnative-platform.so
Event: 1.559 Loading shared library /home/runner/.gradle/native/1def1411415f61bf3af743bc5b6707747c0891f09f0c88961ee8f79bc544acac/linux-amd64-ncurses5/libnative-platform-curses.so failed, libtinfo.so.5: cannot open shared object file: No such file or directory
Event: 1.562 Loading shared library /home/runner/.gradle/native/1def1411415f61bf3af743bc5b6707747c0891f09f0c88961ee8f79bc544acac/linux-amd64-ncurses6/libnative-platform-curses.so failed, libncursesw.so.6: cannot open shared object file: No such file or directory
Event: 1.788 Loaded shared library /nix/store/5acd2i24v7b757prlvcv2n937196by6c-openjdk-headless-17.0.15+6/lib/openjdk/lib/libextnet.so

Deoptimization events (20 events):
Event: 1.691 Thread 0x00007f3f540174d0 DEOPT PACKING pc=0x00007f3f44f459b0 sp=0x00007f3f5a6dd160
Event: 1.691 Thread 0x00007f3f540174d0 DEOPT UNPACKING pc=0x00007f3f44990b19 sp=0x00007f3f5a6dd118 mode 2
Event: 1.745 Thread 0x00007f3f540174d0 DEOPT PACKING pc=0x00007f3f3d59a22d sp=0x00007f3f5a6db480
Event: 1.745 Thread 0x00007f3f540174d0 DEOPT UNPACKING pc=0x00007f3f4499164f sp=0x00007f3f5a6da988 mode 0
Event: 1.783 Thread 0x00007f3f540174d0 DEOPT PACKING pc=0x00007f3f3d58853c sp=0x00007f3f5a6da190
Event: 1.783 Thread 0x00007f3f540174d0 DEOPT UNPACKING pc=0x00007f3f4499164f sp=0x00007f3f5a6d9600 mode 0
Event: 1.853 Thread 0x00007f3f540174d0 DEOPT PACKING pc=0x00007f3f3d5302d8 sp=0x00007f3f5a6dbc30
Event: 1.853 Thread 0x00007f3f540174d0 DEOPT UNPACKING pc=0x00007f3f4499164f sp=0x00007f3f5a6db168 mode 0
Event: 1.896 Thread 0x00007f3f540174d0 DEOPT PACKING pc=0x00007f3f3d58853c sp=0x00007f3f5a6db8e0
Event: 1.896 Thread 0x00007f3f540174d0 DEOPT UNPACKING pc=0x00007f3f4499164f sp=0x00007f3f5a6dad50 mode 0
Event: 1.943 Thread 0x00007f3f540174d0 DEOPT PACKING pc=0x00007f3f3d4a3ca1 sp=0x00007f3f5a6dd090
Event: 1.943 Thread 0x00007f3f540174d0 DEOPT UNPACKING pc=0x00007f3f4499164f sp=0x00007f3f5a6dc5c0 mode 0
Event: 1.969 Thread 0x00007f3f540174d0 Uncommon trap: trap_request=0xffffff45 fr.pc=0x00007f3f44f2acd4 relative=0x0000000000000494
Event: 1.969 Thread 0x00007f3f540174d0 Uncommon trap: reason=unstable_if action=reinterpret pc=0x00007f3f44f2acd4 method=java.lang.StringLatin1.replace([BCC)Ljava/lang/String; @ 19 c2
Event: 1.969 Thread 0x00007f3f540174d0 DEOPT PACKING pc=0x00007f3f44f2acd4 sp=0x00007f3f5a6dae70
Event: 1.969 Thread 0x00007f3f540174d0 DEOPT UNPACKING pc=0x00007f3f44990b19 sp=0x00007f3f5a6dae10 mode 2
Event: 1.970 Thread 0x00007f3f540174d0 Uncommon trap: trap_request=0xffffffde fr.pc=0x00007f3f44f32c44 relative=0x00000000000001a4
Event: 1.970 Thread 0x00007f3f540174d0 Uncommon trap: reason=class_check action=maybe_recompile pc=0x00007f3f44f32c44 method=java.lang.String.equals(Ljava/lang/Object;)Z @ 8 c2
Event: 1.970 Thread 0x00007f3f540174d0 DEOPT PACKING pc=0x00007f3f44f32c44 sp=0x00007f3f5a6dd7d0
Event: 1.970 Thread 0x00007f3f540174d0 DEOPT UNPACKING pc=0x00007f3f44990b19 sp=0x00007f3f5a6dd798 mode 2

Classes loaded (20 events):
Event: 2.024 Loading class java/util/concurrent/CompletableFuture$AltResult
Event: 2.024 Loading class java/util/concurrent/CompletableFuture$AltResult done
Event: 2.024 Loading class java/util/concurrent/CompletableFuture$Completion
Event: 2.024 Loading class java/util/concurrent/CompletableFuture$AsynchronousCompletionTask
Event: 2.025 Loading class java/util/concurrent/CompletableFuture$AsynchronousCompletionTask done
Event: 2.025 Loading class java/util/concurrent/CompletableFuture$Completion done
Event: 2.025 Loading class java/lang/ProcessHandleImpl$1
Event: 2.025 Loading class java/lang/ProcessHandleImpl$1 done
Event: 2.026 Loading class java/util/concurrent/CompletableFuture$UniHandle
Event: 2.027 Loading class java/util/concurrent/CompletableFuture$UniCompletion
Event: 2.028 Loading class java/util/concurrent/CompletableFuture$UniCompletion done
Event: 2.028 Loading class java/util/concurrent/CompletableFuture$UniHandle done
Event: 2.028 Loading class jdk/internal/event/ProcessStartEvent
Event: 2.029 Loading class jdk/internal/event/ProcessStartEvent done
Event: 2.086 Loading class java/util/concurrent/locks/AbstractQueuedSynchronizer$ExclusiveNode
Event: 2.086 Loading class java/util/concurrent/locks/AbstractQueuedSynchronizer$ExclusiveNode done
Event: 2.087 Loading class java/util/Scanner
Event: 2.087 Loading class java/io/FileOutputStream$1
Event: 2.087 Loading class java/io/FileOutputStream$1 done
Event: 2.089 Loading class java/util/Scanner done

Classes unloaded (0 events):
No events

Classes redefined (0 events):
No events

Internal exceptions (20 events):
Event: 1.505 Thread 0x00007f3f540174d0 Exception <a 'java/lang/NoSuchMethodError'{0x00000000ffd1c7a8}: 'void java.lang.invoke.DelegatingMethodHandle$Holder.delegate(java.lang.Object, java.lang.Object, int, java.lang.Object)'> (0x00000000ffd1c7a8) 
thrown [src/hotspot/share/interpreter/linkResolver.cpp, line 758]
Event: 1.507 Thread 0x00007f3f540174d0 Exception <a 'java/lang/NoSuchMethodError'{0x00000000ffd2fd20}: 'java.lang.Object java.lang.invoke.Invokers$Holder.invokeExact_MT(java.lang.Object, java.lang.Object, java.lang.Object, java.lang.Object)'> (0x00000000ffd2fd20) 
thrown [src/hotspot/share/interpreter/linkResolver.cpp, line 758]
Event: 1.528 Thread 0x00007f3f540174d0 Exception <a 'java/lang/NoSuchMethodError'{0x00000000ffd58038}: 'java.lang.Object java.lang.invoke.DirectMethodHandle$Holder.invokeVirtual(java.lang.Object, java.lang.Object, java.lang.Object)'> (0x00000000ffd58038) 
thrown [src/hotspot/share/interpreter/linkResolver.cpp, line 758]
Event: 1.559 Thread 0x00007f3f540174d0 Exception <a 'java/lang/UnsatisfiedLinkError'{0x00000000ffd7f148}> (0x00000000ffd7f148) 
thrown [src/hotspot/share/prims/jvm.cpp, line 3378]
Event: 1.559 Thread 0x00007f3f540174d0 Exception <a 'java/lang/UnsatisfiedLinkError'{0x00000000ffd7f148}> (0x00000000ffd7f148) 
thrown [src/hotspot/share/prims/jni.cpp, line 516]
Event: 1.562 Thread 0x00007f3f540174d0 Exception <a 'java/lang/UnsatisfiedLinkError'{0x00000000ffd807a8}> (0x00000000ffd807a8) 
thrown [src/hotspot/share/prims/jvm.cpp, line 3378]
Event: 1.562 Thread 0x00007f3f540174d0 Exception <a 'java/lang/UnsatisfiedLinkError'{0x00000000ffd807a8}> (0x00000000ffd807a8) 
thrown [src/hotspot/share/prims/jni.cpp, line 516]
Event: 1.642 Thread 0x00007f3f540174d0 Exception <a 'java/lang/NoSuchMethodError'{0x00000000ffa92cb8}: 'java.lang.Object java.lang.invoke.DirectMethodHandle$Holder.newInvokeSpecial(java.lang.Object, java.lang.Object, java.lang.Object, java.lang.Object, java.lang.Object)'> (0x00000000ffa92cb8) 
thrown [src/hotspot/share/interpreter/linkResolver.cpp, line 758]
Event: 1.658 Thread 0x00007f3f540174d0 Exception <a 'java/lang/NoSuchMethodError'{0x00000000ff989bd8}: 'void java.lang.invoke.DirectMethodHandle$Holder.invokeSpecial(java.lang.Object, java.lang.Object, java.lang.Object)'> (0x00000000ff989bd8) 
thrown [src/hotspot/share/interpreter/linkResolver.cpp, line 758]
Event: 1.682 Thread 0x00007f3f540174d0 Exception <a 'java/lang/NoSuchMethodError'{0x00000000ff856788}: 'int java.lang.invoke.DirectMethodHandle$Holder.invokeStatic(java.lang.Object)'> (0x00000000ff856788) 
thrown [src/hotspot/share/interpreter/linkResolver.cpp, line 758]
Event: 1.682 Thread 0x00007f3f540174d0 Exception <a 'java/lang/NoSuchMethodError'{0x00000000ff859ee0}: 'int java.lang.invoke.DirectMethodHandle$Holder.invokeStaticInit(java.lang.Object)'> (0x00000000ff859ee0) 
thrown [src/hotspot/share/interpreter/linkResolver.cpp, line 758]
Event: 1.794 Thread 0x00007f3f540174d0 Exception <a 'java/lang/NoSuchMethodError'{0x00000000ff7ee628}: 'void java.lang.invoke.DirectMethodHandle$Holder.invokeStatic(java.lang.Object, java.lang.Object, java.lang.Object)'> (0x00000000ff7ee628) 
thrown [src/hotspot/share/interpreter/linkResolver.cpp, line 758]
Event: 1.890 Thread 0x00007f3f540174d0 Exception <a 'java/lang/NoSuchMethodError'{0x00000000ff4a5670}: 'java.lang.Object java.lang.invoke.DirectMethodHandle$Holder.newInvokeSpecial(java.lang.Object, java.lang.Object, java.lang.Object, java.lang.Object, java.lang.Object, java.lang.Object, java.lang.Object, java.lang.Object, java.lang.Object, java.lang.Object, java.lang.Object, java.lang.Object, java.lang.Object, java.lang.Object, java.lang.Object, java.lang.Object, java.lang.Object, java.lang.Object, java.lang.Object, java.lang.Object, java.lang
Event: 1.891 Thread 0x00007f3f540174d0 Exception <a 'java/lang/NoSuchMethodError'{0x00000000ff4b1c78}: 'java.lang.Object java.lang.invoke.Invokers$Holder.linkToTargetMethod(java.lang.Object, java.lang.Object, java.lang.Object, java.lang.Object, java.lang.Object, java.lang.Object, java.lang.Object, java.lang.Object, java.lang.Object, java.lang.Object, java.lang.Object, java.lang.Object, java.lang.Object, java.lang.Object, java.lang.Object, java.lang.Object, java.lang.Object, java.lang.Object, java.lang.Object, java.lang.Object, java.lang.Object,
Event: 2.018 Thread 0x00007f3f54a9e510 Exception <a 'java/lang/NoSuchMethodError'{0x00000000fec98d80}: 'java.lang.Object java.lang.invoke.DirectMethodHandle$Holder.invokeStaticInit(java.lang.Object, java.lang.Object, long, java.lang.Object)'> (0x00000000fec98d80) 
thrown [src/hotspot/share/interpreter/linkResolver.cpp, line 758]
Event: 2.018 Thread 0x00007f3f54a9e510 Exception <a 'java/lang/NoSuchMethodError'{0x00000000fec9f518}: 'java.lang.Object java.lang.invoke.DirectMethodHandle$Holder.newInvokeSpecial(java.lang.Object, java.lang.Object, long)'> (0x00000000fec9f518) 
thrown [src/hotspot/share/interpreter/linkResolver.cpp, line 758]
Event: 2.019 Thread 0x00007f3f54a9e510 Exception <a 'java/lang/NoSuchMethodError'{0x00000000feca3808}: 'java.lang.Object java.lang.invoke.Invokers$Holder.linkToTargetMethod(java.lang.Object, long, java.lang.Object)'> (0x00000000feca3808) 
thrown [src/hotspot/share/interpreter/linkResolver.cpp, line 758]
Event: 2.020 Thread 0x00007f3f54a9e510 Exception <a 'java/lang/NoSuchMethodError'{0x00000000fecaa340}: 'java.lang.Object java.lang.invoke.DirectMethodHandle$Holder.newInvokeSpecial(java.lang.Object, java.lang.Object, java.lang.Object, int)'> (0x00000000fecaa340) 
thrown [src/hotspot/share/interpreter/linkResolver.cpp, line 758]
Event: 2.020 Thread 0x00007f3f54a9e510 Exception <a 'java/lang/NoSuchMethodError'{0x00000000fecae720}: 'java.lang.Object java.lang.invoke.DirectMethodHandle$Holder.invokeSpecial(java.lang.Object, java.lang.Object, java.lang.Object, java.lang.Object, int)'> (0x00000000fecae720) 
thrown [src/hotspot/share/interpreter/linkResolver.cpp, line 758]
Event: 2.020 Thread 0x00007f3f54a9e510 Exception <a 'java/lang/NoSuchMethodError'{0x00000000fecb22e8}: 'java.lang.Object java.lang.invoke.Invokers$Holder.linkToTargetMethod(java.lang.Object, java.lang.Object, int, java.lang.Object)'> (0x00000000fecb22e8) 
thrown [src/hotspot/share/interpreter/linkResolver.cpp, line 758]

VM Operations (14 events):
Event: 0.640 Executing VM operation: G1CollectForAllocation
Event: 0.652 Executing VM operation: G1CollectForAllocation done
Event: 1.399 Executing VM operation: HandshakeAllThreads
Event: 1.399 Executing VM operation: HandshakeAllThreads done
Event: 1.446 Executing VM operation: HandshakeAllThreads
Event: 1.446 Executing VM operation: HandshakeAllThreads done
Event: 1.447 Executing VM operation: HandshakeAllThreads
Event: 1.447 Executing VM operation: HandshakeAllThreads done
Event: 1.495 Executing VM operation: G1CollectForAllocation
Event: 1.502 Executing VM operation: G1CollectForAllocation done
Event: 1.504 Executing VM operation: HandshakeAllThreads
Event: 1.504 Executing VM operation: HandshakeAllThreads done
Event: 1.747 Executing VM operation: HandshakeAllThreads
Event: 1.747 Executing VM operation: HandshakeAllThreads done

Memory protections (17 events):
Event: 0.008 Protecting memory [0x00007f3f5a5e3000,0x00007f3f5a5e7000] with protection modes 0
Event: 0.037 Protecting memory [0x00007f3f59024000,0x00007f3f59028000] with protection modes 0
Event: 0.037 Protecting memory [0x00007f3f58f24000,0x00007f3f58f28000] with protection modes 0
Event: 0.039 Protecting memory [0x00007f3f58b39000,0x00007f3f58b3d000] with protection modes 0
Event: 0.040 Protecting memory [0x00007f3f58a39000,0x00007f3f58a3d000] with protection modes 0
Event: 0.040 Protecting memory [0x00007f3f58939000,0x00007f3f5893d000] with protection modes 0
Event: 0.040 Protecting memory [0x00007f3f58839000,0x00007f3f5883d000] with protection modes 0
Event: 0.040 Protecting memory [0x00007f3f58739000,0x00007f3f5873d000] with protection modes 0
Event: 0.040 Protecting memory [0x00007f3f58639000,0x00007f3f5863d000] with protection modes 0
Event: 0.044 Protecting memory [0x00007f3f58539000,0x00007f3f5853d000] with protection modes 0
Event: 0.048 Protecting memory [0x00007f3f58338000,0x00007f3f5833c000] with protection modes 0
Event: 0.597 Protecting memory [0x00007f3f58219000,0x00007f3f5821d000] with protection modes 0
Event: 1.589 Protecting memory [0x00007f3f58219000,0x00007f3f5821d000] with protection modes 0
Event: 1.988 Protecting memory [0x00007f3f3d300000,0x00007f3f3d304000] with protection modes 0
Event: 2.026 Protecting memory [0x00007f3f4c424000,0x00007f3f4c428000] with protection modes 0
Event: 2.030 Protecting memory [0x00007f3f3cf00000,0x00007f3f3cf04000] with protection modes 0
Event: 2.087 Protecting memory [0x00007f3f3cf00000,0x00007f3f3cf04000] with protection modes 0

Nmethod flushes (0 events):
No events

Events (19 events):
Event: 0.034 Thread 0x00007f3f540174d0 Thread added: 0x00007f3f540174d0
Event: 0.037 Thread 0x00007f3f540174d0 Thread added: 0x00007f3f5409e550
Event: 0.037 Thread 0x00007f3f540174d0 Thread added: 0x00007f3f5409f940
Event: 0.039 Thread 0x00007f3f540174d0 Thread added: 0x00007f3f540a4eb0
Event: 0.040 Thread 0x00007f3f540174d0 Thread added: 0x00007f3f540a6270
Event: 0.040 Thread 0x00007f3f540174d0 Thread added: 0x00007f3f540a7690
Event: 0.040 Thread 0x00007f3f540174d0 Thread added: 0x00007f3f540a9050
Event: 0.040 Thread 0x00007f3f540174d0 Thread added: 0x00007f3f540aa590
Event: 0.040 Thread 0x00007f3f540174d0 Thread added: 0x00007f3f540b3a00
Event: 0.044 Thread 0x00007f3f540174d0 Thread added: 0x00007f3f540bb990
Event: 0.048 Thread 0x00007f3f540174d0 Thread added: 0x00007f3f540bea50
Event: 0.597 Thread 0x00007f3f540a9050 Thread added: 0x00007f3ebc096f30
Event: 1.377 Thread 0x00007f3ebc096f30 Thread exited: 0x00007f3ebc096f30
Event: 1.589 Thread 0x00007f3f540174d0 Thread added: 0x00007f3f5497dfd0
Event: 1.988 Thread 0x00007f3f540174d0 Thread added: 0x00007f3f54a9e510
Event: 2.026 Thread 0x00007f3f54a9e510 Thread added: 0x00007f3ea0009410
Event: 2.030 Thread 0x00007f3f54a9e510 Thread added: 0x00007f3ea000b240
Event: 2.031 Thread 0x00007f3ea000b240 Thread exited: 0x00007f3ea000b240
Event: 2.087 Thread 0x00007f3f54a9e510 Thread added: 0x00007f3ea000c7e0


Dynamic libraries:
fc000000-ffe00000 rw-p 00000000 00:00 0 
ffe00000-ffe75000 rw-p 00c79000 00:54 255973                             /5acd2i24v7b757prlvcv2n937196by6c-openjdk-headless-17.0.15+6/lib/openjdk/lib/server/classes.jsa
ffe75000-fff00000 rw-p 00000000 00:00 0 
fff00000-fff78000 rw-p 00c01000 00:54 255973                             /5acd2i24v7b757prlvcv2n937196by6c-openjdk-headless-17.0.15+6/lib/openjdk/lib/server/classes.jsa
fff78000-100000000 rw-p 00000000 00:00 0 
55fd17f69000-55fd17f6a000 r--p 00000000 00:54 255845                     /5acd2i24v7b757prlvcv2n937196by6c-openjdk-headless-17.0.15+6/lib/openjdk/bin/java
55fd17f6a000-55fd17f6b000 r-xp 00001000 00:54 255845                     /5acd2i24v7b757prlvcv2n937196by6c-openjdk-headless-17.0.15+6/lib/openjdk/bin/java
55fd17f6b000-55fd17f6c000 r--p 00002000 00:54 255845                     /5acd2i24v7b757prlvcv2n937196by6c-openjdk-headless-17.0.15+6/lib/openjdk/bin/java
55fd17f6c000-55fd17f6d000 r--p 00002000 00:54 255845                     /5acd2i24v7b757prlvcv2n937196by6c-openjdk-headless-17.0.15+6/lib/openjdk/bin/java
55fd17f6d000-55fd17f6e000 rw-p 00003000 00:54 255845                     /5acd2i24v7b757prlvcv2n937196by6c-openjdk-headless-17.0.15+6/lib/openjdk/bin/java
55fd17f6e000-55fd17f6f000 rw-p 00004000 00:54 255845                     /5acd2i24v7b757prlvcv2n937196by6c-openjdk-headless-17.0.15+6/lib/openjdk/bin/java
55fd369d1000-55fd36a18000 rw-p 00000000 00:00 0                          [heap]
7f3e94000000-7f3e94021000 rw-p 00000000 00:00 0 
7f3e94021000-7f3e98000000 ---p 00000000 00:00 0 
7f3e98000000-7f3e98021000 rw-p 00000000 00:00 0 
7f3e98021000-7f3e9c000000 ---p 00000000 00:00 0 
7f3e9c000000-7f3e9c021000 rw-p 00000000 00:00 0 
7f3e9c021000-7f3ea0000000 ---p 00000000 00:00 0 
7f3ea0000000-7f3ea0021000 rw-p 00000000 00:00 0 
7f3ea0021000-7f3ea4000000 ---p 00000000 00:00 0 
7f3ea4000000-7f3ea42b9000 rw-p 00000000 00:00 0 
7f3ea42b9000-7f3ea8000000 ---p 00000000 00:00 0 
7f3ea8000000-7f3ea8021000 rw-p 00000000 00:00 0 
7f3ea8021000-7f3eac000000 ---p 00000000 00:00 0 
7f3eac000000-7f3eac021000 rw-p 00000000 00:00 0 
7f3eac021000-7f3eb0000000 ---p 00000000 00:00 0 
7f3eb0000000-7f3eb0021000 rw-p 00000000 00:00 0 
7f3eb0021000-7f3eb4000000 ---p 00000000 00:00 0 
7f3eb4000000-7f3eb4021000 rw-p 00000000 00:00 0 
7f3eb4021000-7f3eb8000000 ---p 00000000 00:00 0 
7f3eb8000000-7f3eb8021000 rw-p 00000000 00:00 0 
7f3eb8021000-7f3ebc000000 ---p 00000000 00:00 0 
7f3ebc000000-7f3ebc47f000 rw-p 00000000 00:00 0 
7f3ebc47f000-7f3ec0000000 ---p 00000000 00:00 0 
7f3ec0000000-7f3ec038e000 rw-p 00000000 00:00 0 
7f3ec038e000-7f3ec4000000 ---p 00000000 00:00 0 
7f3ec4000000-7f3ec4021000 rw-p 00000000 00:00 0 
7f3ec4021000-7f3ec8000000 ---p 00000000 00:00 0 
7f3ec8000000-7f3ec8021000 rw-p 00000000 00:00 0 
7f3ec8021000-7f3ecc000000 ---p 00000000 00:00 0 
7f3ecc000000-7f3ecc021000 rw-p 00000000 00:00 0 
7f3ecc021000-7f3ed0000000 ---p 00000000 00:00 0 
7f3ed0000000-7f3ed0021000 rw-p 00000000 00:00 0 
7f3ed0021000-7f3ed4000000 ---p 00000000 00:00 0 
7f3ed4000000-7f3ed4021000 rw-p 00000000 00:00 0 
7f3ed4021000-7f3ed8000000 ---p 00000000 00:00 0 
7f3edb000000-7f3edb340000 rw-p 00000000 00:00 0 
7f3edb340000-7f3edb400000 ---p 00000000 00:00 0 
7f3edb400000-7f3edb7b0000 rw-p 00000000 00:00 0 
7f3edb7b0000-7f3edf000000 ---p 00000000 00:00 0 
7f3edf000000-7f3edf455000 rw-p 00001000 00:54 255973                     /5acd2i24v7b757prlvcv2n937196by6c-openjdk-headless-17.0.15+6/lib/openjdk/lib/server/classes.jsa
7f3edf455000-7f3edfbc9000 rw-p 00456000 00:54 255973                     /5acd2i24v7b757prlvcv2n937196by6c-openjdk-headless-17.0.15+6/lib/openjdk/lib/server/classes.jsa
7f3edfbc9000-7f3ee0000000 ---p 00000000 00:00 0 
7f3ee0000000-7f3ee0040000 rw-p 00000000 00:00 0 
7f3ee0040000-7f3ee0080000 rw-p 00000000 00:00 0 
7f3ee0080000-7f3ee00e0000 rw-p 00000000 00:00 0 
7f3ee00e0000-7f3ee0100000 rw-p 00000000 00:00 0 
7f3ee0100000-7f3ee0130000 rw-p 00000000 00:00 0 
7f3ee0130000-7f3f20000000 ---p 00000000 00:00 0 
7f3f20000000-7f3f20021000 rw-p 00000000 00:00 0 
7f3f20021000-7f3f24000000 ---p 00000000 00:00 0 
7f3f24000000-7f3f24021000 rw-p 00000000 00:00 0 
7f3f24021000-7f3f28000000 ---p 00000000 00:00 0 
7f3f28000000-7f3f28021000 rw-p 00000000 00:00 0 
7f3f28021000-7f3f2c000000 ---p 00000000 00:00 0 
7f3f2e000000-7f3f30021000 rw-p 00000000 00:00 0 
7f3f30021000-7f3f34000000 ---p 00000000 00:00 0 
7f3f34000000-7f3f34021000 rw-p 00000000 00:00 0 
7f3f34021000-7f3f38000000 ---p 00000000 00:00 0 
7f3f38000000-7f3f38021000 rw-p 00000000 00:00 0 
7f3f38021000-7f3f3c000000 ---p 00000000 00:00 0 
7f3f3cb1e000-7f3f3cf00000 rw-p 00000000 00:00 0 
7f3f3cf00000-7f3f3cf04000 ---p 00000000 00:00 0 
7f3f3cf04000-7f3f3d000000 rw-p 00000000 00:00 0 
7f3f3d000000-7f3f3d005000 r-xp 00000000 00:4a 30937                      /home/runner/.gradle/native/1def1411415f61bf3af743bc5b6707747c0891f09f0c88961ee8f79bc544acac/linux-amd64/libnative-platform.so
7f3f3d005000-7f3f3d205000 ---p 00005000 00:4a 30937                      /home/runner/.gradle/native/1def1411415f61bf3af743bc5b6707747c0891f09f0c88961ee8f79bc544acac/linux-amd64/libnative-platform.so
7f3f3d205000-7f3f3d206000 r--p 00005000 00:4a 30937                      /home/runner/.gradle/native/1def1411415f61bf3af743bc5b6707747c0891f09f0c88961ee8f79bc544acac/linux-amd64/libnative-platform.so
7f3f3d206000-7f3f3d207000 rw-p 00006000 00:4a 30937                      /home/runner/.gradle/native/1def1411415f61bf3af743bc5b6707747c0891f09f0c88961ee8f79bc544acac/linux-amd64/libnative-platform.so
7f3f3d300000-7f3f3d304000 ---p 00000000 00:00 0 
7f3f3d304000-7f3f3d400000 rw-p 00000000 00:00 0 
7f3f3d400000-7f3f3d670000 rwxp 00000000 00:00 0 
7f3f3d670000-7f3f44937000 ---p 00000000 00:00 0 
7f3f44937000-7f3f44ba7000 rwxp 00000000 00:00 0 
7f3f44ba7000-7f3f44ec8000 ---p 00000000 00:00 0 
7f3f44ec8000-7f3f45138000 rwxp 00000000 00:00 0 
7f3f45138000-7f3f4c400000 ---p 00000000 00:00 0 
7f3f4c424000-7f3f4c428000 ---p 00000000 00:00 0 
7f3f4c428000-7f3f4c446000 rw-p 00000000 00:00 0 
7f3f4c446000-7f3f4c447000 r--p 00000000 00:54 255934                     /5acd2i24v7b757prlvcv2n937196by6c-openjdk-headless-17.0.15+6/lib/openjdk/lib/libextnet.so
7f3f4c447000-7f3f4c448000 r-xp 00001000 00:54 255934                     /5acd2i24v7b757prlvcv2n937196by6c-openjdk-headless-17.0.15+6/lib/openjdk/lib/libextnet.so
7f3f4c448000-7f3f4c449000 r--p 00002000 00:54 255934                     /5acd2i24v7b757prlvcv2n937196by6c-openjdk-headless-17.0.15+6/lib/openjdk/lib/libextnet.so
7f3f4c449000-7f3f4c44a000 r--p 00002000 00:54 255934                     /5acd2i24v7b757prlvcv2n937196by6c-openjdk-headless-17.0.15+6/lib/openjdk/lib/libextnet.so
7f3f4c44a000-7f3f4c44b000 rw-p 00003000 00:54 255934                     /5acd2i24v7b757prlvcv2n937196by6c-openjdk-headless-17.0.15+6/lib/openjdk/lib/libextnet.so
7f3f4c44b000-7f3f4c44c000 rw-p 00005000 00:54 255934                     /5acd2i24v7b757prlvcv2n937196by6c-openjdk-headless-17.0.15+6/lib/openjdk/lib/libextnet.so
7f3f4c44c000-7f3f54000000 r--s 00000000 00:54 255962                     /5acd2i24v7b757prlvcv2n937196by6c-openjdk-headless-17.0.15+6/lib/openjdk/lib/modules
7f3f54000000-7f3f54acd000 rw-p 00000000 00:00 0 
7f3f54acd000-7f3f58000000 ---p 00000000 00:00 0 
7f3f58004000-7f3f58005000 ---p 00000000 00:00 0 
7f3f58005000-7f3f58105000 rw-p 00000000 00:00 0 
7f3f58105000-7f3f58107000 r--p 00000000 00:54 255951                     /5acd2i24v7b757prlvcv2n937196by6c-openjdk-headless-17.0.15+6/lib/openjdk/lib/libmanagement_ext.so
7f3f58107000-7f3f5810a000 r-xp 00002000 00:54 255951                     /5acd2i24v7b757prlvcv2n937196by6c-openjdk-headless-17.0.15+6/lib/openjdk/lib/libmanagement_ext.so
7f3f5810a000-7f3f5810b000 r--p 00005000 00:54 255951                     /5acd2i24v7b757prlvcv2n937196by6c-openjdk-headless-17.0.15+6/lib/openjdk/lib/libmanagement_ext.so
7f3f5810b000-7f3f5810c000 r--p 00006000 00:54 255951                     /5acd2i24v7b757prlvcv2n937196by6c-openjdk-headless-17.0.15+6/lib/openjdk/lib/libmanagement_ext.so
7f3f5810c000-7f3f5810d000 rw-p 00007000 00:54 255951                     /5acd2i24v7b757prlvcv2n937196by6c-openjdk-headless-17.0.15+6/lib/openjdk/lib/libmanagement_ext.so
7f3f5810d000-7f3f5810f000 rw-p 0000a000 00:54 255951                     /5acd2i24v7b757prlvcv2n937196by6c-openjdk-headless-17.0.15+6/lib/openjdk/lib/libmanagement_ext.so
7f3f5810f000-7f3f58112000 r--p 00000000 00:54 255949                     /5acd2i24v7b757prlvcv2n937196by6c-openjdk-headless-17.0.15+6/lib/openjdk/lib/libmanagement.so
7f3f58112000-7f3f58113000 r-xp 00003000 00:54 255949                     /5acd2i24v7b757prlvcv2n937196by6c-openjdk-headless-17.0.15+6/lib/openjdk/lib/libmanagement.so
7f3f58113000-7f3f58114000 r--p 00004000 00:54 255949                     /5acd2i24v7b757prlvcv2n937196by6c-openjdk-headless-17.0.15+6/lib/openjdk/lib/libmanagement.so
7f3f58114000-7f3f58115000 r--p 00004000 00:54 255949                     /5acd2i24v7b757prlvcv2n937196by6c-openjdk-headless-17.0.15+6/lib/openjdk/lib/libmanagement.so
7f3f58115000-7f3f58116000 rw-p 00005000 00:54 255949                     /5acd2i24v7b757prlvcv2n937196by6c-openjdk-headless-17.0.15+6/lib/openjdk/lib/libmanagement.so
7f3f58116000-7f3f58118000 rw-p 00008000 00:54 255949                     /5acd2i24v7b757prlvcv2n937196by6c-openjdk-headless-17.0.15+6/lib/openjdk/lib/libmanagement.so
7f3f58118000-7f3f58119000 ---p 00000000 00:00 0 
7f3f58119000-7f3f58219000 rw-p 00000000 00:00 0 
7f3f58219000-7f3f5821d000 ---p 00000000 00:00 0 
7f3f5821d000-7f3f58319000 rw-p 00000000 00:00 0 
7f3f58319000-7f3f5831e000 r--p 00000000 00:54 255960                     /5acd2i24v7b757prlvcv2n937196by6c-openjdk-headless-17.0.15+6/lib/openjdk/lib/libverify.so
7f3f5831e000-7f3f58325000 r-xp 00005000 00:54 255960                     /5acd2i24v7b757prlvcv2n937196by6c-openjdk-headless-17.0.15+6/lib/openjdk/lib/libverify.so
7f3f58325000-7f3f58327000 r--p 0000c000 00:54 255960                     /5acd2i24v7b757prlvcv2n937196by6c-openjdk-headless-17.0.15+6/lib/openjdk/lib/libverify.so
7f3f58327000-7f3f58329000 r--p 0000d000 00:54 255960                     /5acd2i24v7b757prlvcv2n937196by6c-openjdk-headless-17.0.15+6/lib/openjdk/lib/libverify.so
7f3f58329000-7f3f5832a000 rw-p 0000f000 00:54 255960                     /5acd2i24v7b757prlvcv2n937196by6c-openjdk-headless-17.0.15+6/lib/openjdk/lib/libverify.so
7f3f5832a000-7f3f5832b000 rw-p 00011000 00:54 255960                     /5acd2i24v7b757prlvcv2n937196by6c-openjdk-headless-17.0.15+6/lib/openjdk/lib/libverify.so
7f3f5832b000-7f3f5832e000 r--p 00000000 00:54 255961                     /5acd2i24v7b757prlvcv2n937196by6c-openjdk-headless-17.0.15+6/lib/openjdk/lib/libzip.so
7f3f5832e000-7f3f58333000 r-xp 00003000 00:54 255961                     /5acd2i24v7b757prlvcv2n937196by6c-openjdk-headless-17.0.15+6/lib/openjdk/lib/libzip.so
7f3f58333000-7f3f58335000 r--p 00008000 00:54 255961                     /5acd2i24v7b757prlvcv2n937196by6c-openjdk-headless-17.0.15+6/lib/openjdk/lib/libzip.so
7f3f58335000-7f3f58336000 r--p 00009000 00:54 255961                     /5acd2i24v7b757prlvcv2n937196by6c-openjdk-headless-17.0.15+6/lib/openjdk/lib/libzip.so
7f3f58336000-7f3f58337000 rw-p 0000a000 00:54 255961                     /5acd2i24v7b757prlvcv2n937196by6c-openjdk-headless-17.0.15+6/lib/openjdk/lib/libzip.so
7f3f58337000-7f3f58338000 rw-p 0000d000 00:54 255961                     /5acd2i24v7b757prlvcv2n937196by6c-openjdk-headless-17.0.15+6/lib/openjdk/lib/libzip.so
7f3f58338000-7f3f5833c000 ---p 00000000 00:00 0 
7f3f5833c000-7f3f58438000 rw-p 00000000 00:00 0 
7f3f58438000-7f3f58439000 ---p 00000000 00:00 0 
7f3f58439000-7f3f58539000 rw-p 00000000 00:00 0 
7f3f58539000-7f3f5853d000 ---p 00000000 00:00 0 
7f3f5853d000-7f3f58639000 rw-p 00000000 00:00 0 
7f3f58639000-7f3f5863d000 ---p 00000000 00:00 0 
7f3f5863d000-7f3f58739000 rw-p 00000000 00:00 0 
7f3f58739000-7f3f5873d000 ---p 00000000 00:00 0 
7f3f5873d000-7f3f58839000 rw-p 00000000 00:00 0 
7f3f58839000-7f3f5883d000 ---p 00000000 00:00 0 
7f3f5883d000-7f3f58939000 rw-p 00000000 00:00 0 
7f3f58939000-7f3f5893d000 ---p 00000000 00:00 0 
7f3f5893d000-7f3f58a39000 rw-p 00000000 00:00 0 
7f3f58a39000-7f3f58a3d000 ---p 00000000 00:00 0 
7f3f58a3d000-7f3f58b39000 rw-p 00000000 00:00 0 
7f3f58b39000-7f3f58b3d000 ---p 00000000 00:00 0 
7f3f58b3d000-7f3f58c39000 rw-p 00000000 00:00 0 
7f3f58c39000-7f3f58f24000 r--p 00000000 00:21 714962                     /usr/lib/locale/locale-archive
7f3f58f24000-7f3f58f28000 ---p 00000000 00:00 0 
7f3f58f28000-7f3f59024000 rw-p 00000000 00:00 0 
7f3f59024000-7f3f59028000 ---p 00000000 00:00 0 
7f3f59028000-7f3f59124000 rw-p 00000000 00:00 0 
7f3f59124000-7f3f59125000 ---p 00000000 00:00 0 
7f3f59125000-7f3f59225000 rw-p 00000000 00:00 0 
7f3f59225000-7f3f5922a000 r--p 00000000 00:54 255947                     /5acd2i24v7b757prlvcv2n937196by6c-openjdk-headless-17.0.15+6/lib/openjdk/lib/libjsvml.so
7f3f5922a000-7f3f5926b000 r-xp 00005000 00:54 255947                     /5acd2i24v7b757prlvcv2n937196by6c-openjdk-headless-17.0.15+6/lib/openjdk/lib/libjsvml.so
7f3f5926b000-7f3f592f4000 r--p 00046000 00:54 255947                     /5acd2i24v7b757prlvcv2n937196by6c-openjdk-headless-17.0.15+6/lib/openjdk/lib/libjsvml.so
7f3f592f4000-7f3f592f5000 r--p 000ce000 00:54 255947                     /5acd2i24v7b757prlvcv2n937196by6c-openjdk-headless-17.0.15+6/lib/openjdk/lib/libjsvml.so
7f3f592f5000-7f3f592f6000 rw-p 000cf000 00:54 255947                     /5acd2i24v7b757prlvcv2n937196by6c-openjdk-headless-17.0.15+6/lib/openjdk/lib/libjsvml.so
7f3f592f6000-7f3f592f9000 rw-p 000d5000 00:54 255947                     /5acd2i24v7b757prlvcv2n937196by6c-openjdk-headless-17.0.15+6/lib/openjdk/lib/libjsvml.so
7f3f592f9000-7f3f59416000 rw-p 00000000 00:00 0 
7f3f59417000-7f3f5941b000 r--p 00000000 00:54 255953                     /5acd2i24v7b757prlvcv2n937196by6c-openjdk-headless-17.0.15+6/lib/openjdk/lib/libnet.so
7f3f5941b000-7f3f5942a000 r-xp 00004000 00:54 255953                     /5acd2i24v7b757prlvcv2n937196by6c-openjdk-headless-17.0.15+6/lib/openjdk/lib/libnet.so
7f3f5942a000-7f3f5942e000 r--p 00013000 00:54 255953                     /5acd2i24v7b757prlvcv2n937196by6c-openjdk-headless-17.0.15+6/lib/openjdk/lib/libnet.so
7f3f5942e000-7f3f5942f000 r--p 00016000 00:54 255953                     /5acd2i24v7b757prlvcv2n937196by6c-openjdk-headless-17.0.15+6/lib/openjdk/lib/libnet.so
7f3f5942f000-7f3f59430000 rw-p 00017000 00:54 255953                     /5acd2i24v7b757prlvcv2n937196by6c-openjdk-headless-17.0.15+6/lib/openjdk/lib/libnet.so
7f3f59430000-7f3f59432000 rw-p 0001c000 00:54 255953                     /5acd2i24v7b757prlvcv2n937196by6c-openjdk-headless-17.0.15+6/lib/openjdk/lib/libnet.so
7f3f59432000-7f3f5943a000 r--p 00000000 00:54 255954                     /5acd2i24v7b757prlvcv2n937196by6c-openjdk-headless-17.0.15+6/lib/openjdk/lib/libnio.so
7f3f5943a000-7f3f59443000 r-xp 00008000 00:54 255954                     /5acd2i24v7b757prlvcv2n937196by6c-openjdk-headless-17.0.15+6/lib/openjdk/lib/libnio.so
7f3f59443000-7f3f59447000 r--p 00011000 00:54 255954                     /5acd2i24v7b757prlvcv2n937196by6c-openjdk-headless-17.0.15+6/lib/openjdk/lib/libnio.so
7f3f59447000-7f3f59448000 r--p 00015000 00:54 255954                     /5acd2i24v7b757prlvcv2n937196by6c-openjdk-headless-17.0.15+6/lib/openjdk/lib/libnio.so
7f3f59448000-7f3f59449000 rw-p 00016000 00:54 255954                     /5acd2i24v7b757prlvcv2n937196by6c-openjdk-headless-17.0.15+6/lib/openjdk/lib/libnio.so
7f3f59449000-7f3f5944d000 rw-p 0001c000 00:54 255954                     /5acd2i24v7b757prlvcv2n937196by6c-openjdk-headless-17.0.15+6/lib/openjdk/lib/libnio.so
7f3f5944d000-7f3f5944e000 ---p 00000000 00:00 0 
7f3f5944e000-7f3f5954e000 rw-p 00000000 00:00 0 
7f3f5954e000-7f3f5954f000 ---p 00000000 00:00 0 
7f3f5954f000-7f3f5964f000 rw-p 00000000 00:00 0 
7f3f5964f000-7f3f59a53000 rw-p 00000000 00:00 0 
7f3f59a53000-7f3f59a54000 ---p 00000000 00:00 0 
7f3f59a54000-7f3f59b54000 rw-p 00000000 00:00 0 
7f3f59b54000-7f3f59b55000 ---p 00000000 00:00 0 
7f3f59b55000-7f3f59c55000 rw-p 00000000 00:00 0 
7f3f59c55000-7f3f59c56000 ---p 00000000 00:00 0 
7f3f59c56000-7f3f59d56000 rw-p 00000000 00:00 0 
7f3f59d56000-7f3f59f79000 rw-p 00000000 00:00 0 
7f3f59f79000-7f3f5a3c2000 rw-p 00000000 00:00 0 
7f3f5a3c2000-7f3f5a4a8000 ---p 00000000 00:00 0 
7f3f5a4a8000-7f3f5a4ad000 rw-p 00000000 00:00 0 
7f3f5a4ad000-7f3f5a593000 ---p 00000000 00:00 0 
7f3f5a593000-7f3f5a598000 rw-p 00000000 00:00 0 
7f3f5a598000-7f3f5a59f000 ---p 00000000 00:00 0 
7f3f5a59f000-7f3f5a5ad000 r--p 00000000 00:54 255940                     /5acd2i24v7b757prlvcv2n937196by6c-openjdk-headless-17.0.15+6/lib/openjdk/lib/libjava.so
7f3f5a5ad000-7f3f5a5c0000 r-xp 0000e000 00:54 255940                     /5acd2i24v7b757prlvcv2n937196by6c-openjdk-headless-17.0.15+6/lib/openjdk/lib/libjava.so
7f3f5a5c0000-7f3f5a5c6000 r--p 00021000 00:54 255940                     /5acd2i24v7b757prlvcv2n937196by6c-openjdk-headless-17.0.15+6/lib/openjdk/lib/libjava.so
7f3f5a5c6000-7f3f5a5c7000 r--p 00026000 00:54 255940                     /5acd2i24v7b757prlvcv2n937196by6c-openjdk-headless-17.0.15+6/lib/openjdk/lib/libjava.so
7f3f5a5c7000-7f3f5a5c8000 rw-p 00027000 00:54 255940                     /5acd2i24v7b757prlvcv2n937196by6c-openjdk-headless-17.0.15+6/lib/openjdk/lib/libjava.so
7f3f5a5c8000-7f3f5a5c9000 rw-p 00000000 00:00 0 
7f3f5a5c9000-7f3f5a5cf000 rw-p 00032000 00:54 255940                     /5acd2i24v7b757prlvcv2n937196by6c-openjdk-headless-17.0.15+6/lib/openjdk/lib/libjava.so
7f3f5a5cf000-7f3f5a5d7000 rw-s 00000000 00:45 60866                      /tmp/hsperfdata_runner/4710
7f3f5a5d7000-7f3f5a5d8000 ---p 00000000 00:00 0 
7f3f5a5d8000-7f3f5a5d9000 r--p 00000000 00:00 0 
7f3f5a5d9000-7f3f5a5da000 ---p 00000000 00:00 0 
7f3f5a5da000-7f3f5a5dc000 r--p 00000000 00:54 255944                     /5acd2i24v7b757prlvcv2n937196by6c-openjdk-headless-17.0.15+6/lib/openjdk/lib/libjimage.so
7f3f5a5dc000-7f3f5a5df000 r-xp 00002000 00:54 255944                     /5acd2i24v7b757prlvcv2n937196by6c-openjdk-headless-17.0.15+6/lib/openjdk/lib/libjimage.so
7f3f5a5df000-7f3f5a5e0000 r--p 00005000 00:54 255944                     /5acd2i24v7b757prlvcv2n937196by6c-openjdk-headless-17.0.15+6/lib/openjdk/lib/libjimage.so
7f3f5a5e0000-7f3f5a5e1000 r--p 00006000 00:54 255944                     /5acd2i24v7b757prlvcv2n937196by6c-openjdk-headless-17.0.15+6/lib/openjdk/lib/libjimage.so
7f3f5a5e1000-7f3f5a5e2000 rw-p 00007000 00:54 255944                     /5acd2i24v7b757prlvcv2n937196by6c-openjdk-headless-17.0.15+6/lib/openjdk/lib/libjimage.so
7f3f5a5e2000-7f3f5a5e3000 rw-p 0000a000 00:54 255944                     /5acd2i24v7b757prlvcv2n937196by6c-openjdk-headless-17.0.15+6/lib/openjdk/lib/libjimage.so
7f3f5a5e3000-7f3f5a5e7000 ---p 00000000 00:00 0 
7f3f5a5e7000-7f3f5a6e3000 rw-p 00000000 00:00 0 
7f3f5a6e3000-7f3f5a6e7000 r--p 00000000 00:54 256006                     /d98657x0vlbfs87rr2ngwbhl1zs46m7f-gcc-14.2.1.20250322-libgcc/lib/libgcc_s.so.1
7f3f5a6e7000-7f3f5a70b000 r-xp 00004000 00:54 256006                     /d98657x0vlbfs87rr2ngwbhl1zs46m7f-gcc-14.2.1.20250322-libgcc/lib/libgcc_s.so.1
7f3f5a70b000-7f3f5a70f000 r--p 00028000 00:54 256006                     /d98657x0vlbfs87rr2ngwbhl1zs46m7f-gcc-14.2.1.20250322-libgcc/lib/libgcc_s.so.1
7f3f5a70f000-7f3f5a710000 r--p 0002c000 00:54 256006                     /d98657x0vlbfs87rr2ngwbhl1zs46m7f-gcc-14.2.1.20250322-libgcc/lib/libgcc_s.so.1
7f3f5a710000-7f3f5a711000 rw-p 0002d000 00:54 256006                     /d98657x0vlbfs87rr2ngwbhl1zs46m7f-gcc-14.2.1.20250322-libgcc/lib/libgcc_s.so.1
7f3f5a711000-7f3f5a721000 r--p 00000000 00:54 255898                     /zdpby3l6azi78sl83cpad2qjpfj25aqx-glibc-2.40-66/lib/libm.so.6
7f3f5a721000-7f3f5a79e000 r-xp 00010000 00:54 255898                     /zdpby3l6azi78sl83cpad2qjpfj25aqx-glibc-2.40-66/lib/libm.so.6
7f3f5a79e000-7f3f5a7f8000 r--p 0008d000 00:54 255898                     /zdpby3l6azi78sl83cpad2qjpfj25aqx-glibc-2.40-66/lib/libm.so.6
7f3f5a7f8000-7f3f5a7f9000 r--p 000e7000 00:54 255898                     /zdpby3l6azi78sl83cpad2qjpfj25aqx-glibc-2.40-66/lib/libm.so.6
7f3f5a7f9000-7f3f5a7fa000 rw-p 000e8000 00:54 255898                     /zdpby3l6azi78sl83cpad2qjpfj25aqx-glibc-2.40-66/lib/libm.so.6
7f3f5a7fa000-7f3f5a89f000 r--p 00000000 00:54 255998                     /bmi5znnqk4kg2grkrhk6py0irc8phf6l-gcc-14.2.1.20250322-lib/lib/libstdc++.so.6.0.33
7f3f5a89f000-7f3f5a9cc000 r-xp 000a5000 00:54 255998                     /bmi5znnqk4kg2grkrhk6py0irc8phf6l-gcc-14.2.1.20250322-lib/lib/libstdc++.so.6.0.33
7f3f5a9cc000-7f3f5aa5a000 r--p 001d2000 00:54 255998                     /bmi5znnqk4kg2grkrhk6py0irc8phf6l-gcc-14.2.1.20250322-lib/lib/libstdc++.so.6.0.33
7f3f5aa5a000-7f3f5aa67000 r--p 00260000 00:54 255998                     /bmi5znnqk4kg2grkrhk6py0irc8phf6l-gcc-14.2.1.20250322-lib/lib/libstdc++.so.6.0.33
7f3f5aa67000-7f3f5aa68000 rw-p 0026d000 00:54 255998                     /bmi5znnqk4kg2grkrhk6py0irc8phf6l-gcc-14.2.1.20250322-lib/lib/libstdc++.so.6.0.33
7f3f5aa68000-7f3f5aa6c000 rw-p 00000000 00:00 0 
7f3f5aa6c000-7f3f5aa6d000 r--p 00000000 00:54 255917                     /zdpby3l6azi78sl83cpad2qjpfj25aqx-glibc-2.40-66/lib/librt.so.1
7f3f5aa6d000-7f3f5aa6e000 r-xp 00001000 00:54 255917                     /zdpby3l6azi78sl83cpad2qjpfj25aqx-glibc-2.40-66/lib/librt.so.1
7f3f5aa6e000-7f3f5aa6f000 r--p 00002000 00:54 255917                     /zdpby3l6azi78sl83cpad2qjpfj25aqx-glibc-2.40-66/lib/librt.so.1
7f3f5aa6f000-7f3f5aa70000 r--p 00002000 00:54 255917                     /zdpby3l6azi78sl83cpad2qjpfj25aqx-glibc-2.40-66/lib/librt.so.1
7f3f5aa70000-7f3f5aa71000 rw-p 00003000 00:54 255917                     /zdpby3l6azi78sl83cpad2qjpfj25aqx-glibc-2.40-66/lib/librt.so.1
7f3f5aa71000-7f3f5acc6000 r--p 00000000 00:54 255975                     /5acd2i24v7b757prlvcv2n937196by6c-openjdk-headless-17.0.15+6/lib/openjdk/lib/server/libjvm.so
7f3f5acc6000-7f3f5ba9e000 r-xp 00255000 00:54 255975                     /5acd2i24v7b757prlvcv2n937196by6c-openjdk-headless-17.0.15+6/lib/openjdk/lib/server/libjvm.so
7f3f5ba9e000-7f3f5bd1f000 r--p 0102d000 00:54 255975                     /5acd2i24v7b757prlvcv2n937196by6c-openjdk-headless-17.0.15+6/lib/openjdk/lib/server/libjvm.so
7f3f5bd1f000-7f3f5bdd8000 r--p 012ae000 00:54 255975                     /5acd2i24v7b757prlvcv2n937196by6c-openjdk-headless-17.0.15+6/lib/openjdk/lib/server/libjvm.so
7f3f5bdd8000-7f3f5be0d000 rw-p 01367000 00:54 255975                     /5acd2i24v7b757prlvcv2n937196by6c-openjdk-headless-17.0.15+6/lib/openjdk/lib/server/libjvm.so
7f3f5be0d000-7f3f5be67000 rw-p 00000000 00:00 0 
7f3f5be67000-7f3f5be6a000 rw-p 0177d000 00:54 255975                     /5acd2i24v7b757prlvcv2n937196by6c-openjdk-headless-17.0.15+6/lib/openjdk/lib/server/libjvm.so
7f3f5be6a000-7f3f5be6c000 rw-p 00000000 00:00 0 
7f3f5be6c000-7f3f5be94000 r--p 00000000 00:54 255891                     /zdpby3l6azi78sl83cpad2qjpfj25aqx-glibc-2.40-66/lib/libc.so.6
7f3f5be94000-7f3f5c00a000 r-xp 00028000 00:54 255891                     /zdpby3l6azi78sl83cpad2qjpfj25aqx-glibc-2.40-66/lib/libc.so.6
7f3f5c00a000-7f3f5c060000 r--p 0019e000 00:54 255891                     /zdpby3l6azi78sl83cpad2qjpfj25aqx-glibc-2.40-66/lib/libc.so.6
7f3f5c060000-7f3f5c064000 r--p 001f3000 00:54 255891                     /zdpby3l6azi78sl83cpad2qjpfj25aqx-glibc-2.40-66/lib/libc.so.6
7f3f5c064000-7f3f5c066000 rw-p 001f7000 00:54 255891                     /zdpby3l6azi78sl83cpad2qjpfj25aqx-glibc-2.40-66/lib/libc.so.6
7f3f5c066000-7f3f5c073000 rw-p 00000000 00:00 0 
7f3f5c073000-7f3f5c074000 r--p 00000000 00:54 255896                     /zdpby3l6azi78sl83cpad2qjpfj25aqx-glibc-2.40-66/lib/libdl.so.2
7f3f5c074000-7f3f5c075000 r-xp 00001000 00:54 255896                     /zdpby3l6azi78sl83cpad2qjpfj25aqx-glibc-2.40-66/lib/libdl.so.2
7f3f5c075000-7f3f5c076000 r--p 00002000 00:54 255896                     /zdpby3l6azi78sl83cpad2qjpfj25aqx-glibc-2.40-66/lib/libdl.so.2
7f3f5c076000-7f3f5c077000 r--p 00002000 00:54 255896                     /zdpby3l6azi78sl83cpad2qjpfj25aqx-glibc-2.40-66/lib/libdl.so.2
7f3f5c077000-7f3f5c078000 rw-p 00003000 00:54 255896                     /zdpby3l6azi78sl83cpad2qjpfj25aqx-glibc-2.40-66/lib/libdl.so.2
7f3f5c078000-7f3f5c079000 r--p 00000000 00:54 255913                     /zdpby3l6azi78sl83cpad2qjpfj25aqx-glibc-2.40-66/lib/libpthread.so.0
7f3f5c079000-7f3f5c07a000 r-xp 00001000 00:54 255913                     /zdpby3l6azi78sl83cpad2qjpfj25aqx-glibc-2.40-66/lib/libpthread.so.0
7f3f5c07a000-7f3f5c07b000 r--p 00002000 00:54 255913                     /zdpby3l6azi78sl83cpad2qjpfj25aqx-glibc-2.40-66/lib/libpthread.so.0
7f3f5c07b000-7f3f5c07c000 r--p 00002000 00:54 255913                     /zdpby3l6azi78sl83cpad2qjpfj25aqx-glibc-2.40-66/lib/libpthread.so.0
7f3f5c07c000-7f3f5c07d000 rw-p 00003000 00:54 255913                     /zdpby3l6azi78sl83cpad2qjpfj25aqx-glibc-2.40-66/lib/libpthread.so.0
7f3f5c07d000-7f3f5c080000 r--p 00000000 00:54 255945                     /5acd2i24v7b757prlvcv2n937196by6c-openjdk-headless-17.0.15+6/lib/openjdk/lib/libjli.so
7f3f5c080000-7f3f5c08a000 r-xp 00003000 00:54 255945                     /5acd2i24v7b757prlvcv2n937196by6c-openjdk-headless-17.0.15+6/lib/openjdk/lib/libjli.so
7f3f5c08a000-7f3f5c08d000 r--p 0000d000 00:54 255945                     /5acd2i24v7b757prlvcv2n937196by6c-openjdk-headless-17.0.15+6/lib/openjdk/lib/libjli.so
7f3f5c08d000-7f3f5c08e000 r--p 00010000 00:54 255945                     /5acd2i24v7b757prlvcv2n937196by6c-openjdk-headless-17.0.15+6/lib/openjdk/lib/libjli.so
7f3f5c08e000-7f3f5c08f000 rw-p 00011000 00:54 255945                     /5acd2i24v7b757prlvcv2n937196by6c-openjdk-headless-17.0.15+6/lib/openjdk/lib/libjli.so
7f3f5c08f000-7f3f5c090000 rw-p 00015000 00:54 255945                     /5acd2i24v7b757prlvcv2n937196by6c-openjdk-headless-17.0.15+6/lib/openjdk/lib/libjli.so
7f3f5c090000-7f3f5c092000 rw-p 00000000 00:00 0 
7f3f5c092000-7f3f5c095000 r--p 00000000 00:54 255972                     /jl19fdc7gdxqz9a1s368r9d15vpirnqy-zlib-1.3.1/lib/libz.so.1.3.1
7f3f5c095000-7f3f5c0a8000 r-xp 00003000 00:54 255972                     /jl19fdc7gdxqz9a1s368r9d15vpirnqy-zlib-1.3.1/lib/libz.so.1.3.1
7f3f5c0a8000-7f3f5c0af000 r--p 00016000 00:54 255972                     /jl19fdc7gdxqz9a1s368r9d15vpirnqy-zlib-1.3.1/lib/libz.so.1.3.1
7f3f5c0af000-7f3f5c0b0000 r--p 0001c000 00:54 255972                     /jl19fdc7gdxqz9a1s368r9d15vpirnqy-zlib-1.3.1/lib/libz.so.1.3.1
7f3f5c0b0000-7f3f5c0b1000 rw-p 0001d000 00:54 255972                     /jl19fdc7gdxqz9a1s368r9d15vpirnqy-zlib-1.3.1/lib/libz.so.1.3.1
7f3f5c0b1000-7f3f5c0b2000 r--p 00000000 00:84 1033024                    /nix/store/sj11ljhx4n79h9g0167f8lg8hp7n545m-replit_rtld_loader-1/rtld_loader.so
7f3f5c0b2000-7f3f5c0b4000 r-xp 00001000 00:84 1033024                    /nix/store/sj11ljhx4n79h9g0167f8lg8hp7n545m-replit_rtld_loader-1/rtld_loader.so
7f3f5c0b4000-7f3f5c0b5000 r--p 00003000 00:84 1033024                    /nix/store/sj11ljhx4n79h9g0167f8lg8hp7n545m-replit_rtld_loader-1/rtld_loader.so
7f3f5c0b5000-7f3f5c0b6000 r--p 00003000 00:84 1033024                    /nix/store/sj11ljhx4n79h9g0167f8lg8hp7n545m-replit_rtld_loader-1/rtld_loader.so
7f3f5c0b6000-7f3f5c0b7000 rw-p 00004000 00:84 1033024                    /nix/store/sj11ljhx4n79h9g0167f8lg8hp7n545m-replit_rtld_loader-1/rtld_loader.so
7f3f5c0b7000-7f3f5c0cf000 rw-p 00000000 00:00 0 
7f3f5c0cf000-7f3f5c0d3000 r--p 00000000 00:00 0                          [vvar]
7f3f5c0d3000-7f3f5c0d5000 r--p 00000000 00:00 0                          [vvar_vclock]
7f3f5c0d5000-7f3f5c0d7000 r-xp 00000000 00:00 0                          [vdso]
7f3f5c0d7000-7f3f5c0d8000 r--p 00000000 00:54 255885                     /zdpby3l6azi78sl83cpad2qjpfj25aqx-glibc-2.40-66/lib/ld-linux-x86-64.so.2
7f3f5c0d8000-7f3f5c102000 r-xp 00001000 00:54 255885                     /zdpby3l6azi78sl83cpad2qjpfj25aqx-glibc-2.40-66/lib/ld-linux-x86-64.so.2
7f3f5c102000-7f3f5c10d000 r--p 0002b000 00:54 255885                     /zdpby3l6azi78sl83cpad2qjpfj25aqx-glibc-2.40-66/lib/ld-linux-x86-64.so.2
7f3f5c10d000-7f3f5c10f000 r--p 00036000 00:54 255885                     /zdpby3l6azi78sl83cpad2qjpfj25aqx-glibc-2.40-66/lib/ld-linux-x86-64.so.2
7f3f5c10f000-7f3f5c111000 rw-p 00038000 00:54 255885                     /zdpby3l6azi78sl83cpad2qjpfj25aqx-glibc-2.40-66/lib/ld-linux-x86-64.so.2
7ffecd867000-7ffecd88a000 rw-p 00000000 00:00 0                          [stack]


VM Arguments:
jvm_args: -Xmx64m -Xms64m -Dorg.gradle.appname=gradlew 
java_command: /home/runner/workspace/artifacts/elan-mobile/android/gradle/wrapper/gradle-wrapper.jar assembleRelease --no-daemon --stacktrace
java_class_path (initial): /home/runner/workspace/artifacts/elan-mobile/android/gradle/wrapper/gradle-wrapper.jar
Launcher Type: SUN_STANDARD

[Global flags]
     intx CICompilerCount                          = 3                                         {product} {ergonomic}
     uint ConcGCThreads                            = 1                                         {product} {ergonomic}
     uint G1ConcRefinementThreads                  = 4                                         {product} {ergonomic}
   size_t G1HeapRegionSize                         = 1048576                                   {product} {ergonomic}
    uintx GCDrainStackTargetSize                   = 64                                        {product} {ergonomic}
   size_t InitialHeapSize                          = 67108864                                  {product} {command line}
   size_t MarkStackSize                            = 4194304                                   {product} {ergonomic}
   size_t MaxHeapSize                              = 67108864                                  {product} {command line}
   size_t MaxNewSize                               = 39845888                                  {product} {ergonomic}
   size_t MinHeapDeltaBytes                        = 1048576                                   {product} {ergonomic}
   size_t MinHeapSize                              = 67108864                                  {product} {command line}
    uintx NonNMethodCodeHeapSize                   = 5832780                                {pd product} {ergonomic}
    uintx NonProfiledCodeHeapSize                  = 122912730                              {pd product} {ergonomic}
    uintx ProfiledCodeHeapSize                     = 122912730                              {pd product} {ergonomic}
    uintx ReservedCodeCacheSize                    = 251658240                              {pd product} {ergonomic}
     bool SegmentedCodeCache                       = true                                      {product} {ergonomic}
   size_t SoftMaxHeapSize                          = 67108864                               {manageable} {ergonomic}
     bool UseCompressedClassPointers               = true                           {product lp64_product} {ergonomic}
     bool UseCompressedOops                        = true                           {product lp64_product} {ergonomic}
     bool UseG1GC                                  = true                                      {product} {ergonomic}

Logging:
Log output configuration:
 #0: stdout all=warning uptime,level,tags
 #1: stderr all=off uptime,level,tags

Environment Variables:
PATH=/nix/store/5acd2i24v7b757prlvcv2n937196by6c-openjdk-headless-17.0.15+6/bin:/home/runner/workspace/.pythonlibs/bin:/nix/store/yp3s28b4xjvcq53wapb1v7hv5hlmmmma-python-wrapped-0.1.0/bin:/nix/store/59w24ywxs5lny5n9hx2zk1g29yy49iq4-python3.13-pip-25.0.1/bin:/nix/store/zv4va3swx5qcnlmx801p63n7jx59fgpl-python3.13-poetry-2.2.1/bin:/nix/store/cl0zldpnlc6k0f4jkl41vh977y4m13bq-uv-0.9.24/bin:/nix/store/17prmkcmwjif1sbpgpfb12dn94psc4gd-npx/bin:/home/runner/workspace/.config/npm/node_global/bin:/home/runner/workspace/node_modules/.bin:/nix/store/s7awkfc4pym4zj139fsxrjs5xwf5hhnd-nodejs-24.13.0-wrapped/bin:/nix/store/1xk3mgscq548ypyrgm2n5kwdii92w9ql-bun-1.3.6/bin:/nix/store/61lr9izijvg30pcribjdxgjxvh3bysp4-pnpm-10.26.1/bin:/nix/store/23078nfww258q1vjxbmyak0svvxcvj4s-yarn-1.22.22/bin:/nix/store/8sa75mbvbn3kxicggyyjggmkigvzddks-prettier-3.6.2/bin:/nix/store/c8hr2f0b0dm685yx1dkp6bw24bpx495n-graalvm19-ce-22.3.1/bin:/nix/store/4lslm4qgsyjmpdw64w0a8q5bdmlzjvjd-apache-maven-3.8.6/bin:/nix/store/bgwr5i8jf8jpg75rr53rz3fqv5k8yrwp-postgresql-16.10/bin:/repl/ctls/bin:/nix/store/r7gvqfx5295420rcn3s375a4z9cgs8lq-pid1/bin:/nix/store/ipsw9pl73xjiasn4gid4y3x946480x6a-replit-runtime-path/bin:/usr/local/sbin:/usr/local/bin:/usr/sbin:/usr/bin:/sbin:/bin
XDG_CACHE_HOME=/home/runner/workspace/.cache
XDG_CONFIG_HOME=/home/runner/workspace/.config
DISPLAY=:0
LANG=en_US.UTF-8
TERM=dumb

Active Locale:
LC_ALL=en_US.UTF-8
LC_COLLATE=en_US.UTF-8
LC_CTYPE=en_US.UTF-8
LC_MESSAGES=en_US.UTF-8
LC_MONETARY=en_US.UTF-8
LC_NUMERIC=en_US.UTF-8
LC_TIME=en_US.UTF-8

Signal Handlers:
   SIGSEGV: crash_handler in libjvm.so, mask=11100100010111111101111111111110, flags=SA_RESTART|SA_SIGINFO, unblocked
    SIGBUS: crash_handler in libjvm.so, mask=11100100010111111101111111111110, flags=SA_RESTART|SA_SIGINFO, unblocked
    SIGFPE: crash_handler in libjvm.so, mask=11100100010111111101111111111110, flags=SA_RESTART|SA_SIGINFO, unblocked
   SIGPIPE: javaSignalHandler in libjvm.so, mask=11100100010111111101111111111110, flags=SA_RESTART|SA_SIGINFO, blocked
   SIGXFSZ: javaSignalHandler in libjvm.so, mask=11100100010111111101111111111110, flags=SA_RESTART|SA_SIGINFO, blocked
    SIGILL: crash_handler in libjvm.so, mask=11100100010111111101111111111110, flags=SA_RESTART|SA_SIGINFO, unblocked
   SIGUSR2: SR_handler in libjvm.so, mask=00000000000000000000000000000000, flags=SA_RESTART|SA_SIGINFO, blocked
    SIGHUP: UserHandler in libjvm.so, mask=11100100010111111101111111111110, flags=SA_RESTART|SA_SIGINFO, blocked
    SIGINT: UserHandler in libjvm.so, mask=11100100010111111101111111111110, flags=SA_RESTART|SA_SIGINFO, blocked
   SIGTERM: UserHandler in libjvm.so, mask=11100100010111111101111111111110, flags=SA_RESTART|SA_SIGINFO, blocked
   SIGQUIT: UserHandler in libjvm.so, mask=11100100010111111101111111111110, flags=SA_RESTART|SA_SIGINFO, blocked
   SIGTRAP: crash_handler in libjvm.so, mask=11100100010111111101111111111110, flags=SA_RESTART|SA_SIGINFO, unblocked


Periodic native trim disabled


---------------  S Y S T E M  ---------------

OS:
DISTRIB_ID=Ubuntu
DISTRIB_RELEASE=24.04
DISTRIB_CODENAME=noble
DISTRIB_DESCRIPTION="Ubuntu 24.04.4 LTS"
uname: Linux 6.18.48 #Replit-Linux SMP Fri Aug 28 06:22:54 UTC 2026 x86_64
OS uptime: 0 days 1:15 hours
libc: glibc 2.40 NPTL 2.40 
rlimit (soft/hard): STACK 8192k/infinity , CORE 0k/infinity , NPROC 31847/31847 , NOFILE 83886/83886 , AS infinity/infinity , CPU infinity/infinity , DATA infinity/infinity , FSIZE infinity/infinity , MEMLOCK 8192k/8192k
load average: 3.23 3.75 2.02

/proc/meminfo:
MemTotal:        8156440 kB
MemFree:         1433232 kB
MemAvailable:    1770944 kB
Buffers:           36116 kB
Cached:          1828428 kB
SwapCached:            0 kB
Active:           451976 kB
Inactive:        5654908 kB
Active(anon):       7280 kB
Inactive(anon):  4256256 kB
Active(file):     444696 kB
Inactive(file):  1398652 kB
Unevictable:           0 kB
Mlocked:               0 kB
SwapTotal:             0 kB
SwapFree:              0 kB
Dirty:               372 kB
Writeback:            96 kB
AnonPages:       4242256 kB
Mapped:           229572 kB
Shmem:             21396 kB
KReclaimable:          0 kB
Slab:             164552 kB
SReclaimable:          0 kB
SUnreclaim:       164552 kB
KernelStack:       10016 kB
PageTables:        95108 kB
SecPageTables:         0 kB
NFS_Unstable:          0 kB
Bounce:                0 kB
WritebackTmp:          0 kB
CommitLimit:     4078220 kB
Committed_AS:    8090872 kB
VmallocTotal:   34359738367 kB
VmallocUsed:       13060 kB
VmallocChunk:          0 kB
Percpu:             1536 kB
AnonHugePages:         0 kB
ShmemHugePages:        0 kB
ShmemPmdMapped:        0 kB
FileHugePages:         0 kB
FilePmdMapped:         0 kB
Balloon:               0 kB
HugePages_Total:       0
HugePages_Free:        0
HugePages_Rsvd:        0
HugePages_Surp:        0
Hugepagesize:       2048 kB
Hugetlb:               0 kB
DirectMap4k:       26624 kB
DirectMap2M:     6383616 kB
DirectMap1G:    12582912 kB

/sys/kernel/mm/transparent_hugepage/enabled: always madvise [never]
/sys/kernel/mm/transparent_hugepage/hpage_pmd_size: 2097152
/sys/kernel/mm/transparent_hugepage/defrag (defrag/compaction efforts parameter): always defer defer+madvise [madvise] never

Process Memory:
Virtual Size: 3249412K (peak: 3249412K)
Resident Set Size: 102448K (peak: 102448K) (anon: 78944K, file: 23504K, shmem: 0K)
Swapped out: 0K
C-Heap outstanding allocations: 31522K, retained: 6833K
glibc malloc tunables: GLIBC_TUNABLES=glibc.rtld.optional_static_tls=10000

/proc/sys/kernel/threads-max (system-wide limit on the number of threads): 63695
/proc/sys/vm/max_map_count (maximum number of memory map areas a process may have): 65530
/proc/sys/vm/swappiness (control to define how aggressively the kernel swaps out anonymous memory): 60
/proc/sys/kernel/pid_max (system-wide limit on number of process identifiers): 4194304

container information not found.
KVM virtualization detected
Steal ticks since vm start: 26
Steal ticks percentage since vm start:  0.024

CPU: total 4 (initial active 4) (4 cores per cpu, 1 threads per core) family 6 model 143 stepping 8 microcode 0x1, cx8, cmov, fxsr, mmx, 3dnowpref, sse, sse2, sse3, ssse3, sse4.1, sse4.2, popcnt, lzcnt, tsc, tscinvbit, avx, avx2, aes, erms, clmul, bmi1, bmi2, rtm, adx, avx512f, avx512dq, avx512cd, avx512bw, avx512vl, sha, fma, vzeroupper, avx512_vpopcntdq, avx512_vpclmulqdq, avx512_vaes, avx512_vnni, clflush, clflushopt, clwb, avx512_vbmi2, avx512_vbmi, hv
CPU Model and flags from /proc/cpuinfo:
model name	: Intel(R) Xeon(R) Platinum 8481C CPU @ 2.70GHz
flags		: fpu vme de pse tsc msr pae mce cx8 apic sep mtrr pge mca cmov pat pse36 clflush mmx fxsr sse sse2 ss ht syscall nx pdpe1gb rdtscp lm constant_tsc rep_good nopl xtopology nonstop_tsc cpuid tsc_known_freq pni pclmulqdq vmx ssse3 fma cx16 pcid sse4_1 sse4_2 x2apic movbe popcnt tsc_deadline_timer aes xsave avx f16c rdrand hypervisor lahf_lm abm 3dnowprefetch cpuid_fault ssbd ibrs ibpb stibp ibrs_enhanced tpr_shadow flexpriority ept vpid ept_ad fsgsbase tsc_adjust bmi1 avx2 smep bmi2 erms invpcid rtm avx512f avx512dq rdseed adx smap avx512ifma clflushopt clwb avx512cd sha_ni avx512bw avx512vl xsaveopt xsavec xgetbv1 xsaves avx_vnni avx512_bf16 arat vnmi avx512vbmi umip avx512_vbmi2 gfni vaes vpclmulqdq avx512_vnni avx512_bitalg avx512_vpopcntdq rdpid cldemote movdiri movdir64b fsrm md_clear serialize tsxldtrk avx512_fp16 arch_capabilities

Online cpus: 0-3
Offline cpus: 
BIOS frequency limitation: <Not Available>
Frequency switch latency (ns): <Not Available>
Available cpu frequencies: <Not Available>
Current governor: <Not Available>
Core performance/turbo boost: <Not Available>

Memory: 4k page, physical 8156440k(1433232k free), swap 0k(0k free)
Page Sizes: 4k

vm_info: OpenJDK 64-Bit Server VM (17.0.15+6-nixos) for linux-amd64 JRE (17.0.15+6-nixos), built on Jun 20 2025 11:18:36 by "" with gcc 14.2.1 20250322

END.
